DATASET_NAME: dataset.train.csv
ENSEMBLE: RF
NB_TREES: 10
NB_FEATURES: 152
NB_CLASSES: 2
MAX_TREE_DEPTH: 10
Format: node / node type (LN - leaf node, IN - internal node) left child / right child / feature / threshold / node_depth / majority class (starts with index 0)

[TREE 1]
NB_NODES: 969
0 IN 1 506 63 0.5 0 -1
1 IN 2 299 65 0.5 1 -1
2 IN 3 186 66 0.5 2 -1
3 IN 4 99 86 28.5 3 -1
4 IN 5 66 143 0.5 4 -1
5 IN 6 37 1 0.5 5 -1
6 IN 7 22 0 79.5 6 -1
7 IN 8 15 18 7.5 7 -1
8 IN 9 12 15 0.5 8 -1
9 IN 10 11 82 0.5 9 -1
10 LN -1 -1 -1 -1 10 0
11 LN -1 -1 -1 -1 10 0
12 IN 13 14 3 1069.5 9 -1
13 LN -1 -1 -1 -1 10 0
14 LN -1 -1 -1 -1 10 0
15 IN 16 19 134 0.5 8 -1
16 IN 17 18 144 4.5 9 -1
17 LN -1 -1 -1 -1 10 0
18 LN -1 -1 -1 -1 10 0
19 IN 20 21 91 0.5 9 -1
20 LN -1 -1 -1 -1 10 0
21 LN -1 -1 -1 -1 10 0
22 IN 23 30 109 0.5 7 -1
23 IN 24 27 87 11.5 8 -1
24 IN 25 26 150 0.5 9 -1
25 LN -1 -1 -1 -1 10 0
26 LN -1 -1 -1 -1 10 0
27 IN 28 29 40 0.5 9 -1
28 LN -1 -1 -1 -1 10 0
29 LN -1 -1 -1 -1 10 1
30 IN 31 34 18 6.5 8 -1
31 IN 32 33 85 0.5 9 -1
32 LN -1 -1 -1 -1 10 1
33 LN -1 -1 -1 -1 10 1
34 IN 35 36 93 0.5 9 -1
35 LN -1 -1 -1 -1 10 0
36 LN -1 -1 -1 -1 10 1
37 IN 38 51 144 2.5 6 -1
38 IN 39 46 24 0.5 7 -1
39 IN 40 43 134 0.5 8 -1
40 IN 41 42 18 5.5 9 -1
41 LN -1 -1 -1 -1 10 1
42 LN -1 -1 -1 -1 10 0
43 IN 44 45 105 0.5 9 -1
44 LN -1 -1 -1 -1 10 0
45 LN -1 -1 -1 -1 10 0
46 IN 47 50 137 0.5 8 -1
47 IN 48 49 17 0.5 9 -1
48 LN -1 -1 -1 -1 10 0
49 LN -1 -1 -1 -1 10 0
50 LN -1 -1 -1 -1 9 0
51 IN 52 59 22 0.5 7 -1
52 IN 53 56 28 0.5 8 -1
53 IN 54 55 40 0.5 9 -1
54 LN -1 -1 -1 -1 10 0
55 LN -1 -1 -1 -1 10 0
56 IN 57 58 100 0.5 9 -1
57 LN -1 -1 -1 -1 10 0
58 LN -1 -1 -1 -1 10 0
59 IN 60 63 134 0.5 8 -1
60 IN 61 62 18 7.5 9 -1
61 LN -1 -1 -1 -1 10 0
62 LN -1 -1 -1 -1 10 0
63 IN 64 65 89 0.5 9 -1
64 LN -1 -1 -1 -1 10 0
65 LN -1 -1 -1 -1 10 0
66 IN 67 92 33 0.5 5 -1
67 IN 68 83 77 0.5 6 -1
68 IN 69 76 1 0.5 7 -1
69 IN 70 73 118 0.5 8 -1
70 IN 71 72 18 9.5 9 -1
71 LN -1 -1 -1 -1 10 1
72 LN -1 -1 -1 -1 10 0
73 IN 74 75 85 0.5 9 -1
74 LN -1 -1 -1 -1 10 0
75 LN -1 -1 -1 -1 10 1
76 IN 77 80 15 0.5 8 -1
77 IN 78 79 121 0.5 9 -1
78 LN -1 -1 -1 -1 10 0
79 LN -1 -1 -1 -1 10 0
80 IN 81 82 102 0.5 9 -1
81 LN -1 -1 -1 -1 10 1
82 LN -1 -1 -1 -1 10 0
83 IN 84 85 3 225.0 7 -1
84 LN -1 -1 -1 -1 8 1
85 IN 86 89 144 1.5 8 -1
86 IN 87 88 14 0.5 9 -1
87 LN -1 -1 -1 -1 10 0
88 LN -1 -1 -1 -1 10 0
89 IN 90 91 100 0.5 9 -1
90 LN -1 -1 -1 -1 10 1
91 LN -1 -1 -1 -1 10 1
92 IN 93 96 91 0.5 6 -1
93 IN 94 95 150 0.5 7 -1
94 LN -1 -1 -1 -1 8 1
95 LN -1 -1 -1 -1 8 1
96 IN 97 98 87 20.0 7 -1
97 LN -1 -1 -1 -1 8 0
98 LN -1 -1 -1 -1 8 1
99 IN 100 139 138 0.5 4 -1
100 IN 101 126 54 0.5 5 -1
101 IN 102 117 34 0.5 6 -1
102 IN 103 110 1 0.5 7 -1
103 IN 104 107 96 0.5 8 -1
104 IN 105 106 81 0.5 9 -1
105 LN -1 -1 -1 -1 10 0
106 LN -1 -1 -1 -1 10 1
107 IN 108 109 148 0.5 9 -1
108 LN -1 -1 -1 -1 10 1
109 LN -1 -1 -1 -1 10 0
110 IN 111 114 97 0.5 8 -1
111 IN 112 113 122 0.5 9 -1
112 LN -1 -1 -1 -1 10 0
113 LN -1 -1 -1 -1 10 1
114 IN 115 116 28 0.5 9 -1
115 LN -1 -1 -1 -1 10 0
116 LN -1 -1 -1 -1 10 0
117 IN 118 125 9 0.5 7 -1
118 IN 119 122 18 7.5 8 -1
119 IN 120 121 53 0.5 9 -1
120 LN -1 -1 -1 -1 10 1
121 LN -1 -1 -1 -1 10 0
122 IN 123 124 0 77.0 9 -1
123 LN -1 -1 -1 -1 10 0
124 LN -1 -1 -1 -1 10 0
125 LN -1 -1 -1 -1 8 1
126 IN 127 128 0 59.5 6 -1
127 LN -1 -1 -1 -1 7 0
128 IN 129 134 130 0.5 7 -1
129 IN 130 133 114 0.5 8 -1
130 IN 131 132 86 31.5 9 -1
131 LN -1 -1 -1 -1 10 1
132 LN -1 -1 -1 -1 10 0
133 LN -1 -1 -1 -1 9 1
134 IN 135 136 150 0.5 8 -1
135 LN -1 -1 -1 -1 9 0
136 IN 137 138 151 2.5 9 -1
137 LN -1 -1 -1 -1 10 0
138 LN -1 -1 -1 -1 10 1
139 IN 140 161 77 0.5 5 -1
140 IN 141 154 59 0.5 6 -1
141 IN 142 147 110 0.5 7 -1
142 IN 143 146 45 0.5 8 -1
143 IN 144 145 131 0.5 9 -1
144 LN -1 -1 -1 -1 10 0
145 LN -1 -1 -1 -1 10 0
146 LN -1 -1 -1 -1 9 0
147 IN 148 151 114 0.5 8 -1
148 IN 149 150 18 7.5 9 -1
149 LN -1 -1 -1 -1 10 0
150 LN -1 -1 -1 -1 10 0
151 IN 152 153 22 0.5 9 -1
152 LN -1 -1 -1 -1 10 0
153 LN -1 -1 -1 -1 10 1
154 IN 155 160 21 0.5 7 -1
155 IN 156 157 41 0.5 8 -1
156 LN -1 -1 -1 -1 9 0
157 IN 158 159 122 0.5 9 -1
158 LN -1 -1 -1 -1 10 0
159 LN -1 -1 -1 -1 10 0
160 LN -1 -1 -1 -1 8 0
161 IN 162 173 1 0.5 6 -1
162 IN 163 166 86 31.5 7 -1
163 IN 164 165 35 0.5 8 -1
164 LN -1 -1 -1 -1 9 0
165 LN -1 -1 -1 -1 9 0
166 IN 167 170 17 0.5 8 -1
167 IN 168 169 101 0.5 9 -1
168 LN -1 -1 -1 -1 10 1
169 LN -1 -1 -1 -1 10 0
170 IN 171 172 69 0.5 9 -1
171 LN -1 -1 -1 -1 10 0
172 LN -1 -1 -1 -1 10 1
173 IN 174 179 111 175.5 7 -1
174 IN 175 176 48 0.5 8 -1
175 LN -1 -1 -1 -1 9 0
176 IN 177 178 122 0.5 9 -1
177 LN -1 -1 -1 -1 10 0
178 LN -1 -1 -1 -1 10 0
179 IN 180 183 110 0.5 8 -1
180 IN 181 182 86 34.5 9 -1
181 LN -1 -1 -1 -1 10 1
182 LN -1 -1 -1 -1 10 0
183 IN 184 185 135 0.5 9 -1
184 LN -1 -1 -1 -1 10 0
185 LN -1 -1 -1 -1 10 0
186 IN 187 230 151 1.5 3 -1
187 IN 188 205 137 0.5 4 -1
188 IN 189 198 1 0.5 5 -1
189 IN 190 197 27 0.5 6 -1
190 IN 191 196 90 0.5 7 -1
191 IN 192 193 72 0.5 8 -1
192 LN -1 -1 -1 -1 9 1
193 IN 194 195 48 0.5 9 -1
194 LN -1 -1 -1 -1 10 1
195 LN -1 -1 -1 -1 10 0
196 LN -1 -1 -1 -1 8 0
197 LN -1 -1 -1 -1 7 0
198 IN 199 200 3 1050.0 6 -1
199 LN -1 -1 -1 -1 7 0
200 IN 201 204 33 0.5 7 -1
201 IN 202 203 40 0.5 8 -1
202 LN -1 -1 -1 -1 9 0
203 LN -1 -1 -1 -1 9 1
204 LN -1 -1 -1 -1 8 0
205 IN 206 219 59 0.5 5 -1
206 IN 207 218 111 176.5 6 -1
207 IN 208 213 149 0.5 7 -1
208 IN 209 212 47 0.5 8 -1
209 IN 210 211 18 7.5 9 -1
210 LN -1 -1 -1 -1 10 1
211 LN -1 -1 -1 -1 10 1
212 LN -1 -1 -1 -1 9 1
213 IN 214 215 105 0.5 8 -1
214 LN -1 -1 -1 -1 9 0
215 IN 216 217 21 0.5 9 -1
216 LN -1 -1 -1 -1 10 1
217 LN -1 -1 -1 -1 10 1
218 LN -1 -1 -1 -1 7 0
219 IN 220 227 97 0.5 6 -1
220 IN 221 222 3 -4.9998655e6 7 -1
221 LN -1 -1 -1 -1 8 1
222 IN 223 226 110 0.5 8 -1
223 IN 224 225 40 0.5 9 -1
224 LN -1 -1 -1 -1 10 1
225 LN -1 -1 -1 -1 10 1
226 LN -1 -1 -1 -1 9 1
227 IN 228 229 47 0.5 7 -1
228 LN -1 -1 -1 -1 8 0
229 LN -1 -1 -1 -1 8 1
230 IN 231 264 3 1249.5 4 -1
231 IN 232 253 143 0.5 5 -1
232 IN 233 242 129 0.5 6 -1
233 IN 234 241 114 0.5 7 -1
234 IN 235 238 51 0.5 8 -1
235 IN 236 237 96 0.5 9 -1
236 LN -1 -1 -1 -1 10 1
237 LN -1 -1 -1 -1 10 1
238 IN 239 240 122 0.5 9 -1
239 LN -1 -1 -1 -1 10 0
240 LN -1 -1 -1 -1 10 0
241 LN -1 -1 -1 -1 8 0
242 IN 243 246 48 0.5 7 -1
243 IN 244 245 15 0.5 8 -1
244 LN -1 -1 -1 -1 9 1
245 LN -1 -1 -1 -1 9 1
246 IN 247 250 123 0.5 8 -1
247 IN 248 249 1 0.5 9 -1
248 LN -1 -1 -1 -1 10 1
249 LN -1 -1 -1 -1 10 0
250 IN 251 252 144 23.0 9 -1
251 LN -1 -1 -1 -1 10 0
252 LN -1 -1 -1 -1 10 1
253 IN 254 261 86 34.5 6 -1
254 IN 255 260 130 0.5 7 -1
255 IN 256 259 78 0.5 8 -1
256 IN 257 258 0 65.0 9 -1
257 LN -1 -1 -1 -1 10 1
258 LN -1 -1 -1 -1 10 0
259 LN -1 -1 -1 -1 9 1
260 LN -1 -1 -1 -1 8 1
261 IN 262 263 1 0.5 7 -1
262 LN -1 -1 -1 -1 8 1
263 LN -1 -1 -1 -1 8 1
264 IN 265 284 2 0.5 5 -1
265 IN 266 279 42 0.5 6 -1
266 IN 267 272 27 0.5 7 -1
267 IN 268 271 122 0.5 8 -1
268 IN 269 270 54 0.5 9 -1
269 LN -1 -1 -1 -1 10 0
270 LN -1 -1 -1 -1 10 0
271 LN -1 -1 -1 -1 9 0
272 IN 273 276 54 0.5 8 -1
273 IN 274 275 45 0.5 9 -1
274 LN -1 -1 -1 -1 10 1
275 LN -1 -1 -1 -1 10 0
276 IN 277 278 129 0.5 9 -1
277 LN -1 -1 -1 -1 10 0
278 LN -1 -1 -1 -1 10 1
279 IN 280 281 21 0.5 7 -1
280 LN -1 -1 -1 -1 8 0
281 IN 282 283 87 23.0 8 -1
282 LN -1 -1 -1 -1 9 1
283 LN -1 -1 -1 -1 9 0
284 IN 285 298 144 28.5 6 -1
285 IN 286 293 106 0.5 7 -1
286 IN 287 290 144 3.5 8 -1
287 IN 288 289 35 0.5 9 -1
288 LN -1 -1 -1 -1 10 1
289 LN -1 -1 -1 -1 10 0
290 IN 291 292 138 0.5 9 -1
291 LN -1 -1 -1 -1 10 1
292 LN -1 -1 -1 -1 10 0
293 IN 294 297 149 0.5 8 -1
294 IN 295 296 52 0.5 9 -1
295 LN -1 -1 -1 -1 10 1
296 LN -1 -1 -1 -1 10 0
297 LN -1 -1 -1 -1 9 1
298 LN -1 -1 -1 -1 7 0
299 IN 300 419 93 0.5 2 -1
300 IN 301 364 27 0.5 3 -1
301 IN 302 351 80 0.5 4 -1
302 IN 303 328 102 0.5 5 -1
303 IN 304 319 51 0.5 6 -1
304 IN 305 312 78 0.5 7 -1
305 IN 306 309 1 0.5 8 -1
306 IN 307 308 3 516.0 9 -1
307 LN -1 -1 -1 -1 10 1
308 LN -1 -1 -1 -1 10 0
309 IN 310 311 18 7.5 9 -1
310 LN -1 -1 -1 -1 10 0
311 LN -1 -1 -1 -1 10 0
312 IN 313 316 122 0.5 8 -1
313 IN 314 315 30 0.5 9 -1
314 LN -1 -1 -1 -1 10 1
315 LN -1 -1 -1 -1 10 1
316 IN 317 318 40 0.5 9 -1
317 LN -1 -1 -1 -1 10 1
318 LN -1 -1 -1 -1 10 0
319 IN 320 321 0 51.5 7 -1
320 LN -1 -1 -1 -1 8 1
321 IN 322 325 48 0.5 8 -1
322 IN 323 324 86 12.5 9 -1
323 LN -1 -1 -1 -1 10 1
324 LN -1 -1 -1 -1 10 1
325 IN 326 327 92 0.5 9 -1
326 LN -1 -1 -1 -1 10 0
327 LN -1 -1 -1 -1 10 0
328 IN 329 338 18 4.5 6 -1
329 IN 330 331 109 0.5 7 -1
330 LN -1 -1 -1 -1 8 1
331 IN 332 335 97 0.5 8 -1
332 IN 333 334 60 0.5 9 -1
333 LN -1 -1 -1 -1 10 1
334 LN -1 -1 -1 -1 10 1
335 IN 336 337 137 0.5 9 -1
336 LN -1 -1 -1 -1 10 0
337 LN -1 -1 -1 -1 10 1
338 IN 339 344 137 0.5 7 -1
339 IN 340 343 9 0.5 8 -1
340 IN 341 342 117 0.5 9 -1
341 LN -1 -1 -1 -1 10 0
342 LN -1 -1 -1 -1 10 0
343 LN -1 -1 -1 -1 9 1
344 IN 345 348 144 1.5 8 -1
345 IN 346 347 87 21.5 9 -1
346 LN -1 -1 -1 -1 10 0
347 LN -1 -1 -1 -1 10 0
348 IN 349 350 142 0.5 9 -1
349 LN -1 -1 -1 -1 10 0
350 LN -1 -1 -1 -1 10 0
351 IN 352 363 41 0.5 5 -1
352 IN 353 362 1 0.5 6 -1
353 IN 354 361 86 25.5 7 -1
354 IN 355 358 35 0.5 8 -1
355 IN 356 357 102 0.5 9 -1
356 LN -1 -1 -1 -1 10 1
357 LN -1 -1 -1 -1 10 0
358 IN 359 360 96 0.5 9 -1
359 LN -1 -1 -1 -1 10 0
360 LN -1 -1 -1 -1 10 1
361 LN -1 -1 -1 -1 8 0
362 LN -1 -1 -1 -1 7 0
363 LN -1 -1 -1 -1 6 1
364 IN 365 390 1 0.5 4 -1
365 IN 366 387 125 0.5 5 -1
366 IN 367 380 39 0.5 6 -1
367 IN 368 373 87 12.5 7 -1
368 IN 369 372 84 0.5 8 -1
369 IN 370 371 144 12.0 9 -1
370 LN -1 -1 -1 -1 10 1
371 LN -1 -1 -1 -1 10 1
372 LN -1 -1 -1 -1 9 1
373 IN 374 377 111 159.5 8 -1
374 IN 375 376 15 0.5 9 -1
375 LN -1 -1 -1 -1 10 1
376 LN -1 -1 -1 -1 10 1
377 IN 378 379 131 0.5 9 -1
378 LN -1 -1 -1 -1 10 1
379 LN -1 -1 -1 -1 10 1
380 IN 381 386 23 0.5 7 -1
381 IN 382 383 0 52.5 8 -1
382 LN -1 -1 -1 -1 9 0
383 IN 384 385 106 0.5 9 -1
384 LN -1 -1 -1 -1 10 1
385 LN -1 -1 -1 -1 10 0
386 LN -1 -1 -1 -1 8 0
387 IN 388 389 129 0.5 6 -1
388 LN -1 -1 -1 -1 7 1
389 LN -1 -1 -1 -1 7 1
390 IN 391 408 111 173.5 5 -1
391 IN 392 403 144 20.0 6 -1
392 IN 393 398 151 2.5 7 -1
393 IN 394 395 105 0.5 8 -1
394 LN -1 -1 -1 -1 9 0
395 IN 396 397 0 61.0 9 -1
396 LN -1 -1 -1 -1 10 0
397 LN -1 -1 -1 -1 10 1
398 IN 399 402 22 0.5 8 -1
399 IN 400 401 85 0.5 9 -1
400 LN -1 -1 -1 -1 10 1
401 LN -1 -1 -1 -1 10 1
402 LN -1 -1 -1 -1 9 1
403 IN 404 407 151 2.5 7 -1
404 IN 405 406 110 0.5 8 -1
405 LN -1 -1 -1 -1 9 1
406 LN -1 -1 -1 -1 9 1
407 LN -1 -1 -1 -1 8 1
408 IN 409 418 138 0.5 6 -1
409 IN 410 417 141 0.5 7 -1
410 IN 411 414 111 175.5 8 -1
411 IN 412 413 86 17.5 9 -1
412 LN -1 -1 -1 -1 10 0
413 LN -1 -1 -1 -1 10 0
414 IN 415 416 47 0.5 9 -1
415 LN -1 -1 -1 -1 10 1
416 LN -1 -1 -1 -1 10 1
417 LN -1 -1 -1 -1 8 0
418 LN -1 -1 -1 -1 7 0
419 IN 420 453 137 0.5 3 -1
420 IN 421 444 57 0.5 4 -1
421 IN 422 429 86 15.5 5 -1
422 IN 423 426 86 14.0 6 -1
423 IN 424 425 110 0.5 7 -1
424 LN -1 -1 -1 -1 8 0
425 LN -1 -1 -1 -1 8 1
426 IN 427 428 6 0.5 7 -1
427 LN -1 -1 -1 -1 8 0
428 LN -1 -1 -1 -1 8 0
429 IN 430 437 2 0.5 6 -1
430 IN 431 432 144 7.0 7 -1
431 LN -1 -1 -1 -1 8 0
432 IN 433 436 135 0.5 8 -1
433 IN 434 435 29 0.5 9 -1
434 LN -1 -1 -1 -1 10 1
435 LN -1 -1 -1 -1 10 0
436 LN -1 -1 -1 -1 9 0
437 IN 438 443 33 0.5 7 -1
438 IN 439 440 129 0.5 8 -1
439 LN -1 -1 -1 -1 9 1
440 IN 441 442 35 0.5 9 -1
441 LN -1 -1 -1 -1 10 1
442 LN -1 -1 -1 -1 10 1
443 LN -1 -1 -1 -1 8 1
444 IN 445 452 125 0.5 5 -1
445 IN 446 451 72 0.5 6 -1
446 IN 447 450 3 4207.5 7 -1
447 IN 448 449 111 151.5 8 -1
448 LN -1 -1 -1 -1 9 1
449 LN -1 -1 -1 -1 9 0
450 LN -1 -1 -1 -1 8 1
451 LN -1 -1 -1 -1 7 1
452 LN -1 -1 -1 -1 6 1
453 IN 454 493 118 0.5 4 -1
454 IN 455 476 21 0.5 5 -1
455 IN 456 467 1 0.5 6 -1
456 IN 457 464 131 0.5 7 -1
457 IN 458 461 47 0.5 8 -1
458 IN 459 460 106 0.5 9 -1
459 LN -1 -1 -1 -1 10 1
460 LN -1 -1 -1 -1 10 0
461 IN 462 463 128 0.5 9 -1
462 LN -1 -1 -1 -1 10 1
463 LN -1 -1 -1 -1 10 0
464 IN 465 466 142 0.5 8 -1
465 LN -1 -1 -1 -1 9 1
466 LN -1 -1 -1 -1 9 1
467 IN 468 475 141 0.5 7 -1
468 IN 469 472 123 0.5 8 -1
469 IN 470 471 86 11.5 9 -1
470 LN -1 -1 -1 -1 10 1
471 LN -1 -1 -1 -1 10 0
472 IN 473 474 150 0.5 9 -1
473 LN -1 -1 -1 -1 10 1
474 LN -1 -1 -1 -1 10 0
475 LN -1 -1 -1 -1 8 0
476 IN 477 486 111 161.5 6 -1
477 IN 478 485 53 0.5 7 -1
478 IN 479 482 59 0.5 8 -1
479 IN 480 481 86 31.5 9 -1
480 LN -1 -1 -1 -1 10 1
481 LN -1 -1 -1 -1 10 1
482 IN 483 484 3 1400.0 9 -1
483 LN -1 -1 -1 -1 10 0
484 LN -1 -1 -1 -1 10 1
485 LN -1 -1 -1 -1 8 1
486 IN 487 492 102 0.5 7 -1
487 IN 488 491 10 0.5 8 -1
488 IN 489 490 59 0.5 9 -1
489 LN -1 -1 -1 -1 10 1
490 LN -1 -1 -1 -1 10 1
491 LN -1 -1 -1 -1 9 1
492 LN -1 -1 -1 -1 8 0
493 IN 494 505 39 0.5 5 -1
494 IN 495 502 129 0.5 6 -1
495 IN 496 497 6 0.5 7 -1
496 LN -1 -1 -1 -1 8 1
497 IN 498 501 42 0.5 8 -1
498 IN 499 500 51 0.5 9 -1
499 LN -1 -1 -1 -1 10 1
500 LN -1 -1 -1 -1 10 1
501 LN -1 -1 -1 -1 9 1
502 IN 503 504 21 0.5 7 -1
503 LN -1 -1 -1 -1 8 1
504 LN -1 -1 -1 -1 8 1
505 LN -1 -1 -1 -1 6 1
506 IN 507 742 137 0.5 1 -1
507 IN 508 661 0 74.5 2 -1
508 IN 509 564 102 0.5 3 -1
509 IN 510 547 22 0.5 4 -1
510 IN 511 526 6 0.5 5 -1
511 IN 512 525 72 0.5 6 -1
512 IN 513 518 0 56.5 7 -1
513 IN 514 517 100 0.5 8 -1
514 IN 515 516 15 0.5 9 -1
515 LN -1 -1 -1 -1 10 0
516 LN -1 -1 -1 -1 10 1
517 LN -1 -1 -1 -1 9 1
518 IN 519 522 130 0.5 8 -1
519 IN 520 521 36 0.5 9 -1
520 LN -1 -1 -1 -1 10 0
521 LN -1 -1 -1 -1 10 0
522 IN 523 524 111 167.5 9 -1
523 LN -1 -1 -1 -1 10 1
524 LN -1 -1 -1 -1 10 0
525 LN -1 -1 -1 -1 7 1
526 IN 527 534 86 15.5 6 -1
527 IN 528 533 144 7.0 7 -1
528 IN 529 530 39 0.5 8 -1
529 LN -1 -1 -1 -1 9 1
530 IN 531 532 111 177.0 9 -1
531 LN -1 -1 -1 -1 10 0
532 LN -1 -1 -1 -1 10 0
533 LN -1 -1 -1 -1 8 0
534 IN 535 542 96 0.5 7 -1
535 IN 536 539 28 0.5 8 -1
536 IN 537 538 116 0.5 9 -1
537 LN -1 -1 -1 -1 10 0
538 LN -1 -1 -1 -1 10 0
539 IN 540 541 70 0.5 9 -1
540 LN -1 -1 -1 -1 10 0
541 LN -1 -1 -1 -1 10 1
542 IN 543 544 86 17.5 8 -1
543 LN -1 -1 -1 -1 9 0
544 IN 545 546 15 0.5 9 -1
545 LN -1 -1 -1 -1 10 0
546 LN -1 -1 -1 -1 10 0
547 IN 548 563 18 8.5 5 -1
548 IN 549 550 144 2.5 6 -1
549 LN -1 -1 -1 -1 7 0
550 IN 551 558 83 0.5 7 -1
551 IN 552 555 148 0.5 8 -1
552 IN 553 554 151 1.5 9 -1
553 LN -1 -1 -1 -1 10 0
554 LN -1 -1 -1 -1 10 0
555 IN 556 557 105 0.5 9 -1
556 LN -1 -1 -1 -1 10 0
557 LN -1 -1 -1 -1 10 0
558 IN 559 562 27 0.5 8 -1
559 IN 560 561 121 0.5 9 -1
560 LN -1 -1 -1 -1 10 0
561 LN -1 -1 -1 -1 10 0
562 LN -1 -1 -1 -1 9 0
563 LN -1 -1 -1 -1 6 0
564 IN 565 614 22 0.5 4 -1
565 IN 566 595 14 0.5 5 -1
566 IN 567 580 75 0.5 6 -1
567 IN 568 575 23 0.5 7 -1
568 IN 569 572 86 16.5 8 -1
569 IN 570 571 18 8.5 9 -1
570 LN -1 -1 -1 -1 10 0
571 LN -1 -1 -1 -1 10 0
572 IN 573 574 78 0.5 9 -1
573 LN -1 -1 -1 -1 10 0
574 LN -1 -1 -1 -1 10 1
575 IN 576 579 41 0.5 8 -1
576 IN 577 578 144 1.5 9 -1
577 LN -1 -1 -1 -1 10 0
578 LN -1 -1 -1 -1 10 0
579 LN -1 -1 -1 -1 9 0
580 IN 581 588 82 0.5 7 -1
581 IN 582 585 151 1.5 8 -1
582 IN 583 584 0 66.5 9 -1
583 LN -1 -1 -1 -1 10 0
584 LN -1 -1 -1 -1 10 0
585 IN 586 587 144 7.5 9 -1
586 LN -1 -1 -1 -1 10 0
587 LN -1 -1 -1 -1 10 0
588 IN 589 592 97 0.5 8 -1
589 IN 590 591 30 0.5 9 -1
590 LN -1 -1 -1 -1 10 0
591 LN -1 -1 -1 -1 10 0
592 IN 593 594 69 0.5 9 -1
593 LN -1 -1 -1 -1 10 0
594 LN -1 -1 -1 -1 10 0
595 IN 596 609 122 0.5 6 -1
596 IN 597 602 85 0.5 7 -1
597 IN 598 599 36 0.5 8 -1
598 LN -1 -1 -1 -1 9 0
599 IN 600 601 45 0.5 9 -1
600 LN -1 -1 -1 -1 10 0
601 LN -1 -1 -1 -1 10 0
602 IN 603 606 18 9.5 8 -1
603 IN 604 605 116 0.5 9 -1
604 LN -1 -1 -1 -1 10 1
605 LN -1 -1 -1 -1 10 0
606 IN 607 608 89 0.5 9 -1
607 LN -1 -1 -1 -1 10 0
608 LN -1 -1 -1 -1 10 1
609 IN 610 611 109 0.5 7 -1
610 LN -1 -1 -1 -1 8 0
611 IN 612 613 7 0.5 8 -1
612 LN -1 -1 -1 -1 9 0
613 LN -1 -1 -1 -1 9 0
614 IN 615 640 111 169.5 5 -1
615 IN 616 629 45 0.5 6 -1
616 IN 617 622 87 19.5 7 -1
617 IN 618 619 0 51.5 8 -1
618 LN -1 -1 -1 -1 9 1
619 IN 620 621 144 1.5 9 -1
620 LN -1 -1 -1 -1 10 0
621 LN -1 -1 -1 -1 10 0
622 IN 623 626 96 0.5 8 -1
623 IN 624 625 87 23.5 9 -1
624 LN -1 -1 -1 -1 10 0
625 LN -1 -1 -1 -1 10 0
626 IN 627 628 47 0.5 9 -1
627 LN -1 -1 -1 -1 10 0
628 LN -1 -1 -1 -1 10 0
629 IN 630 637 122 0.5 7 -1
630 IN 631 634 16 0.5 8 -1
631 IN 632 633 128 0.5 9 -1
632 LN -1 -1 -1 -1 10 0
633 LN -1 -1 -1 -1 10 0
634 IN 635 636 114 0.5 9 -1
635 LN -1 -1 -1 -1 10 1
636 LN -1 -1 -1 -1 10 1
637 IN 638 639 18 7.5 8 -1
638 LN -1 -1 -1 -1 9 0
639 LN -1 -1 -1 -1 9 0
640 IN 641 650 18 7.5 6 -1
641 IN 642 649 53 0.5 7 -1
642 IN 643 646 149 0.5 8 -1
643 IN 644 645 54 0.5 9 -1
644 LN -1 -1 -1 -1 10 0
645 LN -1 -1 -1 -1 10 0
646 IN 647 648 30 0.5 9 -1
647 LN -1 -1 -1 -1 10 0
648 LN -1 -1 -1 -1 10 1
649 LN -1 -1 -1 -1 8 0
650 IN 651 656 80 0.5 7 -1
651 IN 652 655 151 3.5 8 -1
652 IN 653 654 130 0.5 9 -1
653 LN -1 -1 -1 -1 10 0
654 LN -1 -1 -1 -1 10 0
655 LN -1 -1 -1 -1 9 0
656 IN 657 658 39 0.5 8 -1
657 LN -1 -1 -1 -1 9 0
658 IN 659 660 3 880.0 9 -1
659 LN -1 -1 -1 -1 10 0
660 LN -1 -1 -1 -1 10 0
661 IN 662 693 2 0.5 3 -1
662 IN 663 678 51 0.5 4 -1
663 IN 664 675 111 187.0 5 -1
664 IN 665 674 41 0.5 6 -1
665 IN 666 673 42 0.5 7 -1
666 IN 667 670 77 0.5 8 -1
667 IN 668 669 46 0.5 9 -1
668 LN -1 -1 -1 -1 10 0
669 LN -1 -1 -1 -1 10 0
670 IN 671 672 87 15.5 9 -1
671 LN -1 -1 -1 -1 10 0
672 LN -1 -1 -1 -1 10 0
673 LN -1 -1 -1 -1 8 0
674 LN -1 -1 -1 -1 7 0
675 IN 676 677 30 0.5 6 -1
676 LN -1 -1 -1 -1 7 1
677 LN -1 -1 -1 -1 7 0
678 IN 679 690 90 0.5 5 -1
679 IN 680 689 0 81.0 6 -1
680 IN 681 684 105 0.5 7 -1
681 IN 682 683 87 17.5 8 -1
682 LN -1 -1 -1 -1 9 1
683 LN -1 -1 -1 -1 9 0
684 IN 685 686 134 0.5 8 -1
685 LN -1 -1 -1 -1 9 1
686 IN 687 688 22 0.5 9 -1
687 LN -1 -1 -1 -1 10 1
688 LN -1 -1 -1 -1 10 1
689 LN -1 -1 -1 -1 7 0
690 IN 691 692 45 0.5 6 -1
691 LN -1 -1 -1 -1 7 0
692 LN -1 -1 -1 -1 7 0
693 IN 694 705 86 14.0 4 -1
694 IN 695 704 16 0.5 5 -1
695 IN 696 701 101 0.5 6 -1
696 IN 697 700 144 9.0 7 -1
697 IN 698 699 3 -4.999995e6 8 -1
698 LN -1 -1 -1 -1 9 1
699 LN -1 -1 -1 -1 9 0
700 LN -1 -1 -1 -1 8 0
701 IN 702 703 147 0.5 7 -1
702 LN -1 -1 -1 -1 8 0
703 LN -1 -1 -1 -1 8 1
704 LN -1 -1 -1 -1 6 0
705 IN 706 731 151 4.5 5 -1
706 IN 707 716 106 0.5 6 -1
707 IN 708 715 53 0.5 7 -1
708 IN 709 712 122 0.5 8 -1
709 IN 710 711 29 0.5 9 -1
710 LN -1 -1 -1 -1 10 0
711 LN -1 -1 -1 -1 10 0
712 IN 713 714 109 0.5 9 -1
713 LN -1 -1 -1 -1 10 0
714 LN -1 -1 -1 -1 10 0
715 LN -1 -1 -1 -1 8 0
716 IN 717 724 18 7.5 7 -1
717 IN 718 721 150 0.5 8 -1
718 IN 719 720 40 0.5 9 -1
719 LN -1 -1 -1 -1 10 1
720 LN -1 -1 -1 -1 10 0
721 IN 722 723 123 0.5 9 -1
722 LN -1 -1 -1 -1 10 1
723 LN -1 -1 -1 -1 10 0
724 IN 725 728 121 0.5 8 -1
725 IN 726 727 111 164.5 9 -1
726 LN -1 -1 -1 -1 10 0
727 LN -1 -1 -1 -1 10 0
728 IN 729 730 147 0.5 9 -1
729 LN -1 -1 -1 -1 10 1
730 LN -1 -1 -1 -1 10 0
731 IN 732 735 0 76.5 6 -1
732 IN 733 734 6 0.5 7 -1
733 LN -1 -1 -1 -1 8 0
734 LN -1 -1 -1 -1 8 1
735 IN 736 737 18 7.5 7 -1
736 LN -1 -1 -1 -1 8 0
737 IN 738 741 101 0.5 8 -1
738 IN 739 740 144 10.0 9 -1
739 LN -1 -1 -1 -1 10 0
740 LN -1 -1 -1 -1 10 0
741 LN -1 -1 -1 -1 9 0
742 IN 743 824 86 15.5 2 -1
743 IN 744 791 28 0.5 3 -1
744 IN 745 774 51 0.5 4 -1
745 IN 746 757 58 0.5 5 -1
746 IN 747 756 78 0.5 6 -1
747 IN 748 755 11 0.5 7 -1
748 IN 749 752 0 53.5 8 -1
749 IN 750 751 123 0.5 9 -1
750 LN -1 -1 -1 -1 10 0
751 LN -1 -1 -1 -1 10 0
752 IN 753 754 87 12.5 9 -1
753 LN -1 -1 -1 -1 10 0
754 LN -1 -1 -1 -1 10 0
755 LN -1 -1 -1 -1 8 1
756 LN -1 -1 -1 -1 7 1
757 IN 758 767 54 0.5 6 -1
758 IN 759 766 41 0.5 7 -1
759 IN 760 763 52 0.5 8 -1
760 IN 761 762 75 0.5 9 -1
761 LN -1 -1 -1 -1 10 0
762 LN -1 -1 -1 -1 10 0
763 IN 764 765 15 0.5 9 -1
764 LN -1 -1 -1 -1 10 0
765 LN -1 -1 -1 -1 10 0
766 LN -1 -1 -1 -1 8 0
767 IN 768 773 10 0.5 7 -1
768 IN 769 772 111 182.5 8 -1
769 IN 770 771 22 0.5 9 -1
770 LN -1 -1 -1 -1 10 0
771 LN -1 -1 -1 -1 10 0
772 LN -1 -1 -1 -1 9 1
773 LN -1 -1 -1 -1 8 1
774 IN 775 790 35 0.5 5 -1
775 IN 776 783 76 0.5 6 -1
776 IN 777 780 97 0.5 7 -1
777 IN 778 779 147 0.5 8 -1
778 LN -1 -1 -1 -1 9 1
779 LN -1 -1 -1 -1 9 1
780 IN 781 782 87 12.5 8 -1
781 LN -1 -1 -1 -1 9 1
782 LN -1 -1 -1 -1 9 0
783 IN 784 789 128 0.5 7 -1
784 IN 785 788 124 0.5 8 -1
785 IN 786 787 6 0.5 9 -1
786 LN -1 -1 -1 -1 10 0
787 LN -1 -1 -1 -1 10 0
788 LN -1 -1 -1 -1 9 1
789 LN -1 -1 -1 -1 8 0
790 LN -1 -1 -1 -1 6 0
791 IN 792 817 77 0.5 4 -1
792 IN 793 808 3 2125.0 5 -1
793 IN 794 803 6 0.5 6 -1
794 IN 795 802 47 0.5 7 -1
795 IN 796 799 141 0.5 8 -1
796 IN 797 798 92 0.5 9 -1
797 LN -1 -1 -1 -1 10 0
798 LN -1 -1 -1 -1 10 0
799 IN 800 801 0 58.5 9 -1
800 LN -1 -1 -1 -1 10 1
801 LN -1 -1 -1 -1 10 1
802 LN -1 -1 -1 -1 8 0
803 IN 804 805 100 0.5 7 -1
804 LN -1 -1 -1 -1 8 0
805 IN 806 807 129 0.5 8 -1
806 LN -1 -1 -1 -1 9 1
807 LN -1 -1 -1 -1 9 0
808 IN 809 816 18 8.5 6 -1
809 IN 810 815 128 0.5 7 -1
810 IN 811 812 109 0.5 8 -1
811 LN -1 -1 -1 -1 9 1
812 IN 813 814 115 0.5 9 -1
813 LN -1 -1 -1 -1 10 1
814 LN -1 -1 -1 -1 10 1
815 LN -1 -1 -1 -1 8 0
816 LN -1 -1 -1 -1 7 0
817 IN 818 823 23 0.5 5 -1
818 IN 819 822 151 1.5 6 -1
819 IN 820 821 109 0.5 7 -1
820 LN -1 -1 -1 -1 8 1
821 LN -1 -1 -1 -1 8 1
822 LN -1 -1 -1 -1 7 0
823 LN -1 -1 -1 -1 6 0
824 IN 825 894 51 0.5 3 -1
825 IN 826 863 151 4.5 4 -1
826 IN 827 852 0 82.5 5 -1
827 IN 828 843 24 0.5 6 -1
828 IN 829 836 2 0.5 7 -1
829 IN 830 833 83 0.5 8 -1
830 IN 831 832 40 0.5 9 -1
831 LN -1 -1 -1 -1 10 0
832 LN -1 -1 -1 -1 10 0
833 IN 834 835 109 0.5 9 -1
834 LN -1 -1 -1 -1 10 0
835 LN -1 -1 -1 -1 10 0
836 IN 837 840 33 0.5 8 -1
837 IN 838 839 111 174.5 9 -1
838 LN -1 -1 -1 -1 10 0
839 LN -1 -1 -1 -1 10 1
840 IN 841 842 111 155.5 9 -1
841 LN -1 -1 -1 -1 10 1
842 LN -1 -1 -1 -1 10 1
843 IN 844 851 144 29.0 7 -1
844 IN 845 848 86 34.5 8 -1
845 IN 846 847 111 173.5 9 -1
846 LN -1 -1 -1 -1 10 0
847 LN -1 -1 -1 -1 10 0
848 IN 849 850 85 0.5 9 -1
849 LN -1 -1 -1 -1 10 0
850 LN -1 -1 -1 -1 10 0
851 LN -1 -1 -1 -1 8 1
852 IN 853 860 102 0.5 6 -1
853 IN 854 857 76 0.5 7 -1
854 IN 855 856 75 0.5 8 -1
855 LN -1 -1 -1 -1 9 1
856 LN -1 -1 -1 -1 9 1
857 IN 858 859 105 0.5 8 -1
858 LN -1 -1 -1 -1 9 0
859 LN -1 -1 -1 -1 9 1
860 IN 861 862 110 0.5 7 -1
861 LN -1 -1 -1 -1 8 0
862 LN -1 -1 -1 -1 8 0
863 IN 864 891 10 0.5 5 -1
864 IN 865 880 34 0.5 6 -1
865 IN 866 873 86 17.5 7 -1
866 IN 867 870 123 0.5 8 -1
867 IN 868 869 22 0.5 9 -1
868 LN -1 -1 -1 -1 10 0
869 LN -1 -1 -1 -1 10 0
870 IN 871 872 3 1600.0 9 -1
871 LN -1 -1 -1 -1 10 1
872 LN -1 -1 -1 -1 10 1
873 IN 874 877 36 0.5 8 -1
874 IN 875 876 0 79.5 9 -1
875 LN -1 -1 -1 -1 10 0
876 LN -1 -1 -1 -1 10 1
877 IN 878 879 135 0.5 9 -1
878 LN -1 -1 -1 -1 10 0
879 LN -1 -1 -1 -1 10 0
880 IN 881 888 3 3039.0 7 -1
881 IN 882 885 86 24.0 8 -1
882 IN 883 884 84 0.5 9 -1
883 LN -1 -1 -1 -1 10 1
884 LN -1 -1 -1 -1 10 0
885 IN 886 887 110 0.5 9 -1
886 LN -1 -1 -1 -1 10 1
887 LN -1 -1 -1 -1 10 0
888 IN 889 890 110 0.5 8 -1
889 LN -1 -1 -1 -1 9 1
890 LN -1 -1 -1 -1 9 0
891 IN 892 893 53 0.5 6 -1
892 LN -1 -1 -1 -1 7 0
893 LN -1 -1 -1 -1 7 1
894 IN 895 934 86 26.5 4 -1
895 IN 896 917 97 0.5 5 -1
896 IN 897 908 134 0.5 6 -1
897 IN 898 901 2 0.5 7 -1
898 IN 899 900 17 0.5 8 -1
899 LN -1 -1 -1 -1 9 0
900 LN -1 -1 -1 -1 9 0
901 IN 902 905 18 6.5 8 -1
902 IN 903 904 144 6.0 9 -1
903 LN -1 -1 -1 -1 10 0
904 LN -1 -1 -1 -1 10 0
905 IN 906 907 36 0.5 9 -1
906 LN -1 -1 -1 -1 10 1
907 LN -1 -1 -1 -1 10 1
908 IN 909 916 8 0.5 7 -1
909 IN 910 913 3 1725.0 8 -1
910 IN 911 912 41 0.5 9 -1
911 LN -1 -1 -1 -1 10 1
912 LN -1 -1 -1 -1 10 0
913 IN 914 915 144 7.5 9 -1
914 LN -1 -1 -1 -1 10 0
915 LN -1 -1 -1 -1 10 0
916 LN -1 -1 -1 -1 8 1
917 IN 918 929 42 0.5 6 -1
918 IN 919 924 15 0.5 7 -1
919 IN 920 923 151 3.5 8 -1
920 IN 921 922 3 255.0 9 -1
921 LN -1 -1 -1 -1 10 0
922 LN -1 -1 -1 -1 10 0
923 LN -1 -1 -1 -1 9 0
924 IN 925 926 0 63.5 8 -1
925 LN -1 -1 -1 -1 9 1
926 IN 927 928 111 155.5 9 -1
927 LN -1 -1 -1 -1 10 1
928 LN -1 -1 -1 -1 10 0
929 IN 930 933 1 0.5 7 -1
930 IN 931 932 75 0.5 8 -1
931 LN -1 -1 -1 -1 9 1
932 LN -1 -1 -1 -1 9 1
933 LN -1 -1 -1 -1 8 0
934 IN 935 956 110 0.5 5 -1
935 IN 936 951 135 0.5 6 -1
936 IN 937 944 2 0.5 7 -1
937 IN 938 941 17 0.5 8 -1
938 IN 939 940 48 0.5 9 -1
939 LN -1 -1 -1 -1 10 0
940 LN -1 -1 -1 -1 10 0
941 IN 942 943 151 1.5 9 -1
942 LN -1 -1 -1 -1 10 0
943 LN -1 -1 -1 -1 10 1
944 IN 945 948 69 0.5 8 -1
945 IN 946 947 83 0.5 9 -1
946 LN -1 -1 -1 -1 10 1
947 LN -1 -1 -1 -1 10 0
948 IN 949 950 75 0.5 9 -1
949 LN -1 -1 -1 -1 10 0
950 LN -1 -1 -1 -1 10 0
951 IN 952 953 70 0.5 7 -1
952 LN -1 -1 -1 -1 8 0
953 IN 954 955 92 0.5 8 -1
954 LN -1 -1 -1 -1 9 0
955 LN -1 -1 -1 -1 9 0
956 IN 957 962 86 34.5 6 -1
957 IN 958 959 115 0.5 7 -1
958 LN -1 -1 -1 -1 8 0
959 IN 960 961 39 0.5 8 -1
960 LN -1 -1 -1 -1 9 0
961 LN -1 -1 -1 -1 9 0
962 IN 963 968 116 0.5 7 -1
963 IN 964 967 9 0.5 8 -1
964 IN 965 966 92 0.5 9 -1
965 LN -1 -1 -1 -1 10 0
966 LN -1 -1 -1 -1 10 0
967 LN -1 -1 -1 -1 9 0
968 LN -1 -1 -1 -1 8 0

[TREE 2]
NB_NODES: 1009
0 IN 1 464 2 0.5 0 -1
1 IN 2 217 134 0.5 1 -1
2 IN 3 162 89 0.5 2 -1
3 IN 4 87 24 0.5 3 -1
4 IN 5 50 90 0.5 4 -1
5 IN 6 35 124 0.5 5 -1
6 IN 7 22 92 0.5 6 -1
7 IN 8 15 30 0.5 7 -1
8 IN 9 12 27 0.5 8 -1
9 IN 10 11 18 8.5 9 -1
10 LN -1 -1 -1 -1 10 0
11 LN -1 -1 -1 -1 10 0
12 IN 13 14 16 0.5 9 -1
13 LN -1 -1 -1 -1 10 0
14 LN -1 -1 -1 -1 10 0
15 IN 16 19 34 0.5 8 -1
16 IN 17 18 3 3591.5 9 -1
17 LN -1 -1 -1 -1 10 0
18 LN -1 -1 -1 -1 10 0
19 IN 20 21 87 15.5 9 -1
20 LN -1 -1 -1 -1 10 1
21 LN -1 -1 -1 -1 10 0
22 IN 23 30 81 0.5 7 -1
23 IN 24 27 18 6.5 8 -1
24 IN 25 26 87 11.5 9 -1
25 LN -1 -1 -1 -1 10 0
26 LN -1 -1 -1 -1 10 0
27 IN 28 29 72 0.5 9 -1
28 LN -1 -1 -1 -1 10 0
29 LN -1 -1 -1 -1 10 0
30 IN 31 34 45 0.5 8 -1
31 IN 32 33 111 186.5 9 -1
32 LN -1 -1 -1 -1 10 0
33 LN -1 -1 -1 -1 10 0
34 LN -1 -1 -1 -1 9 1
35 IN 36 49 27 0.5 6 -1
36 IN 37 44 117 0.5 7 -1
37 IN 38 41 34 0.5 8 -1
38 IN 39 40 28 0.5 9 -1
39 LN -1 -1 -1 -1 10 0
40 LN -1 -1 -1 -1 10 0
41 IN 42 43 21 0.5 9 -1
42 LN -1 -1 -1 -1 10 1
43 LN -1 -1 -1 -1 10 0
44 IN 45 46 144 2.5 8 -1
45 LN -1 -1 -1 -1 9 1
46 IN 47 48 151 0.5 9 -1
47 LN -1 -1 -1 -1 10 0
48 LN -1 -1 -1 -1 10 0
49 LN -1 -1 -1 -1 7 0
50 IN 51 74 29 0.5 5 -1
51 IN 52 65 86 21.5 6 -1
52 IN 53 58 97 0.5 7 -1
53 IN 54 57 36 0.5 8 -1
54 IN 55 56 46 0.5 9 -1
55 LN -1 -1 -1 -1 10 0
56 LN -1 -1 -1 -1 10 0
57 LN -1 -1 -1 -1 9 0
58 IN 59 62 117 0.5 8 -1
59 IN 60 61 123 0.5 9 -1
60 LN -1 -1 -1 -1 10 0
61 LN -1 -1 -1 -1 10 0
62 IN 63 64 45 0.5 9 -1
63 LN -1 -1 -1 -1 10 0
64 LN -1 -1 -1 -1 10 1
65 IN 66 73 117 0.5 7 -1
66 IN 67 70 16 0.5 8 -1
67 IN 68 69 87 24.5 9 -1
68 LN -1 -1 -1 -1 10 0
69 LN -1 -1 -1 -1 10 0
70 IN 71 72 77 0.5 9 -1
71 LN -1 -1 -1 -1 10 0
72 LN -1 -1 -1 -1 10 1
73 LN -1 -1 -1 -1 8 1
74 IN 75 86 71 0.5 6 -1
75 IN 76 81 106 0.5 7 -1
76 IN 77 80 143 0.5 8 -1
77 IN 78 79 101 0.5 9 -1
78 LN -1 -1 -1 -1 10 0
79 LN -1 -1 -1 -1 10 0
80 LN -1 -1 -1 -1 9 1
81 IN 82 83 22 0.5 8 -1
82 LN -1 -1 -1 -1 9 0
83 IN 84 85 128 0.5 9 -1
84 LN -1 -1 -1 -1 10 0
85 LN -1 -1 -1 -1 10 0
86 LN -1 -1 -1 -1 7 0
87 IN 88 119 63 0.5 4 -1
88 IN 89 112 45 0.5 5 -1
89 IN 90 105 77 0.5 6 -1
90 IN 91 98 106 0.5 7 -1
91 IN 92 95 144 23.5 8 -1
92 IN 93 94 82 0.5 9 -1
93 LN -1 -1 -1 -1 10 0
94 LN -1 -1 -1 -1 10 0
95 IN 96 97 116 0.5 9 -1
96 LN -1 -1 -1 -1 10 0
97 LN -1 -1 -1 -1 10 0
98 IN 99 102 27 0.5 8 -1
99 IN 100 101 147 0.5 9 -1
100 LN -1 -1 -1 -1 10 0
101 LN -1 -1 -1 -1 10 0
102 IN 103 104 54 0.5 9 -1
103 LN -1 -1 -1 -1 10 1
104 LN -1 -1 -1 -1 10 0
105 IN 106 111 123 0.5 7 -1
106 IN 107 108 87 15.5 8 -1
107 LN -1 -1 -1 -1 9 0
108 IN 109 110 65 0.5 9 -1
109 LN -1 -1 -1 -1 10 0
110 LN -1 -1 -1 -1 10 1
111 LN -1 -1 -1 -1 8 0
112 IN 113 118 35 0.5 6 -1
113 IN 114 115 147 0.5 7 -1
114 LN -1 -1 -1 -1 8 0
115 IN 116 117 70 0.5 8 -1
116 LN -1 -1 -1 -1 9 0
117 LN -1 -1 -1 -1 9 1
118 LN -1 -1 -1 -1 7 1
119 IN 120 143 127 0.5 5 -1
120 IN 121 130 111 171.5 6 -1
121 IN 122 129 53 0.5 7 -1
122 IN 123 126 147 0.5 8 -1
123 IN 124 125 97 0.5 9 -1
124 LN -1 -1 -1 -1 10 0
125 LN -1 -1 -1 -1 10 0
126 IN 127 128 130 0.5 9 -1
127 LN -1 -1 -1 -1 10 0
128 LN -1 -1 -1 -1 10 0
129 LN -1 -1 -1 -1 8 0
130 IN 131 138 123 0.5 7 -1
131 IN 132 135 151 2.5 8 -1
132 IN 133 134 150 0.5 9 -1
133 LN -1 -1 -1 -1 10 0
134 LN -1 -1 -1 -1 10 0
135 IN 136 137 116 0.5 9 -1
136 LN -1 -1 -1 -1 10 0
137 LN -1 -1 -1 -1 10 0
138 IN 139 140 111 175.5 8 -1
139 LN -1 -1 -1 -1 9 0
140 IN 141 142 58 0.5 9 -1
141 LN -1 -1 -1 -1 10 0
142 LN -1 -1 -1 -1 10 0
143 IN 144 153 121 0.5 6 -1
144 IN 145 146 122 0.5 7 -1
145 LN -1 -1 -1 -1 8 0
146 IN 147 150 96 0.5 8 -1
147 IN 148 149 3 377.0 9 -1
148 LN -1 -1 -1 -1 10 0
149 LN -1 -1 -1 -1 10 0
150 IN 151 152 116 0.5 9 -1
151 LN -1 -1 -1 -1 10 0
152 LN -1 -1 -1 -1 10 0
153 IN 154 159 53 0.5 7 -1
154 IN 155 156 7 0.5 8 -1
155 LN -1 -1 -1 -1 9 0
156 IN 157 158 57 0.5 9 -1
157 LN -1 -1 -1 -1 10 0
158 LN -1 -1 -1 -1 10 0
159 IN 160 161 57 0.5 8 -1
160 LN -1 -1 -1 -1 9 0
161 LN -1 -1 -1 -1 9 1
162 IN 163 190 0 61.5 3 -1
163 IN 164 173 138 0.5 4 -1
164 IN 165 172 22 0.5 5 -1
165 IN 166 167 0 53.0 6 -1
166 LN -1 -1 -1 -1 7 0
167 IN 168 171 51 0.5 7 -1
168 IN 169 170 47 0.5 8 -1
169 LN -1 -1 -1 -1 9 0
170 LN -1 -1 -1 -1 9 0
171 LN -1 -1 -1 -1 8 1
172 LN -1 -1 -1 -1 6 1
173 IN 174 189 0 59.5 5 -1
174 IN 175 176 151 0.5 6 -1
175 LN -1 -1 -1 -1 7 0
176 IN 177 184 16 0.5 7 -1
177 IN 178 181 36 0.5 8 -1
178 IN 179 180 144 19.0 9 -1
179 LN -1 -1 -1 -1 10 0
180 LN -1 -1 -1 -1 10 0
181 IN 182 183 150 0.5 9 -1
182 LN -1 -1 -1 -1 10 0
183 LN -1 -1 -1 -1 10 0
184 IN 185 188 150 0.5 8 -1
185 IN 186 187 122 0.5 9 -1
186 LN -1 -1 -1 -1 10 0
187 LN -1 -1 -1 -1 10 0
188 LN -1 -1 -1 -1 9 0
189 LN -1 -1 -1 -1 6 0
190 IN 191 206 106 0.5 4 -1
191 IN 192 201 130 0.5 5 -1
192 IN 193 200 69 0.5 6 -1
193 IN 194 195 87 22.0 7 -1
194 LN -1 -1 -1 -1 8 0
195 IN 196 199 115 0.5 8 -1
196 IN 197 198 129 0.5 9 -1
197 LN -1 -1 -1 -1 10 0
198 LN -1 -1 -1 -1 10 0
199 LN -1 -1 -1 -1 9 0
200 LN -1 -1 -1 -1 7 0
201 IN 202 205 123 0.5 6 -1
202 IN 203 204 150 0.5 7 -1
203 LN -1 -1 -1 -1 8 0
204 LN -1 -1 -1 -1 8 1
205 LN -1 -1 -1 -1 7 0
206 IN 207 216 111 172.5 5 -1
207 IN 208 209 69 0.5 6 -1
208 LN -1 -1 -1 -1 7 0
209 IN 210 215 115 0.5 7 -1
210 IN 211 212 18 9.5 8 -1
211 LN -1 -1 -1 -1 9 0
212 IN 213 214 3 2325.0 9 -1
213 LN -1 -1 -1 -1 10 0
214 LN -1 -1 -1 -1 10 0
215 LN -1 -1 -1 -1 8 1
216 LN -1 -1 -1 -1 6 0
217 IN 218 363 97 0.5 2 -1
218 IN 219 334 72 0.5 3 -1
219 IN 220 275 65 0.5 4 -1
220 IN 221 246 100 0.5 5 -1
221 IN 222 237 125 0.5 6 -1
222 IN 223 230 51 0.5 7 -1
223 IN 224 227 130 0.5 8 -1
224 IN 225 226 101 0.5 9 -1
225 LN -1 -1 -1 -1 10 0
226 LN -1 -1 -1 -1 10 0
227 IN 228 229 3 1380.0 9 -1
228 LN -1 -1 -1 -1 10 0
229 LN -1 -1 -1 -1 10 0
230 IN 231 234 27 0.5 8 -1
231 IN 232 233 81 0.5 9 -1
232 LN -1 -1 -1 -1 10 0
233 LN -1 -1 -1 -1 10 0
234 IN 235 236 93 0.5 9 -1
235 LN -1 -1 -1 -1 10 0
236 LN -1 -1 -1 -1 10 1
237 IN 238 245 90 0.5 7 -1
238 IN 239 242 87 31.5 8 -1
239 IN 240 241 0 79.5 9 -1
240 LN -1 -1 -1 -1 10 0
241 LN -1 -1 -1 -1 10 0
242 IN 243 244 84 0.5 9 -1
243 LN -1 -1 -1 -1 10 0
244 LN -1 -1 -1 -1 10 1
245 LN -1 -1 -1 -1 8 0
246 IN 247 262 71 0.5 6 -1
247 IN 248 255 137 0.5 7 -1
248 IN 249 252 0 66.5 8 -1
249 IN 250 251 40 0.5 9 -1
250 LN -1 -1 -1 -1 10 0
251 LN -1 -1 -1 -1 10 0
252 IN 253 254 144 11.0 9 -1
253 LN -1 -1 -1 -1 10 0
254 LN -1 -1 -1 -1 10 0
255 IN 256 259 86 11.5 8 -1
256 IN 257 258 109 0.5 9 -1
257 LN -1 -1 -1 -1 10 0
258 LN -1 -1 -1 -1 10 0
259 IN 260 261 78 0.5 9 -1
260 LN -1 -1 -1 -1 10 0
261 LN -1 -1 -1 -1 10 1
262 IN 263 268 48 0.5 7 -1
263 IN 264 267 144 27.0 8 -1
264 IN 265 266 46 0.5 9 -1
265 LN -1 -1 -1 -1 10 0
266 LN -1 -1 -1 -1 10 0
267 LN -1 -1 -1 -1 9 1
268 IN 269 272 21 0.5 8 -1
269 IN 270 271 63 0.5 9 -1
270 LN -1 -1 -1 -1 10 1
271 LN -1 -1 -1 -1 10 0
272 IN 273 274 109 0.5 9 -1
273 LN -1 -1 -1 -1 10 1
274 LN -1 -1 -1 -1 10 1
275 IN 276 305 109 0.5 5 -1
276 IN 277 292 111 170.5 6 -1
277 IN 278 285 91 0.5 7 -1
278 IN 279 282 27 0.5 8 -1
279 IN 280 281 151 0.5 9 -1
280 LN -1 -1 -1 -1 10 0
281 LN -1 -1 -1 -1 10 1
282 IN 283 284 111 168.5 9 -1
283 LN -1 -1 -1 -1 10 1
284 LN -1 -1 -1 -1 10 1
285 IN 286 289 138 0.5 8 -1
286 IN 287 288 86 18.5 9 -1
287 LN -1 -1 -1 -1 10 1
288 LN -1 -1 -1 -1 10 0
289 IN 290 291 87 16.5 9 -1
290 LN -1 -1 -1 -1 10 1
291 LN -1 -1 -1 -1 10 0
292 IN 293 300 144 14.5 7 -1
293 IN 294 297 87 31.5 8 -1
294 IN 295 296 128 0.5 9 -1
295 LN -1 -1 -1 -1 10 0
296 LN -1 -1 -1 -1 10 0
297 IN 298 299 123 0.5 9 -1
298 LN -1 -1 -1 -1 10 0
299 LN -1 -1 -1 -1 10 0
300 IN 301 304 105 0.5 8 -1
301 IN 302 303 3 2950.0 9 -1
302 LN -1 -1 -1 -1 10 0
303 LN -1 -1 -1 -1 10 0
304 LN -1 -1 -1 -1 9 1
305 IN 306 319 71 0.5 6 -1
306 IN 307 312 47 0.5 7 -1
307 IN 308 311 148 0.5 8 -1
308 IN 309 310 77 0.5 9 -1
309 LN -1 -1 -1 -1 10 0
310 LN -1 -1 -1 -1 10 0
311 LN -1 -1 -1 -1 9 0
312 IN 313 316 151 3.5 8 -1
313 IN 314 315 75 0.5 9 -1
314 LN -1 -1 -1 -1 10 0
315 LN -1 -1 -1 -1 10 0
316 IN 317 318 129 0.5 9 -1
317 LN -1 -1 -1 -1 10 1
318 LN -1 -1 -1 -1 10 0
319 IN 320 327 18 5.5 7 -1
320 IN 321 324 137 0.5 8 -1
321 IN 322 323 111 172.0 9 -1
322 LN -1 -1 -1 -1 10 0
323 LN -1 -1 -1 -1 10 1
324 IN 325 326 52 0.5 9 -1
325 LN -1 -1 -1 -1 10 1
326 LN -1 -1 -1 -1 10 1
327 IN 328 331 138 0.5 8 -1
328 IN 329 330 27 0.5 9 -1
329 LN -1 -1 -1 -1 10 0
330 LN -1 -1 -1 -1 10 0
331 IN 332 333 77 0.5 9 -1
332 LN -1 -1 -1 -1 10 0
333 LN -1 -1 -1 -1 10 0
334 IN 335 362 75 0.5 4 -1
335 IN 336 355 86 31.5 5 -1
336 IN 337 348 30 0.5 6 -1
337 IN 338 341 3 50.0 7 -1
338 IN 339 340 151 2.0 8 -1
339 LN -1 -1 -1 -1 9 0
340 LN -1 -1 -1 -1 9 0
341 IN 342 345 111 168.0 8 -1
342 IN 343 344 3 1250.0 9 -1
343 LN -1 -1 -1 -1 10 0
344 LN -1 -1 -1 -1 10 0
345 IN 346 347 151 4.5 9 -1
346 LN -1 -1 -1 -1 10 1
347 LN -1 -1 -1 -1 10 1
348 IN 349 354 131 0.5 7 -1
349 IN 350 353 144 21.0 8 -1
350 IN 351 352 36 0.5 9 -1
351 LN -1 -1 -1 -1 10 0
352 LN -1 -1 -1 -1 10 1
353 LN -1 -1 -1 -1 9 0
354 LN -1 -1 -1 -1 8 1
355 IN 356 359 64 0.5 6 -1
356 IN 357 358 0 65.5 7 -1
357 LN -1 -1 -1 -1 8 0
358 LN -1 -1 -1 -1 8 1
359 IN 360 361 78 0.5 7 -1
360 LN -1 -1 -1 -1 8 1
361 LN -1 -1 -1 -1 8 0
362 LN -1 -1 -1 -1 5 0
363 IN 364 425 0 79.5 3 -1
364 IN 365 398 28 0.5 4 -1
365 IN 366 379 0 55.5 5 -1
366 IN 367 378 141 0.5 6 -1
367 IN 368 371 109 0.5 7 -1
368 IN 369 370 22 0.5 8 -1
369 LN -1 -1 -1 -1 9 0
370 LN -1 -1 -1 -1 9 0
371 IN 372 375 35 0.5 8 -1
372 IN 373 374 3 -4.9993955e6 9 -1
373 LN -1 -1 -1 -1 10 1
374 LN -1 -1 -1 -1 10 0
375 IN 376 377 22 0.5 9 -1
376 LN -1 -1 -1 -1 10 1
377 LN -1 -1 -1 -1 10 1
378 LN -1 -1 -1 -1 7 0
379 IN 380 393 141 0.5 6 -1
380 IN 381 388 78 0.5 7 -1
381 IN 382 385 46 0.5 8 -1
382 IN 383 384 137 0.5 9 -1
383 LN -1 -1 -1 -1 10 0
384 LN -1 -1 -1 -1 10 0
385 IN 386 387 149 0.5 9 -1
386 LN -1 -1 -1 -1 10 0
387 LN -1 -1 -1 -1 10 0
388 IN 389 392 87 31.0 8 -1
389 IN 390 391 65 0.5 9 -1
390 LN -1 -1 -1 -1 10 0
391 LN -1 -1 -1 -1 10 0
392 LN -1 -1 -1 -1 9 1
393 IN 394 395 87 26.5 7 -1
394 LN -1 -1 -1 -1 8 0
395 IN 396 397 52 0.5 8 -1
396 LN -1 -1 -1 -1 9 1
397 LN -1 -1 -1 -1 9 0
398 IN 399 414 151 4.5 5 -1
399 IN 400 413 144 29.0 6 -1
400 IN 401 408 111 167.5 7 -1
401 IN 402 405 0 68.0 8 -1
402 IN 403 404 137 0.5 9 -1
403 LN -1 -1 -1 -1 10 0
404 LN -1 -1 -1 -1 10 0
405 IN 406 407 3 1650.0 9 -1
406 LN -1 -1 -1 -1 10 1
407 LN -1 -1 -1 -1 10 0
408 IN 409 412 87 37.5 8 -1
409 IN 410 411 33 0.5 9 -1
410 LN -1 -1 -1 -1 10 0
411 LN -1 -1 -1 -1 10 1
412 LN -1 -1 -1 -1 9 1
413 LN -1 -1 -1 -1 7 1
414 IN 415 424 23 0.5 6 -1
415 IN 416 417 58 0.5 7 -1
416 LN -1 -1 -1 -1 8 0
417 IN 418 421 40 0.5 8 -1
418 IN 419 420 111 169.5 9 -1
419 LN -1 -1 -1 -1 10 0
420 LN -1 -1 -1 -1 10 0
421 IN 422 423 150 0.5 9 -1
422 LN -1 -1 -1 -1 10 0
423 LN -1 -1 -1 -1 10 0
424 LN -1 -1 -1 -1 7 0
425 IN 426 453 124 0.5 4 -1
426 IN 427 438 85 0.5 5 -1
427 IN 428 429 123 0.5 6 -1
428 LN -1 -1 -1 -1 7 0
429 IN 430 431 87 23.5 7 -1
430 LN -1 -1 -1 -1 8 0
431 IN 432 435 23 0.5 8 -1
432 IN 433 434 3 1115.5 9 -1
433 LN -1 -1 -1 -1 10 0
434 LN -1 -1 -1 -1 10 1
435 IN 436 437 3 1042.0 9 -1
436 LN -1 -1 -1 -1 10 0
437 LN -1 -1 -1 -1 10 0
438 IN 439 446 71 0.5 6 -1
439 IN 440 445 77 0.5 7 -1
440 IN 441 444 46 0.5 8 -1
441 IN 442 443 129 0.5 9 -1
442 LN -1 -1 -1 -1 10 0
443 LN -1 -1 -1 -1 10 0
444 LN -1 -1 -1 -1 9 0
445 LN -1 -1 -1 -1 8 0
446 IN 447 452 144 25.5 7 -1
447 IN 448 449 137 0.5 8 -1
448 LN -1 -1 -1 -1 9 0
449 IN 450 451 18 6.5 9 -1
450 LN -1 -1 -1 -1 10 1
451 LN -1 -1 -1 -1 10 0
452 LN -1 -1 -1 -1 8 1
453 IN 454 459 77 0.5 5 -1
454 IN 455 456 86 15.5 6 -1
455 LN -1 -1 -1 -1 7 0
456 IN 457 458 0 82.5 7 -1
457 LN -1 -1 -1 -1 8 1
458 LN -1 -1 -1 -1 8 0
459 IN 460 463 17 0.5 6 -1
460 IN 461 462 85 0.5 7 -1
461 LN -1 -1 -1 -1 8 1
462 LN -1 -1 -1 -1 8 1
463 LN -1 -1 -1 -1 7 0
464 IN 465 748 39 0.5 1 -1
465 IN 466 621 65 0.5 2 -1
466 IN 467 576 93 0.5 3 -1
467 IN 468 529 63 0.5 4 -1
468 IN 469 498 91 0.5 5 -1
469 IN 470 485 90 0.5 6 -1
470 IN 471 478 151 2.5 7 -1
471 IN 472 475 116 0.5 8 -1
472 IN 473 474 115 0.5 9 -1
473 LN -1 -1 -1 -1 10 1
474 LN -1 -1 -1 -1 10 0
475 IN 476 477 92 0.5 9 -1
476 LN -1 -1 -1 -1 10 0
477 LN -1 -1 -1 -1 10 0
478 IN 479 482 148 0.5 8 -1
479 IN 480 481 102 0.5 9 -1
480 LN -1 -1 -1 -1 10 0
481 LN -1 -1 -1 -1 10 0
482 IN 483 484 142 0.5 9 -1
483 LN -1 -1 -1 -1 10 0
484 LN -1 -1 -1 -1 10 0
485 IN 486 493 18 9.5 7 -1
486 IN 487 490 21 0.5 8 -1
487 IN 488 489 134 0.5 9 -1
488 LN -1 -1 -1 -1 10 0
489 LN -1 -1 -1 -1 10 0
490 IN 491 492 35 0.5 9 -1
491 LN -1 -1 -1 -1 10 1
492 LN -1 -1 -1 -1 10 1
493 IN 494 497 76 0.5 8 -1
494 IN 495 496 111 161.0 9 -1
495 LN -1 -1 -1 -1 10 0
496 LN -1 -1 -1 -1 10 0
497 LN -1 -1 -1 -1 9 0
498 IN 499 514 59 0.5 6 -1
499 IN 500 507 18 5.5 7 -1
500 IN 501 504 51 0.5 8 -1
501 IN 502 503 3 1153.0 9 -1
502 LN -1 -1 -1 -1 10 0
503 LN -1 -1 -1 -1 10 1
504 IN 505 506 42 0.5 9 -1
505 LN -1 -1 -1 -1 10 0
506 LN -1 -1 -1 -1 10 1
507 IN 508 511 110 0.5 8 -1
508 IN 509 510 137 0.5 9 -1
509 LN -1 -1 -1 -1 10 0
510 LN -1 -1 -1 -1 10 0
511 IN 512 513 3 375.5 9 -1
512 LN -1 -1 -1 -1 10 0
513 LN -1 -1 -1 -1 10 0
514 IN 515 522 138 0.5 7 -1
515 IN 516 519 101 0.5 8 -1
516 IN 517 518 70 0.5 9 -1
517 LN -1 -1 -1 -1 10 0
518 LN -1 -1 -1 -1 10 1
519 IN 520 521 82 0.5 9 -1
520 LN -1 -1 -1 -1 10 1
521 LN -1 -1 -1 -1 10 0
522 IN 523 526 72 0.5 8 -1
523 IN 524 525 18 6.5 9 -1
524 LN -1 -1 -1 -1 10 0
525 LN -1 -1 -1 -1 10 0
526 IN 527 528 24 0.5 9 -1
527 LN -1 -1 -1 -1 10 1
528 LN -1 -1 -1 -1 10 1
529 IN 530 547 147 0.5 5 -1
530 IN 531 546 87 38.0 6 -1
531 IN 532 539 90 0.5 7 -1
532 IN 533 536 130 0.5 8 -1
533 IN 534 535 51 0.5 9 -1
534 LN -1 -1 -1 -1 10 0
535 LN -1 -1 -1 -1 10 0
536 IN 537 538 6 0.5 9 -1
537 LN -1 -1 -1 -1 10 1
538 LN -1 -1 -1 -1 10 0
539 IN 540 543 102 0.5 8 -1
540 IN 541 542 86 21.5 9 -1
541 LN -1 -1 -1 -1 10 1
542 LN -1 -1 -1 -1 10 0
543 IN 544 545 148 0.5 9 -1
544 LN -1 -1 -1 -1 10 0
545 LN -1 -1 -1 -1 10 0
546 LN -1 -1 -1 -1 7 0
547 IN 548 563 24 0.5 6 -1
548 IN 549 556 144 2.5 7 -1
549 IN 550 553 46 0.5 8 -1
550 IN 551 552 18 8.5 9 -1
551 LN -1 -1 -1 -1 10 0
552 LN -1 -1 -1 -1 10 0
553 IN 554 555 83 0.5 9 -1
554 LN -1 -1 -1 -1 10 0
555 LN -1 -1 -1 -1 10 1
556 IN 557 560 14 0.5 8 -1
557 IN 558 559 118 0.5 9 -1
558 LN -1 -1 -1 -1 10 0
559 LN -1 -1 -1 -1 10 0
560 IN 561 562 58 0.5 9 -1
561 LN -1 -1 -1 -1 10 1
562 LN -1 -1 -1 -1 10 0
563 IN 564 569 123 0.5 7 -1
564 IN 565 568 143 0.5 8 -1
565 IN 566 567 102 0.5 9 -1
566 LN -1 -1 -1 -1 10 0
567 LN -1 -1 -1 -1 10 0
568 LN -1 -1 -1 -1 9 1
569 IN 570 573 76 0.5 8 -1
570 IN 571 572 3 1225.5 9 -1
571 LN -1 -1 -1 -1 10 0
572 LN -1 -1 -1 -1 10 0
573 IN 574 575 82 0.5 9 -1
574 LN -1 -1 -1 -1 10 0
575 LN -1 -1 -1 -1 10 0
576 IN 577 598 85 0.5 4 -1
577 IN 578 591 27 0.5 5 -1
578 IN 579 588 97 0.5 6 -1
579 IN 580 585 8 0.5 7 -1
580 IN 581 584 131 0.5 8 -1
581 IN 582 583 45 0.5 9 -1
582 LN -1 -1 -1 -1 10 0
583 LN -1 -1 -1 -1 10 1
584 LN -1 -1 -1 -1 9 1
585 IN 586 587 52 0.5 8 -1
586 LN -1 -1 -1 -1 9 0
587 LN -1 -1 -1 -1 9 0
588 IN 589 590 40 0.5 7 -1
589 LN -1 -1 -1 -1 8 0
590 LN -1 -1 -1 -1 8 0
591 IN 592 593 64 0.5 6 -1
592 LN -1 -1 -1 -1 7 1
593 IN 594 597 111 167.5 7 -1
594 IN 595 596 144 11.0 8 -1
595 LN -1 -1 -1 -1 9 1
596 LN -1 -1 -1 -1 9 1
597 LN -1 -1 -1 -1 8 1
598 IN 599 620 135 0.5 5 -1
599 IN 600 613 125 0.5 6 -1
600 IN 601 606 41 0.5 7 -1
601 IN 602 603 18 4.5 8 -1
602 LN -1 -1 -1 -1 9 1
603 IN 604 605 129 0.5 9 -1
604 LN -1 -1 -1 -1 10 1
605 LN -1 -1 -1 -1 10 0
606 IN 607 610 123 0.5 8 -1
607 IN 608 609 122 0.5 9 -1
608 LN -1 -1 -1 -1 10 1
609 LN -1 -1 -1 -1 10 1
610 IN 611 612 51 0.5 9 -1
611 LN -1 -1 -1 -1 10 1
612 LN -1 -1 -1 -1 10 1
613 IN 614 619 66 0.5 7 -1
614 IN 615 618 18 9.5 8 -1
615 IN 616 617 77 0.5 9 -1
616 LN -1 -1 -1 -1 10 1
617 LN -1 -1 -1 -1 10 1
618 LN -1 -1 -1 -1 9 0
619 LN -1 -1 -1 -1 8 1
620 LN -1 -1 -1 -1 6 1
621 IN 622 701 93 0.5 3 -1
622 IN 623 662 96 0.5 4 -1
623 IN 624 641 86 17.5 5 -1
624 IN 625 640 60 0.5 6 -1
625 IN 626 633 87 16.5 7 -1
626 IN 627 630 35 0.5 8 -1
627 IN 628 629 45 0.5 9 -1
628 LN -1 -1 -1 -1 10 0
629 LN -1 -1 -1 -1 10 1
630 IN 631 632 111 159.0 9 -1
631 LN -1 -1 -1 -1 10 0
632 LN -1 -1 -1 -1 10 1
633 IN 634 637 48 0.5 8 -1
634 IN 635 636 147 0.5 9 -1
635 LN -1 -1 -1 -1 10 1
636 LN -1 -1 -1 -1 10 1
637 IN 638 639 28 0.5 9 -1
638 LN -1 -1 -1 -1 10 1
639 LN -1 -1 -1 -1 10 0
640 LN -1 -1 -1 -1 7 1
641 IN 642 655 41 0.5 6 -1
642 IN 643 650 42 0.5 7 -1
643 IN 644 647 147 0.5 8 -1
644 IN 645 646 35 0.5 9 -1
645 LN -1 -1 -1 -1 10 0
646 LN -1 -1 -1 -1 10 0
647 IN 648 649 36 0.5 9 -1
648 LN -1 -1 -1 -1 10 0
649 LN -1 -1 -1 -1 10 1
650 IN 651 654 81 0.5 8 -1
651 IN 652 653 87 27.5 9 -1
652 LN -1 -1 -1 -1 10 1
653 LN -1 -1 -1 -1 10 1
654 LN -1 -1 -1 -1 9 0
655 IN 656 661 82 0.5 7 -1
656 IN 657 660 121 0.5 8 -1
657 IN 658 659 0 66.5 9 -1
658 LN -1 -1 -1 -1 10 0
659 LN -1 -1 -1 -1 10 1
660 LN -1 -1 -1 -1 9 1
661 LN -1 -1 -1 -1 8 0
662 IN 663 692 90 0.5 5 -1
663 IN 664 679 18 5.5 6 -1
664 IN 665 672 150 0.5 7 -1
665 IN 666 669 0 67.5 8 -1
666 IN 667 668 128 0.5 9 -1
667 LN -1 -1 -1 -1 10 1
668 LN -1 -1 -1 -1 10 0
669 IN 670 671 128 0.5 9 -1
670 LN -1 -1 -1 -1 10 1
671 LN -1 -1 -1 -1 10 1
672 IN 673 676 102 0.5 8 -1
673 IN 674 675 47 0.5 9 -1
674 LN -1 -1 -1 -1 10 1
675 LN -1 -1 -1 -1 10 0
676 IN 677 678 41 0.5 9 -1
677 LN -1 -1 -1 -1 10 0
678 LN -1 -1 -1 -1 10 1
679 IN 680 685 58 0.5 7 -1
680 IN 681 684 26 0.5 8 -1
681 IN 682 683 138 0.5 9 -1
682 LN -1 -1 -1 -1 10 1
683 LN -1 -1 -1 -1 10 0
684 LN -1 -1 -1 -1 9 1
685 IN 686 689 115 0.5 8 -1
686 IN 687 688 129 0.5 9 -1
687 LN -1 -1 -1 -1 10 0
688 LN -1 -1 -1 -1 10 0
689 IN 690 691 124 0.5 9 -1
690 LN -1 -1 -1 -1 10 1
691 LN -1 -1 -1 -1 10 1
692 IN 693 694 3 623.0 6 -1
693 LN -1 -1 -1 -1 7 0
694 IN 695 700 3 2380.0 7 -1
695 IN 696 699 36 0.5 8 -1
696 IN 697 698 76 0.5 9 -1
697 LN -1 -1 -1 -1 10 0
698 LN -1 -1 -1 -1 10 0
699 LN -1 -1 -1 -1 9 1
700 LN -1 -1 -1 -1 8 0
701 IN 702 735 27 0.5 4 -1
702 IN 703 722 122 0.5 5 -1
703 IN 704 715 41 0.5 6 -1
704 IN 705 710 58 0.5 7 -1
705 IN 706 709 24 0.5 8 -1
706 IN 707 708 29 0.5 9 -1
707 LN -1 -1 -1 -1 10 1
708 LN -1 -1 -1 -1 10 0
709 LN -1 -1 -1 -1 9 1
710 IN 711 714 10 0.5 8 -1
711 IN 712 713 84 0.5 9 -1
712 LN -1 -1 -1 -1 10 0
713 LN -1 -1 -1 -1 10 1
714 LN -1 -1 -1 -1 9 0
715 IN 716 721 30 0.5 7 -1
716 IN 717 720 54 0.5 8 -1
717 IN 718 719 45 0.5 9 -1
718 LN -1 -1 -1 -1 10 1
719 LN -1 -1 -1 -1 10 1
720 LN -1 -1 -1 -1 9 1
721 LN -1 -1 -1 -1 8 1
722 IN 723 730 22 0.5 6 -1
723 IN 724 727 116 0.5 7 -1
724 IN 725 726 86 15.5 8 -1
725 LN -1 -1 -1 -1 9 0
726 LN -1 -1 -1 -1 9 0
727 IN 728 729 105 0.5 8 -1
728 LN -1 -1 -1 -1 9 1
729 LN -1 -1 -1 -1 9 1
730 IN 731 732 128 0.5 7 -1
731 LN -1 -1 -1 -1 8 1
732 IN 733 734 111 158.5 8 -1
733 LN -1 -1 -1 -1 9 0
734 LN -1 -1 -1 -1 9 1
735 IN 736 747 16 0.5 5 -1
736 IN 737 746 60 0.5 6 -1
737 IN 738 743 70 0.5 7 -1
738 IN 739 742 130 0.5 8 -1
739 IN 740 741 41 0.5 9 -1
740 LN -1 -1 -1 -1 10 1
741 LN -1 -1 -1 -1 10 1
742 LN -1 -1 -1 -1 9 1
743 IN 744 745 86 31.5 8 -1
744 LN -1 -1 -1 -1 9 0
745 LN -1 -1 -1 -1 9 0
746 LN -1 -1 -1 -1 7 1
747 LN -1 -1 -1 -1 6 1
748 IN 749 872 96 0.5 2 -1
749 IN 750 769 151 0.5 3 -1
750 IN 751 764 82 0.5 4 -1
751 IN 752 763 118 0.5 5 -1
752 IN 753 760 77 0.5 6 -1
753 IN 754 759 90 0.5 7 -1
754 IN 755 758 75 0.5 8 -1
755 IN 756 757 128 0.5 9 -1
756 LN -1 -1 -1 -1 10 0
757 LN -1 -1 -1 -1 10 0
758 LN -1 -1 -1 -1 9 0
759 LN -1 -1 -1 -1 8 1
760 IN 761 762 46 0.5 7 -1
761 LN -1 -1 -1 -1 8 1
762 LN -1 -1 -1 -1 8 1
763 LN -1 -1 -1 -1 6 1
764 IN 765 766 18 6.5 5 -1
765 LN -1 -1 -1 -1 6 1
766 IN 767 768 69 0.5 6 -1
767 LN -1 -1 -1 -1 7 1
768 LN -1 -1 -1 -1 7 0
769 IN 770 823 137 0.5 4 -1
770 IN 771 798 64 0.5 5 -1
771 IN 772 787 128 0.5 6 -1
772 IN 773 780 75 0.5 7 -1
773 IN 774 777 65 0.5 8 -1
774 IN 775 776 148 0.5 9 -1
775 LN -1 -1 -1 -1 10 0
776 LN -1 -1 -1 -1 10 0
777 IN 778 779 127 0.5 9 -1
778 LN -1 -1 -1 -1 10 0
779 LN -1 -1 -1 -1 10 1
780 IN 781 784 89 0.5 8 -1
781 IN 782 783 90 0.5 9 -1
782 LN -1 -1 -1 -1 10 0
783 LN -1 -1 -1 -1 10 0
784 IN 785 786 16 0.5 9 -1
785 LN -1 -1 -1 -1 10 0
786 LN -1 -1 -1 -1 10 0
787 IN 788 793 77 0.5 7 -1
788 IN 789 792 51 0.5 8 -1
789 IN 790 791 144 0.0 9 -1
790 LN -1 -1 -1 -1 10 1
791 LN -1 -1 -1 -1 10 0
792 LN -1 -1 -1 -1 9 0
793 IN 794 795 86 20.0 8 -1
794 LN -1 -1 -1 -1 9 1
795 IN 796 797 90 0.5 9 -1
796 LN -1 -1 -1 -1 10 0
797 LN -1 -1 -1 -1 10 0
798 IN 799 814 123 0.5 6 -1
799 IN 800 807 144 2.5 7 -1
800 IN 801 804 130 0.5 8 -1
801 IN 802 803 111 163.5 9 -1
802 LN -1 -1 -1 -1 10 0
803 LN -1 -1 -1 -1 10 0
804 IN 805 806 57 0.5 9 -1
805 LN -1 -1 -1 -1 10 0
806 LN -1 -1 -1 -1 10 0
807 IN 808 811 30 0.5 8 -1
808 IN 809 810 151 1.5 9 -1
809 LN -1 -1 -1 -1 10 0
810 LN -1 -1 -1 -1 10 0
811 IN 812 813 110 0.5 9 -1
812 LN -1 -1 -1 -1 10 0
813 LN -1 -1 -1 -1 10 0
814 IN 815 822 144 9.0 7 -1
815 IN 816 819 115 0.5 8 -1
816 IN 817 818 82 0.5 9 -1
817 LN -1 -1 -1 -1 10 0
818 LN -1 -1 -1 -1 10 0
819 IN 820 821 53 0.5 9 -1
820 LN -1 -1 -1 -1 10 0
821 LN -1 -1 -1 -1 10 1
822 LN -1 -1 -1 -1 8 0
823 IN 824 845 135 0.5 5 -1
824 IN 825 838 149 0.5 6 -1
825 IN 826 831 110 0.5 7 -1
826 IN 827 830 0 82.5 8 -1
827 IN 828 829 111 161.5 9 -1
828 LN -1 -1 -1 -1 10 0
829 LN -1 -1 -1 -1 10 0
830 LN -1 -1 -1 -1 9 1
831 IN 832 835 63 0.5 8 -1
832 IN 833 834 54 0.5 9 -1
833 LN -1 -1 -1 -1 10 1
834 LN -1 -1 -1 -1 10 0
835 IN 836 837 36 0.5 9 -1
836 LN -1 -1 -1 -1 10 0
837 LN -1 -1 -1 -1 10 0
838 IN 839 844 47 0.5 7 -1
839 IN 840 843 87 23.5 8 -1
840 IN 841 842 52 0.5 9 -1
841 LN -1 -1 -1 -1 10 1
842 LN -1 -1 -1 -1 10 0
843 LN -1 -1 -1 -1 9 0
844 LN -1 -1 -1 -1 8 0
845 IN 846 857 87 15.5 6 -1
846 IN 847 850 0 51.5 7 -1
847 IN 848 849 57 0.5 8 -1
848 LN -1 -1 -1 -1 9 0
849 LN -1 -1 -1 -1 9 1
850 IN 851 854 151 3.5 8 -1
851 IN 852 853 36 0.5 9 -1
852 LN -1 -1 -1 -1 10 0
853 LN -1 -1 -1 -1 10 0
854 IN 855 856 147 0.5 9 -1
855 LN -1 -1 -1 -1 10 0
856 LN -1 -1 -1 -1 10 0
857 IN 858 865 17 0.5 7 -1
858 IN 859 862 35 0.5 8 -1
859 IN 860 861 27 0.5 9 -1
860 LN -1 -1 -1 -1 10 0
861 LN -1 -1 -1 -1 10 0
862 IN 863 864 105 0.5 9 -1
863 LN -1 -1 -1 -1 10 1
864 LN -1 -1 -1 -1 10 0
865 IN 866 869 82 0.5 8 -1
866 IN 867 868 87 18.5 9 -1
867 LN -1 -1 -1 -1 10 0
868 LN -1 -1 -1 -1 10 0
869 IN 870 871 0 61.0 9 -1
870 LN -1 -1 -1 -1 10 0
871 LN -1 -1 -1 -1 10 0
872 IN 873 942 18 7.5 3 -1
873 IN 874 925 27 0.5 4 -1
874 IN 875 898 151 3.5 5 -1
875 IN 876 891 66 0.5 6 -1
876 IN 877 884 51 0.5 7 -1
877 IN 878 881 93 0.5 8 -1
878 IN 879 880 123 0.5 9 -1
879 LN -1 -1 -1 -1 10 0
880 LN -1 -1 -1 -1 10 0
881 IN 882 883 30 0.5 9 -1
882 LN -1 -1 -1 -1 10 1
883 LN -1 -1 -1 -1 10 1
884 IN 885 888 144 5.5 8 -1
885 IN 886 887 69 0.5 9 -1
886 LN -1 -1 -1 -1 10 1
887 LN -1 -1 -1 -1 10 1
888 IN 889 890 22 0.5 9 -1
889 LN -1 -1 -1 -1 10 1
890 LN -1 -1 -1 -1 10 0
891 IN 892 895 3 975.5 7 -1
892 IN 893 894 109 0.5 8 -1
893 LN -1 -1 -1 -1 9 1
894 LN -1 -1 -1 -1 9 1
895 IN 896 897 51 0.5 8 -1
896 LN -1 -1 -1 -1 9 0
897 LN -1 -1 -1 -1 9 1
898 IN 899 914 122 0.5 6 -1
899 IN 900 907 7 0.5 7 -1
900 IN 901 904 100 0.5 8 -1
901 IN 902 903 57 0.5 9 -1
902 LN -1 -1 -1 -1 10 0
903 LN -1 -1 -1 -1 10 0
904 IN 905 906 33 0.5 9 -1
905 LN -1 -1 -1 -1 10 1
906 LN -1 -1 -1 -1 10 0
907 IN 908 911 121 0.5 8 -1
908 IN 909 910 147 0.5 9 -1
909 LN -1 -1 -1 -1 10 0
910 LN -1 -1 -1 -1 10 0
911 IN 912 913 135 0.5 9 -1
912 LN -1 -1 -1 -1 10 1
913 LN -1 -1 -1 -1 10 0
914 IN 915 920 16 0.5 7 -1
915 IN 916 917 3 954.5 8 -1
916 LN -1 -1 -1 -1 9 0
917 IN 918 919 81 0.5 9 -1
918 LN -1 -1 -1 -1 10 1
919 LN -1 -1 -1 -1 10 0
920 IN 921 922 134 0.5 8 -1
921 LN -1 -1 -1 -1 9 0
922 IN 923 924 128 0.5 9 -1
923 LN -1 -1 -1 -1 10 1
924 LN -1 -1 -1 -1 10 0
925 IN 926 933 86 16.5 5 -1
926 IN 927 932 0 67.0 6 -1
927 IN 928 931 14 0.5 7 -1
928 IN 929 930 65 0.5 8 -1
929 LN -1 -1 -1 -1 9 1
930 LN -1 -1 -1 -1 9 1
931 LN -1 -1 -1 -1 8 0
932 LN -1 -1 -1 -1 7 1
933 IN 934 941 74 0.5 6 -1
934 IN 935 940 0 80.5 7 -1
935 IN 936 939 125 0.5 8 -1
936 IN 937 938 116 0.5 9 -1
937 LN -1 -1 -1 -1 10 1
938 LN -1 -1 -1 -1 10 0
939 LN -1 -1 -1 -1 9 0
940 LN -1 -1 -1 -1 8 1
941 LN -1 -1 -1 -1 7 0
942 IN 943 998 90 0.5 4 -1
943 IN 944 969 137 0.5 5 -1
944 IN 945 960 30 0.5 6 -1
945 IN 946 953 48 0.5 7 -1
946 IN 947 950 86 12.5 8 -1
947 IN 948 949 0 60.5 9 -1
948 LN -1 -1 -1 -1 10 1
949 LN -1 -1 -1 -1 10 0
950 IN 951 952 3 879.5 9 -1
951 LN -1 -1 -1 -1 10 0
952 LN -1 -1 -1 -1 10 0
953 IN 954 957 110 0.5 8 -1
954 IN 955 956 10 0.5 9 -1
955 LN -1 -1 -1 -1 10 0
956 LN -1 -1 -1 -1 10 1
957 IN 958 959 87 11.5 9 -1
958 LN -1 -1 -1 -1 10 0
959 LN -1 -1 -1 -1 10 0
960 IN 961 968 117 0.5 7 -1
961 IN 962 965 101 0.5 8 -1
962 IN 963 964 89 0.5 9 -1
963 LN -1 -1 -1 -1 10 0
964 LN -1 -1 -1 -1 10 0
965 IN 966 967 144 4.5 9 -1
966 LN -1 -1 -1 -1 10 0
967 LN -1 -1 -1 -1 10 0
968 LN -1 -1 -1 -1 8 0
969 IN 970 983 3 706.0 6 -1
970 IN 971 978 111 163.5 7 -1
971 IN 972 975 45 0.5 8 -1
972 IN 973 974 24 0.5 9 -1
973 LN -1 -1 -1 -1 10 1
974 LN -1 -1 -1 -1 10 1
975 IN 976 977 14 0.5 9 -1
976 LN -1 -1 -1 -1 10 1
977 LN -1 -1 -1 -1 10 1
978 IN 979 982 86 34.5 8 -1
979 IN 980 981 53 0.5 9 -1
980 LN -1 -1 -1 -1 10 0
981 LN -1 -1 -1 -1 10 0
982 LN -1 -1 -1 -1 9 0
983 IN 984 991 86 14.0 7 -1
984 IN 985 988 125 0.5 8 -1
985 IN 986 987 93 0.5 9 -1
986 LN -1 -1 -1 -1 10 0
987 LN -1 -1 -1 -1 10 1
988 IN 989 990 75 0.5 9 -1
989 LN -1 -1 -1 -1 10 0
990 LN -1 -1 -1 -1 10 0
991 IN 992 995 80 0.5 8 -1
992 IN 993 994 143 0.5 9 -1
993 LN -1 -1 -1 -1 10 0
994 LN -1 -1 -1 -1 10 0
995 IN 996 997 24 0.5 9 -1
996 LN -1 -1 -1 -1 10 0
997 LN -1 -1 -1 -1 10 0
998 IN 999 1008 131 0.5 5 -1
999 IN 1000 1007 80 0.5 6 -1
1000 IN 1001 1006 125 0.5 7 -1
1001 IN 1002 1005 124 0.5 8 -1
1002 IN 1003 1004 24 0.5 9 -1
1003 LN -1 -1 -1 -1 10 0
1004 LN -1 -1 -1 -1 10 0
1005 LN -1 -1 -1 -1 9 0
1006 LN -1 -1 -1 -1 8 0
1007 LN -1 -1 -1 -1 7 0
1008 LN -1 -1 -1 -1 6 1

[TREE 3]
NB_NODES: 1001
0 IN 1 548 138 0.5 0 -1
1 IN 2 303 77 0.5 1 -1
2 IN 3 170 1 0.5 2 -1
3 IN 4 103 100 0.5 3 -1
4 IN 5 62 59 0.5 4 -1
5 IN 6 33 39 0.5 5 -1
6 IN 7 20 29 0.5 6 -1
7 IN 8 15 0 84.5 7 -1
8 IN 9 12 72 0.5 8 -1
9 IN 10 11 36 0.5 9 -1
10 LN -1 -1 -1 -1 10 0
11 LN -1 -1 -1 -1 10 0
12 IN 13 14 22 0.5 9 -1
13 LN -1 -1 -1 -1 10 1
14 LN -1 -1 -1 -1 10 1
15 IN 16 19 151 2.5 8 -1
16 IN 17 18 86 20.0 9 -1
17 LN -1 -1 -1 -1 10 1
18 LN -1 -1 -1 -1 10 0
19 LN -1 -1 -1 -1 9 1
20 IN 21 26 128 0.5 7 -1
21 IN 22 25 42 0.5 8 -1
22 IN 23 24 129 0.5 9 -1
23 LN -1 -1 -1 -1 10 0
24 LN -1 -1 -1 -1 10 0
25 LN -1 -1 -1 -1 9 0
26 IN 27 30 151 2.5 8 -1
27 IN 28 29 93 0.5 9 -1
28 LN -1 -1 -1 -1 10 0
29 LN -1 -1 -1 -1 10 1
30 IN 31 32 14 0.5 9 -1
31 LN -1 -1 -1 -1 10 0
32 LN -1 -1 -1 -1 10 1
33 IN 34 49 34 0.5 6 -1
34 IN 35 42 21 0.5 7 -1
35 IN 36 39 18 7.5 8 -1
36 IN 37 38 143 0.5 9 -1
37 LN -1 -1 -1 -1 10 0
38 LN -1 -1 -1 -1 10 0
39 IN 40 41 111 172.5 9 -1
40 LN -1 -1 -1 -1 10 0
41 LN -1 -1 -1 -1 10 0
42 IN 43 46 0 73.0 8 -1
43 IN 44 45 46 0.5 9 -1
44 LN -1 -1 -1 -1 10 0
45 LN -1 -1 -1 -1 10 0
46 IN 47 48 33 0.5 9 -1
47 LN -1 -1 -1 -1 10 1
48 LN -1 -1 -1 -1 10 1
49 IN 50 57 134 0.5 7 -1
50 IN 51 54 110 0.5 8 -1
51 IN 52 53 69 0.5 9 -1
52 LN -1 -1 -1 -1 10 0
53 LN -1 -1 -1 -1 10 0
54 IN 55 56 147 0.5 9 -1
55 LN -1 -1 -1 -1 10 0
56 LN -1 -1 -1 -1 10 1
57 IN 58 61 14 0.5 8 -1
58 IN 59 60 51 0.5 9 -1
59 LN -1 -1 -1 -1 10 0
60 LN -1 -1 -1 -1 10 1
61 LN -1 -1 -1 -1 9 1
62 IN 63 88 78 0.5 5 -1
63 IN 64 77 106 0.5 6 -1
64 IN 65 70 121 0.5 7 -1
65 IN 66 67 144 2.5 8 -1
66 LN -1 -1 -1 -1 9 0
67 IN 68 69 74 0.5 9 -1
68 LN -1 -1 -1 -1 10 0
69 LN -1 -1 -1 -1 10 1
70 IN 71 74 92 0.5 8 -1
71 IN 72 73 6 0.5 9 -1
72 LN -1 -1 -1 -1 10 0
73 LN -1 -1 -1 -1 10 1
74 IN 75 76 52 0.5 9 -1
75 LN -1 -1 -1 -1 10 1
76 LN -1 -1 -1 -1 10 1
77 IN 78 83 18 5.5 7 -1
78 IN 79 82 130 0.5 8 -1
79 IN 80 81 71 0.5 9 -1
80 LN -1 -1 -1 -1 10 1
81 LN -1 -1 -1 -1 10 1
82 LN -1 -1 -1 -1 9 1
83 IN 84 87 14 0.5 8 -1
84 IN 85 86 86 31.5 9 -1
85 LN -1 -1 -1 -1 10 1
86 LN -1 -1 -1 -1 10 0
87 LN -1 -1 -1 -1 9 0
88 IN 89 102 118 0.5 6 -1
89 IN 90 95 109 0.5 7 -1
90 IN 91 94 151 2.5 8 -1
91 IN 92 93 48 0.5 9 -1
92 LN -1 -1 -1 -1 10 0
93 LN -1 -1 -1 -1 10 1
94 LN -1 -1 -1 -1 9 0
95 IN 96 99 142 0.5 8 -1
96 IN 97 98 18 7.0 9 -1
97 LN -1 -1 -1 -1 10 0
98 LN -1 -1 -1 -1 10 1
99 IN 100 101 64 0.5 9 -1
100 LN -1 -1 -1 -1 10 1
101 LN -1 -1 -1 -1 10 1
102 LN -1 -1 -1 -1 7 1
103 IN 104 145 24 0.5 4 -1
104 IN 105 136 66 0.5 5 -1
105 IN 106 121 65 0.5 6 -1
106 IN 107 114 0 62.5 7 -1
107 IN 108 111 84 0.5 8 -1
108 IN 109 110 150 0.5 9 -1
109 LN -1 -1 -1 -1 10 0
110 LN -1 -1 -1 -1 10 1
111 IN 112 113 29 0.5 9 -1
112 LN -1 -1 -1 -1 10 1
113 LN -1 -1 -1 -1 10 1
114 IN 115 118 86 28.5 8 -1
115 IN 116 117 86 21.5 9 -1
116 LN -1 -1 -1 -1 10 0
117 LN -1 -1 -1 -1 10 1
118 IN 119 120 39 0.5 9 -1
119 LN -1 -1 -1 -1 10 0
120 LN -1 -1 -1 -1 10 1
121 IN 122 129 128 0.5 7 -1
122 IN 123 126 116 0.5 8 -1
123 IN 124 125 76 0.5 9 -1
124 LN -1 -1 -1 -1 10 1
125 LN -1 -1 -1 -1 10 1
126 IN 127 128 6 0.5 9 -1
127 LN -1 -1 -1 -1 10 1
128 LN -1 -1 -1 -1 10 0
129 IN 130 133 16 0.5 8 -1
130 IN 131 132 109 0.5 9 -1
131 LN -1 -1 -1 -1 10 0
132 LN -1 -1 -1 -1 10 0
133 IN 134 135 123 0.5 9 -1
134 LN -1 -1 -1 -1 10 0
135 LN -1 -1 -1 -1 10 1
136 IN 137 144 151 3.5 6 -1
137 IN 138 143 118 0.5 7 -1
138 IN 139 142 33 0.5 8 -1
139 IN 140 141 84 0.5 9 -1
140 LN -1 -1 -1 -1 10 1
141 LN -1 -1 -1 -1 10 1
142 LN -1 -1 -1 -1 9 1
143 LN -1 -1 -1 -1 8 1
144 LN -1 -1 -1 -1 7 1
145 IN 146 161 51 0.5 5 -1
146 IN 147 152 86 12.5 6 -1
147 IN 148 149 48 0.5 7 -1
148 LN -1 -1 -1 -1 8 0
149 IN 150 151 16 0.5 8 -1
150 LN -1 -1 -1 -1 9 0
151 LN -1 -1 -1 -1 9 0
152 IN 153 158 87 31.0 7 -1
153 IN 154 157 78 0.5 8 -1
154 IN 155 156 0 56.5 9 -1
155 LN -1 -1 -1 -1 10 1
156 LN -1 -1 -1 -1 10 0
157 LN -1 -1 -1 -1 9 1
158 IN 159 160 151 4.5 8 -1
159 LN -1 -1 -1 -1 9 0
160 LN -1 -1 -1 -1 9 0
161 IN 162 165 0 65.5 6 -1
162 IN 163 164 92 0.5 7 -1
163 LN -1 -1 -1 -1 8 0
164 LN -1 -1 -1 -1 8 1
165 IN 166 169 3 1147.0 7 -1
166 IN 167 168 0 67.5 8 -1
167 LN -1 -1 -1 -1 9 0
168 LN -1 -1 -1 -1 9 1
169 LN -1 -1 -1 -1 8 1
170 IN 171 260 100 0.5 3 -1
171 IN 172 221 63 0.5 4 -1
172 IN 173 194 64 0.5 5 -1
173 IN 174 181 3 991.0 6 -1
174 IN 175 180 53 0.5 7 -1
175 IN 176 179 90 0.5 8 -1
176 IN 177 178 86 31.5 9 -1
177 LN -1 -1 -1 -1 10 1
178 LN -1 -1 -1 -1 10 1
179 LN -1 -1 -1 -1 9 1
180 LN -1 -1 -1 -1 8 0
181 IN 182 189 127 0.5 7 -1
182 IN 183 186 30 0.5 8 -1
183 IN 184 185 3 1415.5 9 -1
184 LN -1 -1 -1 -1 10 0
185 LN -1 -1 -1 -1 10 0
186 IN 187 188 53 0.5 9 -1
187 LN -1 -1 -1 -1 10 0
188 LN -1 -1 -1 -1 10 1
189 IN 190 193 7 0.5 8 -1
190 IN 191 192 115 0.5 9 -1
191 LN -1 -1 -1 -1 10 0
192 LN -1 -1 -1 -1 10 0
193 LN -1 -1 -1 -1 9 0
194 IN 195 210 143 0.5 6 -1
195 IN 196 203 3 1260.5 7 -1
196 IN 197 200 93 0.5 8 -1
197 IN 198 199 125 0.5 9 -1
198 LN -1 -1 -1 -1 10 0
199 LN -1 -1 -1 -1 10 0
200 IN 201 202 58 0.5 9 -1
201 LN -1 -1 -1 -1 10 0
202 LN -1 -1 -1 -1 10 0
203 IN 204 207 52 0.5 8 -1
204 IN 205 206 45 0.5 9 -1
205 LN -1 -1 -1 -1 10 0
206 LN -1 -1 -1 -1 10 0
207 IN 208 209 89 0.5 9 -1
208 LN -1 -1 -1 -1 10 0
209 LN -1 -1 -1 -1 10 1
210 IN 211 216 48 0.5 7 -1
211 IN 212 213 144 3.5 8 -1
212 LN -1 -1 -1 -1 9 1
213 IN 214 215 86 24.0 9 -1
214 LN -1 -1 -1 -1 10 1
215 LN -1 -1 -1 -1 10 0
216 IN 217 220 86 28.5 8 -1
217 IN 218 219 147 0.5 9 -1
218 LN -1 -1 -1 -1 10 1
219 LN -1 -1 -1 -1 10 0
220 LN -1 -1 -1 -1 9 0
221 IN 222 239 75 0.5 5 -1
222 IN 223 234 87 31.5 6 -1
223 IN 224 229 36 0.5 7 -1
224 IN 225 228 24 0.5 8 -1
225 IN 226 227 111 165.5 9 -1
226 LN -1 -1 -1 -1 10 0
227 LN -1 -1 -1 -1 10 0
228 LN -1 -1 -1 -1 9 0
229 IN 230 233 130 0.5 8 -1
230 IN 231 232 71 0.5 9 -1
231 LN -1 -1 -1 -1 10 0
232 LN -1 -1 -1 -1 10 0
233 LN -1 -1 -1 -1 9 0
234 IN 235 236 15 0.5 7 -1
235 LN -1 -1 -1 -1 8 0
236 IN 237 238 150 0.5 8 -1
237 LN -1 -1 -1 -1 9 0
238 LN -1 -1 -1 -1 9 0
239 IN 240 251 58 0.5 6 -1
240 IN 241 248 93 0.5 7 -1
241 IN 242 245 34 0.5 8 -1
242 IN 243 244 0 72.5 9 -1
243 LN -1 -1 -1 -1 10 0
244 LN -1 -1 -1 -1 10 0
245 IN 246 247 144 1.5 9 -1
246 LN -1 -1 -1 -1 10 1
247 LN -1 -1 -1 -1 10 0
248 IN 249 250 115 0.5 8 -1
249 LN -1 -1 -1 -1 9 1
250 LN -1 -1 -1 -1 9 0
251 IN 252 255 6 0.5 7 -1
252 IN 253 254 128 0.5 8 -1
253 LN -1 -1 -1 -1 9 0
254 LN -1 -1 -1 -1 9 0
255 IN 256 259 84 0.5 8 -1
256 IN 257 258 128 0.5 9 -1
257 LN -1 -1 -1 -1 10 0
258 LN -1 -1 -1 -1 10 0
259 LN -1 -1 -1 -1 9 0
260 IN 261 302 3 23184.0 4 -1
261 IN 262 285 71 0.5 5 -1
262 IN 263 276 24 0.5 6 -1
263 IN 264 271 135 0.5 7 -1
264 IN 265 268 63 0.5 8 -1
265 IN 266 267 130 0.5 9 -1
266 LN -1 -1 -1 -1 10 0
267 LN -1 -1 -1 -1 10 1
268 IN 269 270 39 0.5 9 -1
269 LN -1 -1 -1 -1 10 0
270 LN -1 -1 -1 -1 10 0
271 IN 272 273 3 1363.0 8 -1
272 LN -1 -1 -1 -1 9 0
273 IN 274 275 41 0.5 9 -1
274 LN -1 -1 -1 -1 10 0
275 LN -1 -1 -1 -1 10 1
276 IN 277 284 131 0.5 7 -1
277 IN 278 281 40 0.5 8 -1
278 IN 279 280 141 0.5 9 -1
279 LN -1 -1 -1 -1 10 0
280 LN -1 -1 -1 -1 10 1
281 IN 282 283 17 0.5 9 -1
282 LN -1 -1 -1 -1 10 1
283 LN -1 -1 -1 -1 10 1
284 LN -1 -1 -1 -1 8 0
285 IN 286 293 35 0.5 6 -1
286 IN 287 292 147 0.5 7 -1
287 IN 288 291 39 0.5 8 -1
288 IN 289 290 28 0.5 9 -1
289 LN -1 -1 -1 -1 10 1
290 LN -1 -1 -1 -1 10 0
291 LN -1 -1 -1 -1 9 0
292 LN -1 -1 -1 -1 8 0
293 IN 294 297 111 166.5 7 -1
294 IN 295 296 151 2.5 8 -1
295 LN -1 -1 -1 -1 9 0
296 LN -1 -1 -1 -1 9 0
297 IN 298 301 9 0.5 8 -1
298 IN 299 300 17 0.5 9 -1
299 LN -1 -1 -1 -1 10 1
300 LN -1 -1 -1 -1 10 1
301 LN -1 -1 -1 -1 9 0
302 LN -1 -1 -1 -1 5 0
303 IN 304 441 36 0.5 2 -1
304 IN 305 386 64 0.5 3 -1
305 IN 306 357 143 0.5 4 -1
306 IN 307 338 84 0.5 5 -1
307 IN 308 323 18 6.5 6 -1
308 IN 309 316 87 19.5 7 -1
309 IN 310 313 147 0.5 8 -1
310 IN 311 312 96 0.5 9 -1
311 LN -1 -1 -1 -1 10 1
312 LN -1 -1 -1 -1 10 1
313 IN 314 315 100 0.5 9 -1
314 LN -1 -1 -1 -1 10 0
315 LN -1 -1 -1 -1 10 1
316 IN 317 320 111 163.5 8 -1
317 IN 318 319 91 0.5 9 -1
318 LN -1 -1 -1 -1 10 1
319 LN -1 -1 -1 -1 10 0
320 IN 321 322 141 0.5 9 -1
321 LN -1 -1 -1 -1 10 1
322 LN -1 -1 -1 -1 10 0
323 IN 324 331 142 0.5 7 -1
324 IN 325 328 111 168.5 8 -1
325 IN 326 327 3 2450.0 9 -1
326 LN -1 -1 -1 -1 10 0
327 LN -1 -1 -1 -1 10 1
328 IN 329 330 17 0.5 9 -1
329 LN -1 -1 -1 -1 10 0
330 LN -1 -1 -1 -1 10 0
331 IN 332 335 48 0.5 8 -1
332 IN 333 334 58 0.5 9 -1
333 LN -1 -1 -1 -1 10 1
334 LN -1 -1 -1 -1 10 0
335 IN 336 337 87 15.5 9 -1
336 LN -1 -1 -1 -1 10 0
337 LN -1 -1 -1 -1 10 0
338 IN 339 348 58 0.5 6 -1
339 IN 340 347 24 0.5 7 -1
340 IN 341 344 129 0.5 8 -1
341 IN 342 343 123 0.5 9 -1
342 LN -1 -1 -1 -1 10 0
343 LN -1 -1 -1 -1 10 0
344 IN 345 346 151 2.5 9 -1
345 LN -1 -1 -1 -1 10 0
346 LN -1 -1 -1 -1 10 0
347 LN -1 -1 -1 -1 8 1
348 IN 349 354 16 0.5 7 -1
349 IN 350 353 39 0.5 8 -1
350 IN 351 352 91 0.5 9 -1
351 LN -1 -1 -1 -1 10 0
352 LN -1 -1 -1 -1 10 1
353 LN -1 -1 -1 -1 9 1
354 IN 355 356 87 14.0 8 -1
355 LN -1 -1 -1 -1 9 1
356 LN -1 -1 -1 -1 9 1
357 IN 358 375 123 0.5 5 -1
358 IN 359 360 144 2.5 6 -1
359 LN -1 -1 -1 -1 7 0
360 IN 361 368 100 0.5 7 -1
361 IN 362 365 58 0.5 8 -1
362 IN 363 364 110 0.5 9 -1
363 LN -1 -1 -1 -1 10 1
364 LN -1 -1 -1 -1 10 1
365 IN 366 367 87 23.5 9 -1
366 LN -1 -1 -1 -1 10 0
367 LN -1 -1 -1 -1 10 0
368 IN 369 372 86 26.5 8 -1
369 IN 370 371 151 2.5 9 -1
370 LN -1 -1 -1 -1 10 1
371 LN -1 -1 -1 -1 10 1
372 IN 373 374 1 0.5 9 -1
373 LN -1 -1 -1 -1 10 1
374 LN -1 -1 -1 -1 10 0
375 IN 376 385 131 0.5 6 -1
376 IN 377 384 11 0.5 7 -1
377 IN 378 381 84 0.5 8 -1
378 IN 379 380 71 0.5 9 -1
379 LN -1 -1 -1 -1 10 1
380 LN -1 -1 -1 -1 10 1
381 IN 382 383 0 66.0 9 -1
382 LN -1 -1 -1 -1 10 0
383 LN -1 -1 -1 -1 10 1
384 LN -1 -1 -1 -1 8 1
385 LN -1 -1 -1 -1 7 1
386 IN 387 416 34 0.5 4 -1
387 IN 388 399 3 874.0 5 -1
388 IN 389 396 53 0.5 6 -1
389 IN 390 395 118 0.5 7 -1
390 IN 391 394 46 0.5 8 -1
391 IN 392 393 59 0.5 9 -1
392 LN -1 -1 -1 -1 10 0
393 LN -1 -1 -1 -1 10 1
394 LN -1 -1 -1 -1 9 0
395 LN -1 -1 -1 -1 8 1
396 IN 397 398 129 0.5 7 -1
397 LN -1 -1 -1 -1 8 1
398 LN -1 -1 -1 -1 8 1
399 IN 400 415 0 84.5 6 -1
400 IN 401 408 123 0.5 7 -1
401 IN 402 405 127 0.5 8 -1
402 IN 403 404 0 68.5 9 -1
403 LN -1 -1 -1 -1 10 0
404 LN -1 -1 -1 -1 10 0
405 IN 406 407 87 13.5 9 -1
406 LN -1 -1 -1 -1 10 0
407 LN -1 -1 -1 -1 10 1
408 IN 409 412 35 0.5 8 -1
409 IN 410 411 130 0.5 9 -1
410 LN -1 -1 -1 -1 10 0
411 LN -1 -1 -1 -1 10 1
412 IN 413 414 111 159.5 9 -1
413 LN -1 -1 -1 -1 10 1
414 LN -1 -1 -1 -1 10 0
415 LN -1 -1 -1 -1 7 1
416 IN 417 432 7 0.5 5 -1
417 IN 418 429 9 0.5 6 -1
418 IN 419 424 134 0.5 7 -1
419 IN 420 421 129 0.5 8 -1
420 LN -1 -1 -1 -1 9 0
421 IN 422 423 142 0.5 9 -1
422 LN -1 -1 -1 -1 10 0
423 LN -1 -1 -1 -1 10 1
424 IN 425 428 121 0.5 8 -1
425 IN 426 427 57 0.5 9 -1
426 LN -1 -1 -1 -1 10 1
427 LN -1 -1 -1 -1 10 0
428 LN -1 -1 -1 -1 9 0
429 IN 430 431 28 0.5 7 -1
430 LN -1 -1 -1 -1 8 0
431 LN -1 -1 -1 -1 8 1
432 IN 433 434 105 0.5 6 -1
433 LN -1 -1 -1 -1 7 1
434 IN 435 440 70 0.5 7 -1
435 IN 436 439 111 175.5 8 -1
436 IN 437 438 129 0.5 9 -1
437 LN -1 -1 -1 -1 10 1
438 LN -1 -1 -1 -1 10 0
439 LN -1 -1 -1 -1 9 0
440 LN -1 -1 -1 -1 8 1
441 IN 442 513 21 0.5 3 -1
442 IN 443 464 2 0.5 4 -1
443 IN 444 455 83 0.5 5 -1
444 IN 445 446 151 0.5 6 -1
445 LN -1 -1 -1 -1 7 1
446 IN 447 454 60 0.5 7 -1
447 IN 448 451 22 0.5 8 -1
448 IN 449 450 85 0.5 9 -1
449 LN -1 -1 -1 -1 10 0
450 LN -1 -1 -1 -1 10 1
451 IN 452 453 46 0.5 9 -1
452 LN -1 -1 -1 -1 10 0
453 LN -1 -1 -1 -1 10 0
454 LN -1 -1 -1 -1 8 0
455 IN 456 463 91 0.5 6 -1
456 IN 457 462 121 0.5 7 -1
457 IN 458 461 29 0.5 8 -1
458 IN 459 460 144 9.0 9 -1
459 LN -1 -1 -1 -1 10 1
460 LN -1 -1 -1 -1 10 0
461 LN -1 -1 -1 -1 9 0
462 LN -1 -1 -1 -1 8 0
463 LN -1 -1 -1 -1 7 0
464 IN 465 486 110 0.5 5 -1
465 IN 466 477 57 0.5 6 -1
466 IN 467 472 59 0.5 7 -1
467 IN 468 471 131 0.5 8 -1
468 IN 469 470 90 0.5 9 -1
469 LN -1 -1 -1 -1 10 0
470 LN -1 -1 -1 -1 10 0
471 LN -1 -1 -1 -1 9 1
472 IN 473 474 70 0.5 8 -1
473 LN -1 -1 -1 -1 9 1
474 IN 475 476 18 7.0 9 -1
475 LN -1 -1 -1 -1 10 1
476 LN -1 -1 -1 -1 10 1
477 IN 478 485 0 76.5 7 -1
478 IN 479 482 63 0.5 8 -1
479 IN 480 481 82 0.5 9 -1
480 LN -1 -1 -1 -1 10 0
481 LN -1 -1 -1 -1 10 0
482 IN 483 484 135 0.5 9 -1
483 LN -1 -1 -1 -1 10 1
484 LN -1 -1 -1 -1 10 0
485 LN -1 -1 -1 -1 8 1
486 IN 487 500 28 0.5 6 -1
487 IN 488 493 134 0.5 7 -1
488 IN 489 492 151 4.0 8 -1
489 IN 490 491 18 8.5 9 -1
490 LN -1 -1 -1 -1 10 0
491 LN -1 -1 -1 -1 10 0
492 LN -1 -1 -1 -1 9 0
493 IN 494 497 65 0.5 8 -1
494 IN 495 496 17 0.5 9 -1
495 LN -1 -1 -1 -1 10 0
496 LN -1 -1 -1 -1 10 0
497 IN 498 499 72 0.5 9 -1
498 LN -1 -1 -1 -1 10 0
499 LN -1 -1 -1 -1 10 1
500 IN 501 508 58 0.5 7 -1
501 IN 502 505 71 0.5 8 -1
502 IN 503 504 47 0.5 9 -1
503 LN -1 -1 -1 -1 10 0
504 LN -1 -1 -1 -1 10 0
505 IN 506 507 10 0.5 9 -1
506 LN -1 -1 -1 -1 10 1
507 LN -1 -1 -1 -1 10 1
508 IN 509 512 144 14.5 8 -1
509 IN 510 511 111 158.5 9 -1
510 LN -1 -1 -1 -1 10 1
511 LN -1 -1 -1 -1 10 0
512 LN -1 -1 -1 -1 9 0
513 IN 514 543 72 0.5 4 -1
514 IN 515 530 111 172.0 5 -1
515 IN 516 523 100 0.5 6 -1
516 IN 517 522 39 0.5 7 -1
517 IN 518 521 121 0.5 8 -1
518 IN 519 520 144 2.5 9 -1
519 LN -1 -1 -1 -1 10 0
520 LN -1 -1 -1 -1 10 0
521 LN -1 -1 -1 -1 9 1
522 LN -1 -1 -1 -1 8 0
523 IN 524 529 125 0.5 7 -1
524 IN 525 528 124 0.5 8 -1
525 IN 526 527 87 26.0 9 -1
526 LN -1 -1 -1 -1 10 1
527 LN -1 -1 -1 -1 10 0
528 LN -1 -1 -1 -1 9 1
529 LN -1 -1 -1 -1 8 1
530 IN 531 538 87 20.5 6 -1
531 IN 532 537 45 0.5 7 -1
532 IN 533 536 111 181.5 8 -1
533 IN 534 535 0 63.0 9 -1
534 LN -1 -1 -1 -1 10 1
535 LN -1 -1 -1 -1 10 0
536 LN -1 -1 -1 -1 9 1
537 LN -1 -1 -1 -1 8 1
538 IN 539 542 86 31.0 7 -1
539 IN 540 541 3 1250.5 8 -1
540 LN -1 -1 -1 -1 9 0
541 LN -1 -1 -1 -1 9 0
542 LN -1 -1 -1 -1 8 0
543 IN 544 545 144 16.0 5 -1
544 LN -1 -1 -1 -1 6 1
545 IN 546 547 28 0.5 6 -1
546 LN -1 -1 -1 -1 7 0
547 LN -1 -1 -1 -1 7 1
548 IN 549 820 65 0.5 1 -1
549 IN 550 749 89 0.5 2 -1
550 IN 551 650 18 6.5 3 -1
551 IN 552 607 135 0.5 4 -1
552 IN 553 580 102 0.5 5 -1
553 IN 554 567 86 24.0 6 -1
554 IN 555 562 17 0.5 7 -1
555 IN 556 559 58 0.5 8 -1
556 IN 557 558 86 18.0 9 -1
557 LN -1 -1 -1 -1 10 0
558 LN -1 -1 -1 -1 10 1
559 IN 560 561 144 9.0 9 -1
560 LN -1 -1 -1 -1 10 0
561 LN -1 -1 -1 -1 10 0
562 IN 563 566 144 26.0 8 -1
563 IN 564 565 39 0.5 9 -1
564 LN -1 -1 -1 -1 10 1
565 LN -1 -1 -1 -1 10 0
566 LN -1 -1 -1 -1 9 0
567 IN 568 575 17 0.5 7 -1
568 IN 569 572 52 0.5 8 -1
569 IN 570 571 93 0.5 9 -1
570 LN -1 -1 -1 -1 10 0
571 LN -1 -1 -1 -1 10 1
572 IN 573 574 21 0.5 9 -1
573 LN -1 -1 -1 -1 10 0
574 LN -1 -1 -1 -1 10 1
575 IN 576 579 47 0.5 8 -1
576 IN 577 578 150 0.5 9 -1
577 LN -1 -1 -1 -1 10 0
578 LN -1 -1 -1 -1 10 0
579 LN -1 -1 -1 -1 9 1
580 IN 581 596 17 0.5 6 -1
581 IN 582 589 36 0.5 7 -1
582 IN 583 586 117 0.5 8 -1
583 IN 584 585 144 8.5 9 -1
584 LN -1 -1 -1 -1 10 0
585 LN -1 -1 -1 -1 10 0
586 IN 587 588 111 166.0 9 -1
587 LN -1 -1 -1 -1 10 1
588 LN -1 -1 -1 -1 10 0
589 IN 590 593 76 0.5 8 -1
590 IN 591 592 86 25.5 9 -1
591 LN -1 -1 -1 -1 10 1
592 LN -1 -1 -1 -1 10 0
593 IN 594 595 87 20.5 9 -1
594 LN -1 -1 -1 -1 10 0
595 LN -1 -1 -1 -1 10 0
596 IN 597 602 127 0.5 7 -1
597 IN 598 601 122 0.5 8 -1
598 IN 599 600 121 0.5 9 -1
599 LN -1 -1 -1 -1 10 0
600 LN -1 -1 -1 -1 10 0
601 LN -1 -1 -1 -1 9 0
602 IN 603 606 35 0.5 8 -1
603 IN 604 605 60 0.5 9 -1
604 LN -1 -1 -1 -1 10 1
605 LN -1 -1 -1 -1 10 1
606 LN -1 -1 -1 -1 9 0
607 IN 608 631 64 0.5 5 -1
608 IN 609 624 23 0.5 6 -1
609 IN 610 617 92 0.5 7 -1
610 IN 611 614 14 0.5 8 -1
611 IN 612 613 0 67.5 9 -1
612 LN -1 -1 -1 -1 10 0
613 LN -1 -1 -1 -1 10 0
614 IN 615 616 115 0.5 9 -1
615 LN -1 -1 -1 -1 10 0
616 LN -1 -1 -1 -1 10 1
617 IN 618 621 29 0.5 8 -1
618 IN 619 620 115 0.5 9 -1
619 LN -1 -1 -1 -1 10 0
620 LN -1 -1 -1 -1 10 1
621 IN 622 623 111 173.0 9 -1
622 LN -1 -1 -1 -1 10 1
623 LN -1 -1 -1 -1 10 1
624 IN 625 630 130 0.5 7 -1
625 IN 626 629 123 0.5 8 -1
626 IN 627 628 148 0.5 9 -1
627 LN -1 -1 -1 -1 10 0
628 LN -1 -1 -1 -1 10 0
629 LN -1 -1 -1 -1 9 0
630 LN -1 -1 -1 -1 8 1
631 IN 632 645 9 0.5 6 -1
632 IN 633 640 109 0.5 7 -1
633 IN 634 637 111 174.5 8 -1
634 IN 635 636 147 0.5 9 -1
635 LN -1 -1 -1 -1 10 0
636 LN -1 -1 -1 -1 10 0
637 IN 638 639 40 0.5 9 -1
638 LN -1 -1 -1 -1 10 0
639 LN -1 -1 -1 -1 10 0
640 IN 641 642 151 0.5 8 -1
641 LN -1 -1 -1 -1 9 1
642 IN 643 644 24 0.5 9 -1
643 LN -1 -1 -1 -1 10 0
644 LN -1 -1 -1 -1 10 0
645 IN 646 649 144 7.0 7 -1
646 IN 647 648 70 0.5 8 -1
647 LN -1 -1 -1 -1 9 1
648 LN -1 -1 -1 -1 9 0
649 LN -1 -1 -1 -1 8 1
650 IN 651 698 64 0.5 4 -1
651 IN 652 681 66 0.5 5 -1
652 IN 653 666 1 0.5 6 -1
653 IN 654 661 33 0.5 7 -1
654 IN 655 658 111 180.5 8 -1
655 IN 656 657 6 0.5 9 -1
656 LN -1 -1 -1 -1 10 0
657 LN -1 -1 -1 -1 10 0
658 IN 659 660 6 0.5 9 -1
659 LN -1 -1 -1 -1 10 0
660 LN -1 -1 -1 -1 10 1
661 IN 662 663 3 1000.0 8 -1
662 LN -1 -1 -1 -1 9 1
663 IN 664 665 54 0.5 9 -1
664 LN -1 -1 -1 -1 10 0
665 LN -1 -1 -1 -1 10 0
666 IN 667 674 111 160.5 7 -1
667 IN 668 671 58 0.5 8 -1
668 IN 669 670 3 2143.0 9 -1
669 LN -1 -1 -1 -1 10 0
670 LN -1 -1 -1 -1 10 0
671 IN 672 673 128 0.5 9 -1
672 LN -1 -1 -1 -1 10 1
673 LN -1 -1 -1 -1 10 0
674 IN 675 678 110 0.5 8 -1
675 IN 676 677 42 0.5 9 -1
676 LN -1 -1 -1 -1 10 0
677 LN -1 -1 -1 -1 10 0
678 IN 679 680 123 0.5 9 -1
679 LN -1 -1 -1 -1 10 0
680 LN -1 -1 -1 -1 10 0
681 IN 682 689 30 0.5 6 -1
682 IN 683 688 144 24.0 7 -1
683 IN 684 687 33 0.5 8 -1
684 IN 685 686 0 60.5 9 -1
685 LN -1 -1 -1 -1 10 0
686 LN -1 -1 -1 -1 10 1
687 LN -1 -1 -1 -1 9 1
688 LN -1 -1 -1 -1 8 0
689 IN 690 691 48 0.5 7 -1
690 LN -1 -1 -1 -1 8 0
691 IN 692 695 118 0.5 8 -1
692 IN 693 694 134 0.5 9 -1
693 LN -1 -1 -1 -1 10 0
694 LN -1 -1 -1 -1 10 0
695 IN 696 697 149 0.5 9 -1
696 LN -1 -1 -1 -1 10 1
697 LN -1 -1 -1 -1 10 1
698 IN 699 720 134 0.5 5 -1
699 IN 700 715 11 0.5 6 -1
700 IN 701 708 24 0.5 7 -1
701 IN 702 705 1 0.5 8 -1
702 IN 703 704 84 0.5 9 -1
703 LN -1 -1 -1 -1 10 0
704 LN -1 -1 -1 -1 10 0
705 IN 706 707 101 0.5 9 -1
706 LN -1 -1 -1 -1 10 0
707 LN -1 -1 -1 -1 10 0
708 IN 709 712 130 0.5 8 -1
709 IN 710 711 111 170.5 9 -1
710 LN -1 -1 -1 -1 10 0
711 LN -1 -1 -1 -1 10 0
712 IN 713 714 70 0.5 9 -1
713 LN -1 -1 -1 -1 10 0
714 LN -1 -1 -1 -1 10 0
715 IN 716 717 2 0.5 7 -1
716 LN -1 -1 -1 -1 8 0
717 IN 718 719 86 22.5 8 -1
718 LN -1 -1 -1 -1 9 1
719 LN -1 -1 -1 -1 9 1
720 IN 721 734 87 11.5 6 -1
721 IN 722 727 18 7.5 7 -1
722 IN 723 726 124 0.5 8 -1
723 IN 724 725 151 2.5 9 -1
724 LN -1 -1 -1 -1 10 0
725 LN -1 -1 -1 -1 10 0
726 LN -1 -1 -1 -1 9 0
727 IN 728 731 105 0.5 8 -1
728 IN 729 730 28 0.5 9 -1
729 LN -1 -1 -1 -1 10 0
730 LN -1 -1 -1 -1 10 0
731 IN 732 733 0 73.0 9 -1
732 LN -1 -1 -1 -1 10 0
733 LN -1 -1 -1 -1 10 0
734 IN 735 742 110 0.5 7 -1
735 IN 736 739 18 8.5 8 -1
736 IN 737 738 52 0.5 9 -1
737 LN -1 -1 -1 -1 10 0
738 LN -1 -1 -1 -1 10 0
739 IN 740 741 52 0.5 9 -1
740 LN -1 -1 -1 -1 10 0
741 LN -1 -1 -1 -1 10 0
742 IN 743 746 0 69.5 8 -1
743 IN 744 745 47 0.5 9 -1
744 LN -1 -1 -1 -1 10 0
745 LN -1 -1 -1 -1 10 0
746 IN 747 748 3 2962.0 9 -1
747 LN -1 -1 -1 -1 10 0
748 LN -1 -1 -1 -1 10 0
749 IN 750 799 42 0.5 3 -1
750 IN 751 782 10 0.5 4 -1
751 IN 752 769 18 7.5 5 -1
752 IN 753 768 79 0.5 6 -1
753 IN 754 761 39 0.5 7 -1
754 IN 755 758 6 0.5 8 -1
755 IN 756 757 15 0.5 9 -1
756 LN -1 -1 -1 -1 10 0
757 LN -1 -1 -1 -1 10 0
758 IN 759 760 46 0.5 9 -1
759 LN -1 -1 -1 -1 10 0
760 LN -1 -1 -1 -1 10 0
761 IN 762 765 28 0.5 8 -1
762 IN 763 764 80 0.5 9 -1
763 LN -1 -1 -1 -1 10 0
764 LN -1 -1 -1 -1 10 0
765 IN 766 767 97 0.5 9 -1
766 LN -1 -1 -1 -1 10 1
767 LN -1 -1 -1 -1 10 0
768 LN -1 -1 -1 -1 7 0
769 IN 770 781 124 0.5 6 -1
770 IN 771 776 129 0.5 7 -1
771 IN 772 775 51 0.5 8 -1
772 IN 773 774 57 0.5 9 -1
773 LN -1 -1 -1 -1 10 0
774 LN -1 -1 -1 -1 10 0
775 LN -1 -1 -1 -1 9 0
776 IN 777 780 0 79.5 8 -1
777 IN 778 779 123 0.5 9 -1
778 LN -1 -1 -1 -1 10 0
779 LN -1 -1 -1 -1 10 0
780 LN -1 -1 -1 -1 9 0
781 LN -1 -1 -1 -1 7 0
782 IN 783 792 128 0.5 5 -1
783 IN 784 791 125 0.5 6 -1
784 IN 785 790 76 0.5 7 -1
785 IN 786 789 116 0.5 8 -1
786 IN 787 788 127 0.5 9 -1
787 LN -1 -1 -1 -1 10 1
788 LN -1 -1 -1 -1 10 0
789 LN -1 -1 -1 -1 9 0
790 LN -1 -1 -1 -1 8 1
791 LN -1 -1 -1 -1 7 0
792 IN 793 794 151 1.5 6 -1
793 LN -1 -1 -1 -1 7 0
794 IN 795 796 122 0.5 7 -1
795 LN -1 -1 -1 -1 8 0
796 IN 797 798 86 14.0 8 -1
797 LN -1 -1 -1 -1 9 1
798 LN -1 -1 -1 -1 9 1
799 IN 800 819 53 0.5 4 -1
800 IN 801 810 57 0.5 5 -1
801 IN 802 809 84 0.5 6 -1
802 IN 803 804 18 6.5 7 -1
803 LN -1 -1 -1 -1 8 0
804 IN 805 808 111 169.0 8 -1
805 IN 806 807 150 0.5 9 -1
806 LN -1 -1 -1 -1 10 0
807 LN -1 -1 -1 -1 10 1
808 LN -1 -1 -1 -1 9 0
809 LN -1 -1 -1 -1 7 1
810 IN 811 818 10 0.5 6 -1
811 IN 812 813 97 0.5 7 -1
812 LN -1 -1 -1 -1 8 1
813 IN 814 815 122 0.5 8 -1
814 LN -1 -1 -1 -1 9 0
815 IN 816 817 70 0.5 9 -1
816 LN -1 -1 -1 -1 10 0
817 LN -1 -1 -1 -1 10 0
818 LN -1 -1 -1 -1 7 1
819 LN -1 -1 -1 -1 5 0
820 IN 821 896 1 0.5 2 -1
821 IN 822 895 50 0.5 3 -1
822 IN 823 868 53 0.5 4 -1
823 IN 824 851 87 35.0 5 -1
824 IN 825 840 100 0.5 6 -1
825 IN 826 833 21 0.5 7 -1
826 IN 827 830 51 0.5 8 -1
827 IN 828 829 78 0.5 9 -1
828 LN -1 -1 -1 -1 10 0
829 LN -1 -1 -1 -1 10 1
830 IN 831 832 116 0.5 9 -1
831 LN -1 -1 -1 -1 10 1
832 LN -1 -1 -1 -1 10 0
833 IN 834 837 46 0.5 8 -1
834 IN 835 836 78 0.5 9 -1
835 LN -1 -1 -1 -1 10 0
836 LN -1 -1 -1 -1 10 1
837 IN 838 839 111 161.0 9 -1
838 LN -1 -1 -1 -1 10 0
839 LN -1 -1 -1 -1 10 0
840 IN 841 848 0 75.5 7 -1
841 IN 842 845 41 0.5 8 -1
842 IN 843 844 115 0.5 9 -1
843 LN -1 -1 -1 -1 10 1
844 LN -1 -1 -1 -1 10 1
845 IN 846 847 105 0.5 9 -1
846 LN -1 -1 -1 -1 10 0
847 LN -1 -1 -1 -1 10 1
848 IN 849 850 151 4.0 8 -1
849 LN -1 -1 -1 -1 9 1
850 LN -1 -1 -1 -1 9 0
851 IN 852 867 10 0.5 6 -1
852 IN 853 860 151 4.5 7 -1
853 IN 854 857 84 0.5 8 -1
854 IN 855 856 109 0.5 9 -1
855 LN -1 -1 -1 -1 10 1
856 LN -1 -1 -1 -1 10 1
857 IN 858 859 23 0.5 9 -1
858 LN -1 -1 -1 -1 10 1
859 LN -1 -1 -1 -1 10 0
860 IN 861 864 150 0.5 8 -1
861 IN 862 863 21 0.5 9 -1
862 LN -1 -1 -1 -1 10 1
863 LN -1 -1 -1 -1 10 1
864 IN 865 866 123 0.5 9 -1
865 LN -1 -1 -1 -1 10 1
866 LN -1 -1 -1 -1 10 1
867 LN -1 -1 -1 -1 7 1
868 IN 869 882 17 0.5 5 -1
869 IN 870 873 58 0.5 6 -1
870 IN 871 872 14 0.5 7 -1
871 LN -1 -1 -1 -1 8 0
872 LN -1 -1 -1 -1 8 1
873 IN 874 879 85 0.5 7 -1
874 IN 875 878 91 0.5 8 -1
875 IN 876 877 83 0.5 9 -1
876 LN -1 -1 -1 -1 10 1
877 LN -1 -1 -1 -1 10 0
878 LN -1 -1 -1 -1 9 0
879 IN 880 881 18 6.0 8 -1
880 LN -1 -1 -1 -1 9 1
881 LN -1 -1 -1 -1 9 0
882 IN 883 892 122 0.5 6 -1
883 IN 884 891 0 77.5 7 -1
884 IN 885 888 134 0.5 8 -1
885 IN 886 887 151 2.5 9 -1
886 LN -1 -1 -1 -1 10 0
887 LN -1 -1 -1 -1 10 1
888 IN 889 890 87 18.5 9 -1
889 LN -1 -1 -1 -1 10 1
890 LN -1 -1 -1 -1 10 0
891 LN -1 -1 -1 -1 8 1
892 IN 893 894 57 0.5 7 -1
893 LN -1 -1 -1 -1 8 0
894 LN -1 -1 -1 -1 8 0
895 LN -1 -1 -1 -1 4 1
896 IN 897 958 91 0.5 3 -1
897 IN 898 929 109 0.5 4 -1
898 IN 899 924 114 0.5 5 -1
899 IN 900 911 34 0.5 6 -1
900 IN 901 906 100 0.5 7 -1
901 IN 902 905 75 0.5 8 -1
902 IN 903 904 7 0.5 9 -1
903 LN -1 -1 -1 -1 10 0
904 LN -1 -1 -1 -1 10 0
905 LN -1 -1 -1 -1 9 1
906 IN 907 910 83 0.5 8 -1
907 IN 908 909 0 78.0 9 -1
908 LN -1 -1 -1 -1 10 1
909 LN -1 -1 -1 -1 10 0
910 LN -1 -1 -1 -1 9 0
911 IN 912 919 15 0.5 7 -1
912 IN 913 916 116 0.5 8 -1
913 IN 914 915 151 2.5 9 -1
914 LN -1 -1 -1 -1 10 1
915 LN -1 -1 -1 -1 10 0
916 IN 917 918 150 0.5 9 -1
917 LN -1 -1 -1 -1 10 0
918 LN -1 -1 -1 -1 10 0
919 IN 920 923 41 0.5 8 -1
920 IN 921 922 85 0.5 9 -1
921 LN -1 -1 -1 -1 10 0
922 LN -1 -1 -1 -1 10 0
923 LN -1 -1 -1 -1 9 1
924 IN 925 928 57 0.5 6 -1
925 IN 926 927 101 0.5 7 -1
926 LN -1 -1 -1 -1 8 0
927 LN -1 -1 -1 -1 8 1
928 LN -1 -1 -1 -1 7 0
929 IN 930 945 18 7.5 5 -1
930 IN 931 942 114 0.5 6 -1
931 IN 932 937 102 0.5 7 -1
932 IN 933 936 97 0.5 8 -1
933 IN 934 935 47 0.5 9 -1
934 LN -1 -1 -1 -1 10 0
935 LN -1 -1 -1 -1 10 0
936 LN -1 -1 -1 -1 9 1
937 IN 938 941 53 0.5 8 -1
938 IN 939 940 134 0.5 9 -1
939 LN -1 -1 -1 -1 10 0
940 LN -1 -1 -1 -1 10 0
941 LN -1 -1 -1 -1 9 0
942 IN 943 944 59 0.5 7 -1
943 LN -1 -1 -1 -1 8 1
944 LN -1 -1 -1 -1 8 0
945 IN 946 953 34 0.5 6 -1
946 IN 947 952 76 0.5 7 -1
947 IN 948 949 82 0.5 8 -1
948 LN -1 -1 -1 -1 9 0
949 IN 950 951 6 0.5 9 -1
950 LN -1 -1 -1 -1 10 0
951 LN -1 -1 -1 -1 10 0
952 LN -1 -1 -1 -1 8 0
953 IN 954 955 52 0.5 7 -1
954 LN -1 -1 -1 -1 8 0
955 IN 956 957 48 0.5 8 -1
956 LN -1 -1 -1 -1 9 0
957 LN -1 -1 -1 -1 9 1
958 IN 959 980 151 3.5 4 -1
959 IN 960 975 78 0.5 5 -1
960 IN 961 974 149 0.5 6 -1
961 IN 962 967 101 0.5 7 -1
962 IN 963 966 36 0.5 8 -1
963 IN 964 965 0 53.5 9 -1
964 LN -1 -1 -1 -1 10 1
965 LN -1 -1 -1 -1 10 0
966 LN -1 -1 -1 -1 9 0
967 IN 968 971 144 7.0 8 -1
968 IN 969 970 6 0.5 9 -1
969 LN -1 -1 -1 -1 10 0
970 LN -1 -1 -1 -1 10 1
971 IN 972 973 114 0.5 9 -1
972 LN -1 -1 -1 -1 10 0
973 LN -1 -1 -1 -1 10 0
974 LN -1 -1 -1 -1 7 0
975 IN 976 977 109 0.5 6 -1
976 LN -1 -1 -1 -1 7 0
977 IN 978 979 0 68.0 7 -1
978 LN -1 -1 -1 -1 8 1
979 LN -1 -1 -1 -1 8 0
980 IN 981 998 148 0.5 5 -1
981 IN 982 995 130 0.5 6 -1
982 IN 983 990 0 72.5 7 -1
983 IN 984 987 109 0.5 8 -1
984 IN 985 986 57 0.5 9 -1
985 LN -1 -1 -1 -1 10 1
986 LN -1 -1 -1 -1 10 0
987 IN 988 989 3 4550.0 9 -1
988 LN -1 -1 -1 -1 10 0
989 LN -1 -1 -1 -1 10 0
990 IN 991 992 18 7.5 8 -1
991 LN -1 -1 -1 -1 9 0
992 IN 993 994 144 6.5 9 -1
993 LN -1 -1 -1 -1 10 1
994 LN -1 -1 -1 -1 10 1
995 IN 996 997 135 0.5 7 -1
996 LN -1 -1 -1 -1 8 1
997 LN -1 -1 -1 -1 8 1
998 IN 999 1000 0 62.5 6 -1
999 LN -1 -1 -1 -1 7 0
1000 LN -1 -1 -1 -1 7 0

[TREE 4]
NB_NODES: 995
0 IN 1 488 135 0.5 0 -1
1 IN 2 291 77 0.5 1 -1
2 IN 3 202 63 0.5 2 -1
3 IN 4 119 138 0.5 3 -1
4 IN 5 66 100 0.5 4 -1
5 IN 6 35 64 0.5 5 -1
6 IN 7 22 143 0.5 6 -1
7 IN 8 15 76 0.5 7 -1
8 IN 9 12 141 0.5 8 -1
9 IN 10 11 28 0.5 9 -1
10 LN -1 -1 -1 -1 10 0
11 LN -1 -1 -1 -1 10 1
12 IN 13 14 6 0.5 9 -1
13 LN -1 -1 -1 -1 10 1
14 LN -1 -1 -1 -1 10 0
15 IN 16 19 51 0.5 8 -1
16 IN 17 18 125 0.5 9 -1
17 LN -1 -1 -1 -1 10 0
18 LN -1 -1 -1 -1 10 1
19 IN 20 21 144 19.0 9 -1
20 LN -1 -1 -1 -1 10 1
21 LN -1 -1 -1 -1 10 0
22 IN 23 30 151 3.5 7 -1
23 IN 24 27 109 0.5 8 -1
24 IN 25 26 114 0.5 9 -1
25 LN -1 -1 -1 -1 10 1
26 LN -1 -1 -1 -1 10 0
27 IN 28 29 82 0.5 9 -1
28 LN -1 -1 -1 -1 10 0
29 LN -1 -1 -1 -1 10 1
30 IN 31 34 0 81.5 8 -1
31 IN 32 33 86 16.5 9 -1
32 LN -1 -1 -1 -1 10 1
33 LN -1 -1 -1 -1 10 1
34 LN -1 -1 -1 -1 9 1
35 IN 36 51 18 7.5 6 -1
36 IN 37 44 27 0.5 7 -1
37 IN 38 41 3 -9.9999915e6 8 -1
38 IN 39 40 110 0.5 9 -1
39 LN -1 -1 -1 -1 10 0
40 LN -1 -1 -1 -1 10 0
41 IN 42 43 69 0.5 9 -1
42 LN -1 -1 -1 -1 10 0
43 LN -1 -1 -1 -1 10 0
44 IN 45 48 148 0.5 8 -1
45 IN 46 47 86 14.0 9 -1
46 LN -1 -1 -1 -1 10 0
47 LN -1 -1 -1 -1 10 1
48 IN 49 50 33 0.5 9 -1
49 LN -1 -1 -1 -1 10 0
50 LN -1 -1 -1 -1 10 1
51 IN 52 59 111 165.5 7 -1
52 IN 53 56 141 0.5 8 -1
53 IN 54 55 86 18.5 9 -1
54 LN -1 -1 -1 -1 10 0
55 LN -1 -1 -1 -1 10 0
56 IN 57 58 0 79.0 9 -1
57 LN -1 -1 -1 -1 10 0
58 LN -1 -1 -1 -1 10 1
59 IN 60 63 114 0.5 8 -1
60 IN 61 62 17 0.5 9 -1
61 LN -1 -1 -1 -1 10 0
62 LN -1 -1 -1 -1 10 0
63 IN 64 65 129 0.5 9 -1
64 LN -1 -1 -1 -1 10 0
65 LN -1 -1 -1 -1 10 0
66 IN 67 96 122 0.5 5 -1
67 IN 68 81 151 1.5 6 -1
68 IN 69 76 76 0.5 7 -1
69 IN 70 73 105 0.5 8 -1
70 IN 71 72 93 0.5 9 -1
71 LN -1 -1 -1 -1 10 0
72 LN -1 -1 -1 -1 10 1
73 IN 74 75 78 0.5 9 -1
74 LN -1 -1 -1 -1 10 1
75 LN -1 -1 -1 -1 10 1
76 IN 77 80 3 1742.0 8 -1
77 IN 78 79 148 0.5 9 -1
78 LN -1 -1 -1 -1 10 0
79 LN -1 -1 -1 -1 10 1
80 LN -1 -1 -1 -1 9 1
81 IN 82 89 34 0.5 7 -1
82 IN 83 86 17 0.5 8 -1
83 IN 84 85 71 0.5 9 -1
84 LN -1 -1 -1 -1 10 0
85 LN -1 -1 -1 -1 10 1
86 IN 87 88 22 0.5 9 -1
87 LN -1 -1 -1 -1 10 0
88 LN -1 -1 -1 -1 10 0
89 IN 90 93 14 0.5 8 -1
90 IN 91 92 48 0.5 9 -1
91 LN -1 -1 -1 -1 10 1
92 LN -1 -1 -1 -1 10 1
93 IN 94 95 3 1325.5 9 -1
94 LN -1 -1 -1 -1 10 1
95 LN -1 -1 -1 -1 10 1
96 IN 97 110 36 0.5 6 -1
97 IN 98 103 29 0.5 7 -1
98 IN 99 100 0 54.5 8 -1
99 LN -1 -1 -1 -1 9 0
100 IN 101 102 52 0.5 9 -1
101 LN -1 -1 -1 -1 10 0
102 LN -1 -1 -1 -1 10 1
103 IN 104 107 1 0.5 8 -1
104 IN 105 106 45 0.5 9 -1
105 LN -1 -1 -1 -1 10 1
106 LN -1 -1 -1 -1 10 1
107 IN 108 109 84 0.5 9 -1
108 LN -1 -1 -1 -1 10 0
109 LN -1 -1 -1 -1 10 0
110 IN 111 118 83 0.5 7 -1
111 IN 112 115 151 4.5 8 -1
112 IN 113 114 24 0.5 9 -1
113 LN -1 -1 -1 -1 10 1
114 LN -1 -1 -1 -1 10 0
115 IN 116 117 143 0.5 9 -1
116 LN -1 -1 -1 -1 10 0
117 LN -1 -1 -1 -1 10 0
118 LN -1 -1 -1 -1 8 0
119 IN 120 169 33 0.5 4 -1
120 IN 121 140 64 0.5 5 -1
121 IN 122 131 15 0.5 6 -1
122 IN 123 124 3 -9.9999915e6 7 -1
123 LN -1 -1 -1 -1 8 0
124 IN 125 128 102 0.5 8 -1
125 IN 126 127 101 0.5 9 -1
126 LN -1 -1 -1 -1 10 1
127 LN -1 -1 -1 -1 10 0
128 IN 129 130 3 4573.0 9 -1
129 LN -1 -1 -1 -1 10 0
130 LN -1 -1 -1 -1 10 1
131 IN 132 139 111 174.5 7 -1
132 IN 133 136 111 159.5 8 -1
133 IN 134 135 30 0.5 9 -1
134 LN -1 -1 -1 -1 10 1
135 LN -1 -1 -1 -1 10 1
136 IN 137 138 0 74.5 9 -1
137 LN -1 -1 -1 -1 10 0
138 LN -1 -1 -1 -1 10 1
139 LN -1 -1 -1 -1 8 0
140 IN 141 154 130 0.5 6 -1
141 IN 142 149 3 19000.0 7 -1
142 IN 143 146 78 0.5 8 -1
143 IN 144 145 27 0.5 9 -1
144 LN -1 -1 -1 -1 10 0
145 LN -1 -1 -1 -1 10 0
146 IN 147 148 24 0.5 9 -1
147 LN -1 -1 -1 -1 10 0
148 LN -1 -1 -1 -1 10 0
149 IN 150 153 86 16.5 8 -1
150 IN 151 152 2 0.5 9 -1
151 LN -1 -1 -1 -1 10 0
152 LN -1 -1 -1 -1 10 1
153 LN -1 -1 -1 -1 9 0
154 IN 155 162 51 0.5 7 -1
155 IN 156 159 53 0.5 8 -1
156 IN 157 158 71 0.5 9 -1
157 LN -1 -1 -1 -1 10 0
158 LN -1 -1 -1 -1 10 0
159 IN 160 161 15 0.5 9 -1
160 LN -1 -1 -1 -1 10 0
161 LN -1 -1 -1 -1 10 1
162 IN 163 166 115 0.5 8 -1
163 IN 164 165 10 0.5 9 -1
164 LN -1 -1 -1 -1 10 1
165 LN -1 -1 -1 -1 10 0
166 IN 167 168 18 7.5 9 -1
167 LN -1 -1 -1 -1 10 1
168 LN -1 -1 -1 -1 10 1
169 IN 170 183 110 0.5 5 -1
170 IN 171 178 124 0.5 6 -1
171 IN 172 177 87 24.5 7 -1
172 IN 173 176 144 14.0 8 -1
173 IN 174 175 16 0.5 9 -1
174 LN -1 -1 -1 -1 10 0
175 LN -1 -1 -1 -1 10 0
176 LN -1 -1 -1 -1 9 1
177 LN -1 -1 -1 -1 8 0
178 IN 179 182 17 0.5 7 -1
179 IN 180 181 76 0.5 8 -1
180 LN -1 -1 -1 -1 9 1
181 LN -1 -1 -1 -1 9 0
182 LN -1 -1 -1 -1 8 1
183 IN 184 193 3 760.0 6 -1
184 IN 185 190 129 0.5 7 -1
185 IN 186 189 111 168.5 8 -1
186 IN 187 188 144 24.0 9 -1
187 LN -1 -1 -1 -1 10 1
188 LN -1 -1 -1 -1 10 0
189 LN -1 -1 -1 -1 9 1
190 IN 191 192 58 0.5 8 -1
191 LN -1 -1 -1 -1 9 1
192 LN -1 -1 -1 -1 9 1
193 IN 194 201 66 0.5 7 -1
194 IN 195 198 129 0.5 8 -1
195 IN 196 197 124 0.5 9 -1
196 LN -1 -1 -1 -1 10 0
197 LN -1 -1 -1 -1 10 0
198 IN 199 200 0 67.0 9 -1
199 LN -1 -1 -1 -1 10 1
200 LN -1 -1 -1 -1 10 0
201 LN -1 -1 -1 -1 8 1
202 IN 203 220 86 11.5 3 -1
203 IN 204 209 48 0.5 4 -1
204 IN 205 206 3 2625.0 5 -1
205 LN -1 -1 -1 -1 6 0
206 IN 207 208 3 7110.0 6 -1
207 LN -1 -1 -1 -1 7 0
208 LN -1 -1 -1 -1 7 0
209 IN 210 219 111 175.5 5 -1
210 IN 211 218 40 0.5 6 -1
211 IN 212 213 54 0.5 7 -1
212 LN -1 -1 -1 -1 8 0
213 IN 214 215 36 0.5 8 -1
214 LN -1 -1 -1 -1 9 0
215 IN 216 217 149 0.5 9 -1
216 LN -1 -1 -1 -1 10 0
217 LN -1 -1 -1 -1 10 0
218 LN -1 -1 -1 -1 7 0
219 LN -1 -1 -1 -1 6 0
220 IN 221 266 93 0.5 4 -1
221 IN 222 251 118 0.5 5 -1
222 IN 223 238 27 0.5 6 -1
223 IN 224 231 106 0.5 7 -1
224 IN 225 228 3 1580.0 8 -1
225 IN 226 227 86 26.5 9 -1
226 LN -1 -1 -1 -1 10 0
227 LN -1 -1 -1 -1 10 0
228 IN 229 230 82 0.5 9 -1
229 LN -1 -1 -1 -1 10 0
230 LN -1 -1 -1 -1 10 0
231 IN 232 235 86 17.5 8 -1
232 IN 233 234 89 0.5 9 -1
233 LN -1 -1 -1 -1 10 0
234 LN -1 -1 -1 -1 10 0
235 IN 236 237 52 0.5 9 -1
236 LN -1 -1 -1 -1 10 0
237 LN -1 -1 -1 -1 10 0
238 IN 239 246 35 0.5 7 -1
239 IN 240 243 36 0.5 8 -1
240 IN 241 242 3 840.0 9 -1
241 LN -1 -1 -1 -1 10 0
242 LN -1 -1 -1 -1 10 1
243 IN 244 245 57 0.5 9 -1
244 LN -1 -1 -1 -1 10 0
245 LN -1 -1 -1 -1 10 0
246 IN 247 248 53 0.5 8 -1
247 LN -1 -1 -1 -1 9 1
248 IN 249 250 102 0.5 9 -1
249 LN -1 -1 -1 -1 10 0
250 LN -1 -1 -1 -1 10 0
251 IN 252 259 85 0.5 6 -1
252 IN 253 258 111 169.0 7 -1
253 IN 254 255 6 0.5 8 -1
254 LN -1 -1 -1 -1 9 0
255 IN 256 257 15 0.5 9 -1
256 LN -1 -1 -1 -1 10 0
257 LN -1 -1 -1 -1 10 1
258 LN -1 -1 -1 -1 8 0
259 IN 260 265 59 0.5 7 -1
260 IN 261 264 121 0.5 8 -1
261 IN 262 263 137 0.5 9 -1
262 LN -1 -1 -1 -1 10 0
263 LN -1 -1 -1 -1 10 1
264 LN -1 -1 -1 -1 9 1
265 LN -1 -1 -1 -1 8 1
266 IN 267 274 86 16.5 5 -1
267 IN 268 271 1 0.5 6 -1
268 IN 269 270 36 0.5 7 -1
269 LN -1 -1 -1 -1 8 0
270 LN -1 -1 -1 -1 8 0
271 IN 272 273 123 0.5 7 -1
272 LN -1 -1 -1 -1 8 0
273 LN -1 -1 -1 -1 8 1
274 IN 275 284 2 0.5 6 -1
275 IN 276 279 111 170.5 7 -1
276 IN 277 278 69 0.5 8 -1
277 LN -1 -1 -1 -1 9 0
278 LN -1 -1 -1 -1 9 1
279 IN 280 283 58 0.5 8 -1
280 IN 281 282 105 0.5 9 -1
281 LN -1 -1 -1 -1 10 0
282 LN -1 -1 -1 -1 10 0
283 LN -1 -1 -1 -1 9 0
284 IN 285 290 124 0.5 7 -1
285 IN 286 289 0 77.0 8 -1
286 IN 287 288 53 0.5 9 -1
287 LN -1 -1 -1 -1 10 0
288 LN -1 -1 -1 -1 10 1
289 LN -1 -1 -1 -1 9 1
290 LN -1 -1 -1 -1 8 1
291 IN 292 403 100 0.5 2 -1
292 IN 293 356 111 169.5 3 -1
293 IN 294 331 33 0.5 4 -1
294 IN 295 322 90 0.5 5 -1
295 IN 296 311 138 0.5 6 -1
296 IN 297 304 3 2102.5 7 -1
297 IN 298 301 147 0.5 8 -1
298 IN 299 300 102 0.5 9 -1
299 LN -1 -1 -1 -1 10 1
300 LN -1 -1 -1 -1 10 0
301 IN 302 303 86 34.5 9 -1
302 LN -1 -1 -1 -1 10 0
303 LN -1 -1 -1 -1 10 1
304 IN 305 308 64 0.5 8 -1
305 IN 306 307 151 2.5 9 -1
306 LN -1 -1 -1 -1 10 1
307 LN -1 -1 -1 -1 10 0
308 IN 309 310 151 2.5 9 -1
309 LN -1 -1 -1 -1 10 1
310 LN -1 -1 -1 -1 10 1
311 IN 312 317 28 0.5 7 -1
312 IN 313 314 151 0.5 8 -1
313 LN -1 -1 -1 -1 9 1
314 IN 315 316 52 0.5 9 -1
315 LN -1 -1 -1 -1 10 0
316 LN -1 -1 -1 -1 10 0
317 IN 318 319 18 4.5 8 -1
318 LN -1 -1 -1 -1 9 1
319 IN 320 321 70 0.5 9 -1
320 LN -1 -1 -1 -1 10 0
321 LN -1 -1 -1 -1 10 1
322 IN 323 330 114 0.5 6 -1
323 IN 324 325 52 0.5 7 -1
324 LN -1 -1 -1 -1 8 0
325 IN 326 329 39 0.5 8 -1
326 IN 327 328 111 166.5 9 -1
327 LN -1 -1 -1 -1 10 1
328 LN -1 -1 -1 -1 10 0
329 LN -1 -1 -1 -1 9 0
330 LN -1 -1 -1 -1 7 1
331 IN 332 345 27 0.5 5 -1
332 IN 333 344 69 0.5 6 -1
333 IN 334 339 3 1200.0 7 -1
334 IN 335 338 91 0.5 8 -1
335 IN 336 337 15 0.5 9 -1
336 LN -1 -1 -1 -1 10 1
337 LN -1 -1 -1 -1 10 0
338 LN -1 -1 -1 -1 9 0
339 IN 340 343 64 0.5 8 -1
340 IN 341 342 0 78.5 9 -1
341 LN -1 -1 -1 -1 10 1
342 LN -1 -1 -1 -1 10 1
343 LN -1 -1 -1 -1 9 1
344 LN -1 -1 -1 -1 7 0
345 IN 346 355 41 0.5 6 -1
346 IN 347 354 18 6.5 7 -1
347 IN 348 351 91 0.5 8 -1
348 IN 349 350 45 0.5 9 -1
349 LN -1 -1 -1 -1 10 1
350 LN -1 -1 -1 -1 10 0
351 IN 352 353 105 0.5 9 -1
352 LN -1 -1 -1 -1 10 1
353 LN -1 -1 -1 -1 10 0
354 LN -1 -1 -1 -1 8 1
355 LN -1 -1 -1 -1 7 1
356 IN 357 386 84 0.5 4 -1
357 IN 358 383 60 0.5 5 -1
358 IN 359 368 144 5.5 6 -1
359 IN 360 367 8 0.5 7 -1
360 IN 361 364 86 11.5 8 -1
361 IN 362 363 129 0.5 9 -1
362 LN -1 -1 -1 -1 10 1
363 LN -1 -1 -1 -1 10 1
364 IN 365 366 42 0.5 9 -1
365 LN -1 -1 -1 -1 10 0
366 LN -1 -1 -1 -1 10 1
367 LN -1 -1 -1 -1 8 1
368 IN 369 376 65 0.5 7 -1
369 IN 370 373 57 0.5 8 -1
370 IN 371 372 102 0.5 9 -1
371 LN -1 -1 -1 -1 10 0
372 LN -1 -1 -1 -1 10 0
373 IN 374 375 87 28.5 9 -1
374 LN -1 -1 -1 -1 10 0
375 LN -1 -1 -1 -1 10 0
376 IN 377 380 24 0.5 8 -1
377 IN 378 379 6 0.5 9 -1
378 LN -1 -1 -1 -1 10 1
379 LN -1 -1 -1 -1 10 0
380 IN 381 382 6 0.5 9 -1
381 LN -1 -1 -1 -1 10 1
382 LN -1 -1 -1 -1 10 1
383 IN 384 385 114 0.5 6 -1
384 LN -1 -1 -1 -1 7 1
385 LN -1 -1 -1 -1 7 1
386 IN 387 402 3 4364.5 5 -1
387 IN 388 401 121 0.5 6 -1
388 IN 389 394 87 15.5 7 -1
389 IN 390 393 52 0.5 8 -1
390 IN 391 392 48 0.5 9 -1
391 LN -1 -1 -1 -1 10 1
392 LN -1 -1 -1 -1 10 0
393 LN -1 -1 -1 -1 9 0
394 IN 395 398 21 0.5 8 -1
395 IN 396 397 87 35.0 9 -1
396 LN -1 -1 -1 -1 10 0
397 LN -1 -1 -1 -1 10 0
398 IN 399 400 29 0.5 9 -1
399 LN -1 -1 -1 -1 10 0
400 LN -1 -1 -1 -1 10 0
401 LN -1 -1 -1 -1 7 1
402 LN -1 -1 -1 -1 6 1
403 IN 404 457 22 0.5 3 -1
404 IN 405 446 125 0.5 4 -1
405 IN 406 435 111 181.0 5 -1
406 IN 407 422 28 0.5 6 -1
407 IN 408 415 27 0.5 7 -1
408 IN 409 412 130 0.5 8 -1
409 IN 410 411 138 0.5 9 -1
410 LN -1 -1 -1 -1 10 1
411 LN -1 -1 -1 -1 10 0
412 IN 413 414 39 0.5 9 -1
413 LN -1 -1 -1 -1 10 0
414 LN -1 -1 -1 -1 10 1
415 IN 416 419 138 0.5 8 -1
416 IN 417 418 129 0.5 9 -1
417 LN -1 -1 -1 -1 10 1
418 LN -1 -1 -1 -1 10 1
419 IN 420 421 34 0.5 9 -1
420 LN -1 -1 -1 -1 10 1
421 LN -1 -1 -1 -1 10 0
422 IN 423 430 21 0.5 7 -1
423 IN 424 427 15 0.5 8 -1
424 IN 425 426 91 0.5 9 -1
425 LN -1 -1 -1 -1 10 1
426 LN -1 -1 -1 -1 10 1
427 IN 428 429 110 0.5 9 -1
428 LN -1 -1 -1 -1 10 1
429 LN -1 -1 -1 -1 10 1
430 IN 431 434 114 0.5 8 -1
431 IN 432 433 0 58.5 9 -1
432 LN -1 -1 -1 -1 10 0
433 LN -1 -1 -1 -1 10 0
434 LN -1 -1 -1 -1 9 1
435 IN 436 441 106 0.5 6 -1
436 IN 437 440 85 0.5 7 -1
437 IN 438 439 7 0.5 8 -1
438 LN -1 -1 -1 -1 9 0
439 LN -1 -1 -1 -1 9 0
440 LN -1 -1 -1 -1 8 0
441 IN 442 443 137 0.5 7 -1
442 LN -1 -1 -1 -1 8 0
443 IN 444 445 116 0.5 8 -1
444 LN -1 -1 -1 -1 9 0
445 LN -1 -1 -1 -1 9 0
446 IN 447 456 151 4.5 5 -1
447 IN 448 455 143 0.5 6 -1
448 IN 449 450 18 7.5 7 -1
449 LN -1 -1 -1 -1 8 1
450 IN 451 454 72 0.5 8 -1
451 IN 452 453 81 0.5 9 -1
452 LN -1 -1 -1 -1 10 1
453 LN -1 -1 -1 -1 10 1
454 LN -1 -1 -1 -1 9 1
455 LN -1 -1 -1 -1 7 1
456 LN -1 -1 -1 -1 6 0
457 IN 458 487 97 0.5 4 -1
458 IN 459 484 91 0.5 5 -1
459 IN 460 473 2 0.5 6 -1
460 IN 461 468 34 0.5 7 -1
461 IN 462 465 54 0.5 8 -1
462 IN 463 464 72 0.5 9 -1
463 LN -1 -1 -1 -1 10 0
464 LN -1 -1 -1 -1 10 0
465 IN 466 467 82 0.5 9 -1
466 LN -1 -1 -1 -1 10 0
467 LN -1 -1 -1 -1 10 1
468 IN 469 472 86 31.5 8 -1
469 IN 470 471 54 0.5 9 -1
470 LN -1 -1 -1 -1 10 1
471 LN -1 -1 -1 -1 10 1
472 LN -1 -1 -1 -1 9 0
473 IN 474 481 63 0.5 7 -1
474 IN 475 478 30 0.5 8 -1
475 IN 476 477 53 0.5 9 -1
476 LN -1 -1 -1 -1 10 1
477 LN -1 -1 -1 -1 10 1
478 IN 479 480 83 0.5 9 -1
479 LN -1 -1 -1 -1 10 1
480 LN -1 -1 -1 -1 10 0
481 IN 482 483 7 0.5 8 -1
482 LN -1 -1 -1 -1 9 0
483 LN -1 -1 -1 -1 9 0
484 IN 485 486 122 0.5 6 -1
485 LN -1 -1 -1 -1 7 0
486 LN -1 -1 -1 -1 7 0
487 LN -1 -1 -1 -1 5 0
488 IN 489 746 63 0.5 1 -1
489 IN 490 657 15 0.5 2 -1
490 IN 491 570 151 1.5 3 -1
491 IN 492 535 29 0.5 4 -1
492 IN 493 510 64 0.5 5 -1
493 IN 494 501 18 7.5 6 -1
494 IN 495 500 54 0.5 7 -1
495 IN 496 499 149 0.5 8 -1
496 IN 497 498 109 0.5 9 -1
497 LN -1 -1 -1 -1 10 1
498 LN -1 -1 -1 -1 10 0
499 LN -1 -1 -1 -1 9 0
500 LN -1 -1 -1 -1 8 0
501 IN 502 507 17 0.5 7 -1
502 IN 503 506 128 0.5 8 -1
503 IN 504 505 51 0.5 9 -1
504 LN -1 -1 -1 -1 10 0
505 LN -1 -1 -1 -1 10 1
506 LN -1 -1 -1 -1 9 0
507 IN 508 509 46 0.5 8 -1
508 LN -1 -1 -1 -1 9 0
509 LN -1 -1 -1 -1 9 1
510 IN 511 524 77 0.5 6 -1
511 IN 512 519 1 0.5 7 -1
512 IN 513 516 30 0.5 8 -1
513 IN 514 515 22 0.5 9 -1
514 LN -1 -1 -1 -1 10 1
515 LN -1 -1 -1 -1 10 0
516 IN 517 518 0 58.5 9 -1
517 LN -1 -1 -1 -1 10 0
518 LN -1 -1 -1 -1 10 0
519 IN 520 523 87 22.0 8 -1
520 IN 521 522 111 166.5 9 -1
521 LN -1 -1 -1 -1 10 0
522 LN -1 -1 -1 -1 10 0
523 LN -1 -1 -1 -1 9 0
524 IN 525 528 0 57.5 7 -1
525 IN 526 527 111 171.0 8 -1
526 LN -1 -1 -1 -1 9 0
527 LN -1 -1 -1 -1 9 0
528 IN 529 532 87 26.5 8 -1
529 IN 530 531 23 0.5 9 -1
530 LN -1 -1 -1 -1 10 0
531 LN -1 -1 -1 -1 10 0
532 IN 533 534 1 0.5 9 -1
533 LN -1 -1 -1 -1 10 1
534 LN -1 -1 -1 -1 10 0
535 IN 536 551 35 0.5 5 -1
536 IN 537 544 137 0.5 6 -1
537 IN 538 543 16 0.5 7 -1
538 IN 539 542 75 0.5 8 -1
539 IN 540 541 86 14.0 9 -1
540 LN -1 -1 -1 -1 10 0
541 LN -1 -1 -1 -1 10 0
542 LN -1 -1 -1 -1 9 0
543 LN -1 -1 -1 -1 8 0
544 IN 545 550 90 0.5 7 -1
545 IN 546 549 87 24.0 8 -1
546 IN 547 548 54 0.5 9 -1
547 LN -1 -1 -1 -1 10 0
548 LN -1 -1 -1 -1 10 1
549 LN -1 -1 -1 -1 9 0
550 LN -1 -1 -1 -1 8 1
551 IN 552 561 84 0.5 6 -1
552 IN 553 560 52 0.5 7 -1
553 IN 554 557 57 0.5 8 -1
554 IN 555 556 64 0.5 9 -1
555 LN -1 -1 -1 -1 10 0
556 LN -1 -1 -1 -1 10 0
557 IN 558 559 0 67.5 9 -1
558 LN -1 -1 -1 -1 10 0
559 LN -1 -1 -1 -1 10 0
560 LN -1 -1 -1 -1 8 0
561 IN 562 565 116 0.5 7 -1
562 IN 563 564 121 0.5 8 -1
563 LN -1 -1 -1 -1 9 0
564 LN -1 -1 -1 -1 9 0
565 IN 566 569 101 0.5 8 -1
566 IN 567 568 87 33.5 9 -1
567 LN -1 -1 -1 -1 10 0
568 LN -1 -1 -1 -1 10 1
569 LN -1 -1 -1 -1 9 0
570 IN 571 610 18 6.5 4 -1
571 IN 572 599 143 0.5 5 -1
572 IN 573 586 127 0.5 6 -1
573 IN 574 579 0 51.5 7 -1
574 IN 575 576 86 16.5 8 -1
575 LN -1 -1 -1 -1 9 1
576 IN 577 578 87 23.5 9 -1
577 LN -1 -1 -1 -1 10 0
578 LN -1 -1 -1 -1 10 1
579 IN 580 583 70 0.5 8 -1
580 IN 581 582 77 0.5 9 -1
581 LN -1 -1 -1 -1 10 0
582 LN -1 -1 -1 -1 10 0
583 IN 584 585 111 182.5 9 -1
584 LN -1 -1 -1 -1 10 0
585 LN -1 -1 -1 -1 10 0
586 IN 587 594 58 0.5 7 -1
587 IN 588 591 101 0.5 8 -1
588 IN 589 590 117 0.5 9 -1
589 LN -1 -1 -1 -1 10 0
590 LN -1 -1 -1 -1 10 1
591 IN 592 593 121 0.5 9 -1
592 LN -1 -1 -1 -1 10 1
593 LN -1 -1 -1 -1 10 1
594 IN 595 596 151 2.5 8 -1
595 LN -1 -1 -1 -1 9 0
596 IN 597 598 1 0.5 9 -1
597 LN -1 -1 -1 -1 10 0
598 LN -1 -1 -1 -1 10 0
599 IN 600 607 28 0.5 6 -1
600 IN 601 604 59 0.5 7 -1
601 IN 602 603 30 0.5 8 -1
602 LN -1 -1 -1 -1 9 1
603 LN -1 -1 -1 -1 9 0
604 IN 605 606 1 0.5 8 -1
605 LN -1 -1 -1 -1 9 1
606 LN -1 -1 -1 -1 9 0
607 IN 608 609 124 0.5 7 -1
608 LN -1 -1 -1 -1 8 1
609 LN -1 -1 -1 -1 8 1
610 IN 611 628 2 0.5 5 -1
611 IN 612 627 111 197.0 6 -1
612 IN 613 620 29 0.5 7 -1
613 IN 614 617 93 0.5 8 -1
614 IN 615 616 28 0.5 9 -1
615 LN -1 -1 -1 -1 10 0
616 LN -1 -1 -1 -1 10 0
617 IN 618 619 52 0.5 9 -1
618 LN -1 -1 -1 -1 10 0
619 LN -1 -1 -1 -1 10 0
620 IN 621 624 51 0.5 8 -1
621 IN 622 623 65 0.5 9 -1
622 LN -1 -1 -1 -1 10 0
623 LN -1 -1 -1 -1 10 0
624 IN 625 626 34 0.5 9 -1
625 LN -1 -1 -1 -1 10 0
626 LN -1 -1 -1 -1 10 1
627 LN -1 -1 -1 -1 7 1
628 IN 629 644 85 0.5 6 -1
629 IN 630 637 6 0.5 7 -1
630 IN 631 634 18 8.5 8 -1
631 IN 632 633 97 0.5 9 -1
632 LN -1 -1 -1 -1 10 0
633 LN -1 -1 -1 -1 10 0
634 IN 635 636 106 0.5 9 -1
635 LN -1 -1 -1 -1 10 0
636 LN -1 -1 -1 -1 10 0
637 IN 638 641 87 22.0 8 -1
638 IN 639 640 17 0.5 9 -1
639 LN -1 -1 -1 -1 10 0
640 LN -1 -1 -1 -1 10 0
641 IN 642 643 86 28.5 9 -1
642 LN -1 -1 -1 -1 10 0
643 LN -1 -1 -1 -1 10 0
644 IN 645 652 51 0.5 7 -1
645 IN 646 649 39 0.5 8 -1
646 IN 647 648 10 0.5 9 -1
647 LN -1 -1 -1 -1 10 0
648 LN -1 -1 -1 -1 10 0
649 IN 650 651 125 0.5 9 -1
650 LN -1 -1 -1 -1 10 0
651 LN -1 -1 -1 -1 10 1
652 IN 653 656 71 0.5 8 -1
653 IN 654 655 144 7.0 9 -1
654 LN -1 -1 -1 -1 10 0
655 LN -1 -1 -1 -1 10 1
656 LN -1 -1 -1 -1 9 1
657 IN 658 725 69 0.5 3 -1
658 IN 659 706 10 0.5 4 -1
659 IN 660 681 1 0.5 5 -1
660 IN 661 672 90 0.5 6 -1
661 IN 662 667 48 0.5 7 -1
662 IN 663 666 9 0.5 8 -1
663 IN 664 665 142 0.5 9 -1
664 LN -1 -1 -1 -1 10 1
665 LN -1 -1 -1 -1 10 0
666 LN -1 -1 -1 -1 9 1
667 IN 668 669 86 14.0 8 -1
668 LN -1 -1 -1 -1 9 0
669 IN 670 671 29 0.5 9 -1
670 LN -1 -1 -1 -1 10 0
671 LN -1 -1 -1 -1 10 0
672 IN 673 674 86 11.5 7 -1
673 LN -1 -1 -1 -1 8 1
674 IN 675 678 57 0.5 8 -1
675 IN 676 677 76 0.5 9 -1
676 LN -1 -1 -1 -1 10 0
677 LN -1 -1 -1 -1 10 0
678 IN 679 680 115 0.5 9 -1
679 LN -1 -1 -1 -1 10 0
680 LN -1 -1 -1 -1 10 1
681 IN 682 697 123 0.5 6 -1
682 IN 683 690 144 4.5 7 -1
683 IN 684 687 46 0.5 8 -1
684 IN 685 686 0 54.5 9 -1
685 LN -1 -1 -1 -1 10 1
686 LN -1 -1 -1 -1 10 0
687 IN 688 689 128 0.5 9 -1
688 LN -1 -1 -1 -1 10 1
689 LN -1 -1 -1 -1 10 1
690 IN 691 694 76 0.5 8 -1
691 IN 692 693 101 0.5 9 -1
692 LN -1 -1 -1 -1 10 0
693 LN -1 -1 -1 -1 10 1
694 IN 695 696 36 0.5 9 -1
695 LN -1 -1 -1 -1 10 0
696 LN -1 -1 -1 -1 10 0
697 IN 698 705 115 0.5 7 -1
698 IN 699 702 76 0.5 8 -1
699 IN 700 701 0 74.5 9 -1
700 LN -1 -1 -1 -1 10 0
701 LN -1 -1 -1 -1 10 1
702 IN 703 704 101 0.5 9 -1
703 LN -1 -1 -1 -1 10 0
704 LN -1 -1 -1 -1 10 0
705 LN -1 -1 -1 -1 8 0
706 IN 707 710 151 0.5 5 -1
707 IN 708 709 144 5.5 6 -1
708 LN -1 -1 -1 -1 7 1
709 LN -1 -1 -1 -1 7 1
710 IN 711 712 86 11.5 6 -1
711 LN -1 -1 -1 -1 7 1
712 IN 713 718 22 0.5 7 -1
713 IN 714 717 117 0.5 8 -1
714 IN 715 716 0 53.5 9 -1
715 LN -1 -1 -1 -1 10 0
716 LN -1 -1 -1 -1 10 0
717 LN -1 -1 -1 -1 9 1
718 IN 719 722 109 0.5 8 -1
719 IN 720 721 29 0.5 9 -1
720 LN -1 -1 -1 -1 10 1
721 LN -1 -1 -1 -1 10 0
722 IN 723 724 144 24.0 9 -1
723 LN -1 -1 -1 -1 10 0
724 LN -1 -1 -1 -1 10 0
725 IN 726 739 57 0.5 4 -1
726 IN 727 738 54 0.5 5 -1
727 IN 728 729 87 11.5 6 -1
728 LN -1 -1 -1 -1 7 1
729 IN 730 737 41 0.5 7 -1
730 IN 731 734 0 59.0 8 -1
731 IN 732 733 144 2.5 9 -1
732 LN -1 -1 -1 -1 10 1
733 LN -1 -1 -1 -1 10 0
734 IN 735 736 76 0.5 9 -1
735 LN -1 -1 -1 -1 10 0
736 LN -1 -1 -1 -1 10 0
737 LN -1 -1 -1 -1 8 1
738 LN -1 -1 -1 -1 6 0
739 IN 740 745 36 0.5 5 -1
740 IN 741 742 111 175.5 6 -1
741 LN -1 -1 -1 -1 7 0
742 IN 743 744 128 0.5 7 -1
743 LN -1 -1 -1 -1 8 0
744 LN -1 -1 -1 -1 8 1
745 LN -1 -1 -1 -1 6 0
746 IN 747 816 142 0.5 2 -1
747 IN 748 793 35 0.5 3 -1
748 IN 749 768 75 0.5 4 -1
749 IN 750 761 121 0.5 5 -1
750 IN 751 760 10 0.5 6 -1
751 IN 752 757 29 0.5 7 -1
752 IN 753 756 18 9.5 8 -1
753 IN 754 755 86 24.0 9 -1
754 LN -1 -1 -1 -1 10 0
755 LN -1 -1 -1 -1 10 0
756 LN -1 -1 -1 -1 9 0
757 IN 758 759 92 0.5 8 -1
758 LN -1 -1 -1 -1 9 0
759 LN -1 -1 -1 -1 9 0
760 LN -1 -1 -1 -1 7 0
761 IN 762 763 18 5.5 6 -1
762 LN -1 -1 -1 -1 7 0
763 IN 764 765 54 0.5 7 -1
764 LN -1 -1 -1 -1 8 0
765 IN 766 767 92 0.5 8 -1
766 LN -1 -1 -1 -1 9 0
767 LN -1 -1 -1 -1 9 0
768 IN 769 782 34 0.5 5 -1
769 IN 770 777 58 0.5 6 -1
770 IN 771 776 3 2050.0 7 -1
771 IN 772 775 41 0.5 8 -1
772 IN 773 774 89 0.5 9 -1
773 LN -1 -1 -1 -1 10 0
774 LN -1 -1 -1 -1 10 0
775 LN -1 -1 -1 -1 9 1
776 LN -1 -1 -1 -1 8 0
777 IN 778 781 91 0.5 7 -1
778 IN 779 780 3 1800.0 8 -1
779 LN -1 -1 -1 -1 9 1
780 LN -1 -1 -1 -1 9 0
781 LN -1 -1 -1 -1 8 1
782 IN 783 792 16 0.5 6 -1
783 IN 784 789 151 4.0 7 -1
784 IN 785 786 105 0.5 8 -1
785 LN -1 -1 -1 -1 9 0
786 IN 787 788 18 8.5 9 -1
787 LN -1 -1 -1 -1 10 1
788 LN -1 -1 -1 -1 10 0
789 IN 790 791 102 0.5 8 -1
790 LN -1 -1 -1 -1 9 1
791 LN -1 -1 -1 -1 9 0
792 LN -1 -1 -1 -1 7 0
793 IN 794 815 93 0.5 4 -1
794 IN 795 814 3 5883.0 5 -1
795 IN 796 807 53 0.5 6 -1
796 IN 797 802 148 0.5 7 -1
797 IN 798 801 30 0.5 8 -1
798 IN 799 800 144 4.5 9 -1
799 LN -1 -1 -1 -1 10 0
800 LN -1 -1 -1 -1 10 0
801 LN -1 -1 -1 -1 9 0
802 IN 803 804 86 16.5 8 -1
803 LN -1 -1 -1 -1 9 0
804 IN 805 806 6 0.5 9 -1
805 LN -1 -1 -1 -1 10 1
806 LN -1 -1 -1 -1 10 1
807 IN 808 813 0 68.5 7 -1
808 IN 809 810 69 0.5 8 -1
809 LN -1 -1 -1 -1 9 0
810 IN 811 812 0 59.5 9 -1
811 LN -1 -1 -1 -1 10 0
812 LN -1 -1 -1 -1 10 0
813 LN -1 -1 -1 -1 8 0
814 LN -1 -1 -1 -1 6 0
815 LN -1 -1 -1 -1 5 1
816 IN 817 908 39 0.5 3 -1
817 IN 818 863 150 0.5 4 -1
818 IN 819 844 90 0.5 5 -1
819 IN 820 835 86 26.5 6 -1
820 IN 821 828 138 0.5 7 -1
821 IN 822 825 71 0.5 8 -1
822 IN 823 824 111 159.0 9 -1
823 LN -1 -1 -1 -1 10 1
824 LN -1 -1 -1 -1 10 0
825 IN 826 827 87 15.5 9 -1
826 LN -1 -1 -1 -1 10 0
827 LN -1 -1 -1 -1 10 0
828 IN 829 832 71 0.5 8 -1
829 IN 830 831 17 0.5 9 -1
830 LN -1 -1 -1 -1 10 0
831 LN -1 -1 -1 -1 10 0
832 IN 833 834 110 0.5 9 -1
833 LN -1 -1 -1 -1 10 0
834 LN -1 -1 -1 -1 10 0
835 IN 836 837 151 0.5 7 -1
836 LN -1 -1 -1 -1 8 1
837 IN 838 841 58 0.5 8 -1
838 IN 839 840 123 0.5 9 -1
839 LN -1 -1 -1 -1 10 0
840 LN -1 -1 -1 -1 10 0
841 IN 842 843 116 0.5 9 -1
842 LN -1 -1 -1 -1 10 0
843 LN -1 -1 -1 -1 10 0
844 IN 845 854 151 4.5 6 -1
845 IN 846 851 80 0.5 7 -1
846 IN 847 850 72 0.5 8 -1
847 IN 848 849 115 0.5 9 -1
848 LN -1 -1 -1 -1 10 0
849 LN -1 -1 -1 -1 10 0
850 LN -1 -1 -1 -1 9 1
851 IN 852 853 129 0.5 8 -1
852 LN -1 -1 -1 -1 9 1
853 LN -1 -1 -1 -1 9 0
854 IN 855 860 117 0.5 7 -1
855 IN 856 859 111 165.5 8 -1
856 IN 857 858 111 164.5 9 -1
857 LN -1 -1 -1 -1 10 0
858 LN -1 -1 -1 -1 10 0
859 LN -1 -1 -1 -1 9 0
860 IN 861 862 86 21.5 8 -1
861 LN -1 -1 -1 -1 9 0
862 LN -1 -1 -1 -1 9 0
863 IN 864 889 91 0.5 5 -1
864 IN 865 876 40 0.5 6 -1
865 IN 866 871 75 0.5 7 -1
866 IN 867 870 129 0.5 8 -1
867 IN 868 869 3 1250.0 9 -1
868 LN -1 -1 -1 -1 10 0
869 LN -1 -1 -1 -1 10 0
870 LN -1 -1 -1 -1 9 0
871 IN 872 875 85 0.5 8 -1
872 IN 873 874 122 0.5 9 -1
873 LN -1 -1 -1 -1 10 0
874 LN -1 -1 -1 -1 10 0
875 LN -1 -1 -1 -1 9 0
876 IN 877 884 116 0.5 7 -1
877 IN 878 881 144 4.0 8 -1
878 IN 879 880 90 0.5 9 -1
879 LN -1 -1 -1 -1 10 1
880 LN -1 -1 -1 -1 10 0
881 IN 882 883 86 12.5 9 -1
882 LN -1 -1 -1 -1 10 0
883 LN -1 -1 -1 -1 10 0
884 IN 885 888 84 0.5 8 -1
885 IN 886 887 137 0.5 9 -1
886 LN -1 -1 -1 -1 10 0
887 LN -1 -1 -1 -1 10 0
888 LN -1 -1 -1 -1 9 1
889 IN 890 899 129 0.5 6 -1
890 IN 891 896 70 0.5 7 -1
891 IN 892 893 18 7.5 8 -1
892 LN -1 -1 -1 -1 9 0
893 IN 894 895 71 0.5 9 -1
894 LN -1 -1 -1 -1 10 0
895 LN -1 -1 -1 -1 10 0
896 IN 897 898 87 26.0 8 -1
897 LN -1 -1 -1 -1 9 0
898 LN -1 -1 -1 -1 9 0
899 IN 900 907 117 0.5 7 -1
900 IN 901 904 48 0.5 8 -1
901 IN 902 903 110 0.5 9 -1
902 LN -1 -1 -1 -1 10 0
903 LN -1 -1 -1 -1 10 0
904 IN 905 906 101 0.5 9 -1
905 LN -1 -1 -1 -1 10 0
906 LN -1 -1 -1 -1 10 0
907 LN -1 -1 -1 -1 8 0
908 IN 909 962 128 0.5 4 -1
909 IN 910 935 138 0.5 5 -1
910 IN 911 924 97 0.5 6 -1
911 IN 912 919 87 26.5 7 -1
912 IN 913 916 2 0.5 8 -1
913 IN 914 915 0 63.5 9 -1
914 LN -1 -1 -1 -1 10 0
915 LN -1 -1 -1 -1 10 0
916 IN 917 918 111 154.0 9 -1
917 LN -1 -1 -1 -1 10 0
918 LN -1 -1 -1 -1 10 1
919 IN 920 923 24 0.5 8 -1
920 IN 921 922 116 0.5 9 -1
921 LN -1 -1 -1 -1 10 0
922 LN -1 -1 -1 -1 10 0
923 LN -1 -1 -1 -1 9 0
924 IN 925 930 23 0.5 7 -1
925 IN 926 927 86 14.0 8 -1
926 LN -1 -1 -1 -1 9 0
927 IN 928 929 6 0.5 9 -1
928 LN -1 -1 -1 -1 10 0
929 LN -1 -1 -1 -1 10 0
930 IN 931 934 0 58.0 8 -1
931 IN 932 933 85 0.5 9 -1
932 LN -1 -1 -1 -1 10 0
933 LN -1 -1 -1 -1 10 0
934 LN -1 -1 -1 -1 9 0
935 IN 936 949 75 0.5 6 -1
936 IN 937 944 16 0.5 7 -1
937 IN 938 941 86 12.5 8 -1
938 IN 939 940 83 0.5 9 -1
939 LN -1 -1 -1 -1 10 0
940 LN -1 -1 -1 -1 10 0
941 IN 942 943 1 0.5 9 -1
942 LN -1 -1 -1 -1 10 0
943 LN -1 -1 -1 -1 10 0
944 IN 945 948 92 0.5 8 -1
945 IN 946 947 3 3620.0 9 -1
946 LN -1 -1 -1 -1 10 0
947 LN -1 -1 -1 -1 10 0
948 LN -1 -1 -1 -1 9 0
949 IN 950 957 111 168.5 7 -1
950 IN 951 954 34 0.5 8 -1
951 IN 952 953 0 66.5 9 -1
952 LN -1 -1 -1 -1 10 0
953 LN -1 -1 -1 -1 10 0
954 IN 955 956 45 0.5 9 -1
955 LN -1 -1 -1 -1 10 0
956 LN -1 -1 -1 -1 10 1
957 IN 958 961 84 0.5 8 -1
958 IN 959 960 29 0.5 9 -1
959 LN -1 -1 -1 -1 10 0
960 LN -1 -1 -1 -1 10 0
961 LN -1 -1 -1 -1 9 0
962 IN 963 972 111 155.5 5 -1
963 IN 964 971 86 24.0 6 -1
964 IN 965 970 149 0.5 7 -1
965 IN 966 969 27 0.5 8 -1
966 IN 967 968 47 0.5 9 -1
967 LN -1 -1 -1 -1 10 0
968 LN -1 -1 -1 -1 10 1
969 LN -1 -1 -1 -1 9 1
970 LN -1 -1 -1 -1 8 0
971 LN -1 -1 -1 -1 7 0
972 IN 973 982 48 0.5 6 -1
973 IN 974 981 87 27.0 7 -1
974 IN 975 978 148 0.5 8 -1
975 IN 976 977 51 0.5 9 -1
976 LN -1 -1 -1 -1 10 0
977 LN -1 -1 -1 -1 10 0
978 IN 979 980 105 0.5 9 -1
979 LN -1 -1 -1 -1 10 0
980 LN -1 -1 -1 -1 10 0
981 LN -1 -1 -1 -1 8 0
982 IN 983 988 1 0.5 7 -1
983 IN 984 987 10 0.5 8 -1
984 IN 985 986 144 25.5 9 -1
985 LN -1 -1 -1 -1 10 0
986 LN -1 -1 -1 -1 10 0
987 LN -1 -1 -1 -1 9 0
988 IN 989 992 121 0.5 8 -1
989 IN 990 991 144 28.5 9 -1
990 LN -1 -1 -1 -1 10 0
991 LN -1 -1 -1 -1 10 1
992 IN 993 994 87 11.5 9 -1
993 LN -1 -1 -1 -1 10 0
994 LN -1 -1 -1 -1 10 0

[TREE 5]
NB_NODES: 1113
0 IN 1 540 18 7.5 0 -1
1 IN 2 289 135 0.5 1 -1
2 IN 3 174 1 0.5 2 -1
3 IN 4 95 64 0.5 3 -1
4 IN 5 48 150 0.5 4 -1
5 IN 6 37 45 0.5 5 -1
6 IN 7 22 63 0.5 6 -1
7 IN 8 15 102 0.5 7 -1
8 IN 9 12 124 0.5 8 -1
9 IN 10 11 97 0.5 9 -1
10 LN -1 -1 -1 -1 10 1
11 LN -1 -1 -1 -1 10 0
12 IN 13 14 33 0.5 9 -1
13 LN -1 -1 -1 -1 10 0
14 LN -1 -1 -1 -1 10 1
15 IN 16 19 96 0.5 8 -1
16 IN 17 18 39 0.5 9 -1
17 LN -1 -1 -1 -1 10 0
18 LN -1 -1 -1 -1 10 0
19 IN 20 21 46 0.5 9 -1
20 LN -1 -1 -1 -1 10 1
21 LN -1 -1 -1 -1 10 0
22 IN 23 30 0 57.5 7 -1
23 IN 24 27 83 0.5 8 -1
24 IN 25 26 151 1.5 9 -1
25 LN -1 -1 -1 -1 10 1
26 LN -1 -1 -1 -1 10 0
27 IN 28 29 92 0.5 9 -1
28 LN -1 -1 -1 -1 10 1
29 LN -1 -1 -1 -1 10 1
30 IN 31 34 144 7.5 8 -1
31 IN 32 33 24 0.5 9 -1
32 LN -1 -1 -1 -1 10 0
33 LN -1 -1 -1 -1 10 0
34 IN 35 36 70 0.5 9 -1
35 LN -1 -1 -1 -1 10 0
36 LN -1 -1 -1 -1 10 0
37 IN 38 45 24 0.5 6 -1
38 IN 39 44 30 0.5 7 -1
39 IN 40 43 27 0.5 8 -1
40 IN 41 42 127 0.5 9 -1
41 LN -1 -1 -1 -1 10 1
42 LN -1 -1 -1 -1 10 1
43 LN -1 -1 -1 -1 9 1
44 LN -1 -1 -1 -1 8 0
45 IN 46 47 0 56.0 7 -1
46 LN -1 -1 -1 -1 8 1
47 LN -1 -1 -1 -1 8 0
48 IN 49 70 18 5.5 5 -1
49 IN 50 61 3 1017.5 6 -1
50 IN 51 56 117 0.5 7 -1
51 IN 52 55 3 875.0 8 -1
52 IN 53 54 21 0.5 9 -1
53 LN -1 -1 -1 -1 10 1
54 LN -1 -1 -1 -1 10 1
55 LN -1 -1 -1 -1 9 1
56 IN 57 60 69 0.5 8 -1
57 IN 58 59 138 0.5 9 -1
58 LN -1 -1 -1 -1 10 1
59 LN -1 -1 -1 -1 10 1
60 LN -1 -1 -1 -1 9 1
61 IN 62 69 44 0.5 7 -1
62 IN 63 66 75 0.5 8 -1
63 IN 64 65 78 0.5 9 -1
64 LN -1 -1 -1 -1 10 1
65 LN -1 -1 -1 -1 10 1
66 IN 67 68 0 67.0 9 -1
67 LN -1 -1 -1 -1 10 0
68 LN -1 -1 -1 -1 10 0
69 LN -1 -1 -1 -1 8 1
70 IN 71 86 3 5495.0 6 -1
71 IN 72 79 102 0.5 7 -1
72 IN 73 76 69 0.5 8 -1
73 IN 74 75 0 82.5 9 -1
74 LN -1 -1 -1 -1 10 1
75 LN -1 -1 -1 -1 10 1
76 IN 77 78 76 0.5 9 -1
77 LN -1 -1 -1 -1 10 1
78 LN -1 -1 -1 -1 10 1
79 IN 80 83 14 0.5 8 -1
80 IN 81 82 34 0.5 9 -1
81 LN -1 -1 -1 -1 10 0
82 LN -1 -1 -1 -1 10 1
83 IN 84 85 65 0.5 9 -1
84 LN -1 -1 -1 -1 10 1
85 LN -1 -1 -1 -1 10 1
86 IN 87 94 102 0.5 7 -1
87 IN 88 91 30 0.5 8 -1
88 IN 89 90 111 166.5 9 -1
89 LN -1 -1 -1 -1 10 1
90 LN -1 -1 -1 -1 10 1
91 IN 92 93 6 0.5 9 -1
92 LN -1 -1 -1 -1 10 0
93 LN -1 -1 -1 -1 10 1
94 LN -1 -1 -1 -1 8 0
95 IN 96 147 91 0.5 4 -1
96 IN 97 122 30 0.5 5 -1
97 IN 98 111 100 0.5 6 -1
98 IN 99 104 111 152.5 7 -1
99 IN 100 103 151 2.5 8 -1
100 IN 101 102 125 0.5 9 -1
101 LN -1 -1 -1 -1 10 1
102 LN -1 -1 -1 -1 10 1
103 LN -1 -1 -1 -1 9 0
104 IN 105 108 47 0.5 8 -1
105 IN 106 107 0 76.5 9 -1
106 LN -1 -1 -1 -1 10 0
107 LN -1 -1 -1 -1 10 1
108 IN 109 110 24 0.5 9 -1
109 LN -1 -1 -1 -1 10 0
110 LN -1 -1 -1 -1 10 0
111 IN 112 117 45 0.5 7 -1
112 IN 113 116 3 10619.0 8 -1
113 IN 114 115 128 0.5 9 -1
114 LN -1 -1 -1 -1 10 1
115 LN -1 -1 -1 -1 10 1
116 LN -1 -1 -1 -1 9 1
117 IN 118 121 93 0.5 8 -1
118 IN 119 120 39 0.5 9 -1
119 LN -1 -1 -1 -1 10 1
120 LN -1 -1 -1 -1 10 0
121 LN -1 -1 -1 -1 9 1
122 IN 123 136 106 0.5 6 -1
123 IN 124 131 97 0.5 7 -1
124 IN 125 128 24 0.5 8 -1
125 IN 126 127 36 0.5 9 -1
126 LN -1 -1 -1 -1 10 0
127 LN -1 -1 -1 -1 10 0
128 IN 129 130 69 0.5 9 -1
129 LN -1 -1 -1 -1 10 0
130 LN -1 -1 -1 -1 10 0
131 IN 132 133 85 0.5 8 -1
132 LN -1 -1 -1 -1 9 1
133 IN 134 135 52 0.5 9 -1
134 LN -1 -1 -1 -1 10 1
135 LN -1 -1 -1 -1 10 0
136 IN 137 144 143 0.5 7 -1
137 IN 138 141 96 0.5 8 -1
138 IN 139 140 52 0.5 9 -1
139 LN -1 -1 -1 -1 10 1
140 LN -1 -1 -1 -1 10 0
141 IN 142 143 114 0.5 9 -1
142 LN -1 -1 -1 -1 10 0
143 LN -1 -1 -1 -1 10 0
144 IN 145 146 3 1300.0 8 -1
145 LN -1 -1 -1 -1 9 0
146 LN -1 -1 -1 -1 9 1
147 IN 148 173 87 37.5 5 -1
148 IN 149 162 82 0.5 6 -1
149 IN 150 157 53 0.5 7 -1
150 IN 151 154 147 0.5 8 -1
151 IN 152 153 3 -9.9999915e6 9 -1
152 LN -1 -1 -1 -1 10 0
153 LN -1 -1 -1 -1 10 0
154 IN 155 156 59 0.5 9 -1
155 LN -1 -1 -1 -1 10 0
156 LN -1 -1 -1 -1 10 1
157 IN 158 161 69 0.5 8 -1
158 IN 159 160 34 0.5 9 -1
159 LN -1 -1 -1 -1 10 0
160 LN -1 -1 -1 -1 10 1
161 LN -1 -1 -1 -1 9 0
162 IN 163 166 142 0.5 7 -1
163 IN 164 165 28 0.5 8 -1
164 LN -1 -1 -1 -1 9 0
165 LN -1 -1 -1 -1 9 0
166 IN 167 170 36 0.5 8 -1
167 IN 168 169 137 0.5 9 -1
168 LN -1 -1 -1 -1 10 0
169 LN -1 -1 -1 -1 10 1
170 IN 171 172 111 160.5 9 -1
171 LN -1 -1 -1 -1 10 1
172 LN -1 -1 -1 -1 10 0
173 LN -1 -1 -1 -1 6 0
174 IN 175 262 66 0.5 3 -1
175 IN 176 235 143 0.5 4 -1
176 IN 177 206 96 0.5 5 -1
177 IN 178 193 84 0.5 6 -1
178 IN 179 186 101 0.5 7 -1
179 IN 180 183 115 0.5 8 -1
180 IN 181 182 0 84.5 9 -1
181 LN -1 -1 -1 -1 10 0
182 LN -1 -1 -1 -1 10 1
183 IN 184 185 3 -9.9999915e6 9 -1
184 LN -1 -1 -1 -1 10 0
185 LN -1 -1 -1 -1 10 0
186 IN 187 190 82 0.5 8 -1
187 IN 188 189 23 0.5 9 -1
188 LN -1 -1 -1 -1 10 0
189 LN -1 -1 -1 -1 10 0
190 IN 191 192 0 57.0 9 -1
191 LN -1 -1 -1 -1 10 0
192 LN -1 -1 -1 -1 10 0
193 IN 194 201 3 1050.0 7 -1
194 IN 195 198 111 174.5 8 -1
195 IN 196 197 29 0.5 9 -1
196 LN -1 -1 -1 -1 10 1
197 LN -1 -1 -1 -1 10 0
198 IN 199 200 22 0.5 9 -1
199 LN -1 -1 -1 -1 10 0
200 LN -1 -1 -1 -1 10 0
201 IN 202 205 151 1.5 8 -1
202 IN 203 204 101 0.5 9 -1
203 LN -1 -1 -1 -1 10 0
204 LN -1 -1 -1 -1 10 0
205 LN -1 -1 -1 -1 9 0
206 IN 207 220 86 19.5 6 -1
207 IN 208 213 78 0.5 7 -1
208 IN 209 212 127 0.5 8 -1
209 IN 210 211 111 170.5 9 -1
210 LN -1 -1 -1 -1 10 0
211 LN -1 -1 -1 -1 10 0
212 LN -1 -1 -1 -1 9 0
213 IN 214 217 22 0.5 8 -1
214 IN 215 216 18 5.5 9 -1
215 LN -1 -1 -1 -1 10 1
216 LN -1 -1 -1 -1 10 1
217 IN 218 219 18 5.5 9 -1
218 LN -1 -1 -1 -1 10 0
219 LN -1 -1 -1 -1 10 0
220 IN 221 228 150 0.5 7 -1
221 IN 222 225 131 0.5 8 -1
222 IN 223 224 21 0.5 9 -1
223 LN -1 -1 -1 -1 10 0
224 LN -1 -1 -1 -1 10 1
225 IN 226 227 142 0.5 9 -1
226 LN -1 -1 -1 -1 10 0
227 LN -1 -1 -1 -1 10 1
228 IN 229 232 109 0.5 8 -1
229 IN 230 231 0 63.5 9 -1
230 LN -1 -1 -1 -1 10 1
231 LN -1 -1 -1 -1 10 0
232 IN 233 234 86 21.5 9 -1
233 LN -1 -1 -1 -1 10 1
234 LN -1 -1 -1 -1 10 0
235 IN 236 251 116 0.5 5 -1
236 IN 237 250 11 0.5 6 -1
237 IN 238 243 114 0.5 7 -1
238 IN 239 242 14 0.5 8 -1
239 IN 240 241 109 0.5 9 -1
240 LN -1 -1 -1 -1 10 0
241 LN -1 -1 -1 -1 10 0
242 LN -1 -1 -1 -1 9 0
243 IN 244 247 128 0.5 8 -1
244 IN 245 246 111 178.0 9 -1
245 LN -1 -1 -1 -1 10 0
246 LN -1 -1 -1 -1 10 0
247 IN 248 249 151 3.5 9 -1
248 LN -1 -1 -1 -1 10 1
249 LN -1 -1 -1 -1 10 1
250 LN -1 -1 -1 -1 7 1
251 IN 252 255 0 58.5 6 -1
252 IN 253 254 35 0.5 7 -1
253 LN -1 -1 -1 -1 8 1
254 LN -1 -1 -1 -1 8 1
255 IN 256 261 72 0.5 7 -1
256 IN 257 260 102 0.5 8 -1
257 IN 258 259 69 0.5 9 -1
258 LN -1 -1 -1 -1 10 1
259 LN -1 -1 -1 -1 10 0
260 LN -1 -1 -1 -1 9 0
261 LN -1 -1 -1 -1 8 1
262 IN 263 282 57 0.5 4 -1
263 IN 264 281 127 0.5 5 -1
264 IN 265 274 86 31.0 6 -1
265 IN 266 271 118 0.5 7 -1
266 IN 267 270 28 0.5 8 -1
267 IN 268 269 116 0.5 9 -1
268 LN -1 -1 -1 -1 10 1
269 LN -1 -1 -1 -1 10 1
270 LN -1 -1 -1 -1 9 1
271 IN 272 273 105 0.5 8 -1
272 LN -1 -1 -1 -1 9 1
273 LN -1 -1 -1 -1 9 1
274 IN 275 280 124 0.5 7 -1
275 IN 276 277 17 0.5 8 -1
276 LN -1 -1 -1 -1 9 0
277 IN 278 279 72 0.5 9 -1
278 LN -1 -1 -1 -1 10 1
279 LN -1 -1 -1 -1 10 1
280 LN -1 -1 -1 -1 8 1
281 LN -1 -1 -1 -1 6 0
282 IN 283 286 123 0.5 5 -1
283 IN 284 285 85 0.5 6 -1
284 LN -1 -1 -1 -1 7 0
285 LN -1 -1 -1 -1 7 0
286 IN 287 288 116 0.5 6 -1
287 LN -1 -1 -1 -1 7 1
288 LN -1 -1 -1 -1 7 1
289 IN 290 379 142 0.5 2 -1
290 IN 291 346 77 0.5 3 -1
291 IN 292 327 0 62.5 4 -1
292 IN 293 306 76 0.5 5 -1
293 IN 294 295 86 15.5 6 -1
294 LN -1 -1 -1 -1 7 0
295 IN 296 301 36 0.5 7 -1
296 IN 297 300 23 0.5 8 -1
297 IN 298 299 0 60.0 9 -1
298 LN -1 -1 -1 -1 10 1
299 LN -1 -1 -1 -1 10 0
300 LN -1 -1 -1 -1 9 0
301 IN 302 305 53 0.5 8 -1
302 IN 303 304 0 57.5 9 -1
303 LN -1 -1 -1 -1 10 0
304 LN -1 -1 -1 -1 10 0
305 LN -1 -1 -1 -1 9 0
306 IN 307 320 0 56.5 6 -1
307 IN 308 315 18 6.5 7 -1
308 IN 309 312 128 0.5 8 -1
309 IN 310 311 114 0.5 9 -1
310 LN -1 -1 -1 -1 10 0
311 LN -1 -1 -1 -1 10 0
312 IN 313 314 105 0.5 9 -1
313 LN -1 -1 -1 -1 10 1
314 LN -1 -1 -1 -1 10 1
315 IN 316 319 130 0.5 8 -1
316 IN 317 318 51 0.5 9 -1
317 LN -1 -1 -1 -1 10 1
318 LN -1 -1 -1 -1 10 0
319 LN -1 -1 -1 -1 9 1
320 IN 321 326 69 0.5 7 -1
321 IN 322 325 125 0.5 8 -1
322 IN 323 324 23 0.5 9 -1
323 LN -1 -1 -1 -1 10 0
324 LN -1 -1 -1 -1 10 0
325 LN -1 -1 -1 -1 9 0
326 LN -1 -1 -1 -1 8 0
327 IN 328 329 18 4.5 5 -1
328 LN -1 -1 -1 -1 6 1
329 IN 330 337 117 0.5 6 -1
330 IN 331 332 111 154.0 7 -1
331 LN -1 -1 -1 -1 8 0
332 IN 333 336 124 0.5 8 -1
333 IN 334 335 121 0.5 9 -1
334 LN -1 -1 -1 -1 10 0
335 LN -1 -1 -1 -1 10 0
336 LN -1 -1 -1 -1 9 1
337 IN 338 345 147 0.5 7 -1
338 IN 339 342 106 0.5 8 -1
339 IN 340 341 96 0.5 9 -1
340 LN -1 -1 -1 -1 10 1
341 LN -1 -1 -1 -1 10 0
342 IN 343 344 124 0.5 9 -1
343 LN -1 -1 -1 -1 10 1
344 LN -1 -1 -1 -1 10 1
345 LN -1 -1 -1 -1 8 1
346 IN 347 360 144 7.5 4 -1
347 IN 348 353 91 0.5 5 -1
348 IN 349 350 123 0.5 6 -1
349 LN -1 -1 -1 -1 7 0
350 IN 351 352 15 0.5 7 -1
351 LN -1 -1 -1 -1 8 1
352 LN -1 -1 -1 -1 8 0
353 IN 354 359 111 167.0 6 -1
354 IN 355 356 3 1175.0 7 -1
355 LN -1 -1 -1 -1 8 1
356 IN 357 358 114 0.5 8 -1
357 LN -1 -1 -1 -1 9 1
358 LN -1 -1 -1 -1 9 0
359 LN -1 -1 -1 -1 7 0
360 IN 361 378 42 0.5 5 -1
361 IN 362 369 106 0.5 6 -1
362 IN 363 368 69 0.5 7 -1
363 IN 364 367 0 67.5 8 -1
364 IN 365 366 87 31.0 9 -1
365 LN -1 -1 -1 -1 10 1
366 LN -1 -1 -1 -1 10 1
367 LN -1 -1 -1 -1 9 1
368 LN -1 -1 -1 -1 8 0
369 IN 370 375 63 0.5 7 -1
370 IN 371 374 30 0.5 8 -1
371 IN 372 373 7 0.5 9 -1
372 LN -1 -1 -1 -1 10 0
373 LN -1 -1 -1 -1 10 1
374 LN -1 -1 -1 -1 9 0
375 IN 376 377 71 0.5 8 -1
376 LN -1 -1 -1 -1 9 0
377 LN -1 -1 -1 -1 9 1
378 LN -1 -1 -1 -1 6 0
379 IN 380 461 137 0.5 3 -1
380 IN 381 428 63 0.5 4 -1
381 IN 382 401 18 4.5 5 -1
382 IN 383 396 14 0.5 6 -1
383 IN 384 389 129 0.5 7 -1
384 IN 385 388 42 0.5 8 -1
385 IN 386 387 0 60.5 9 -1
386 LN -1 -1 -1 -1 10 0
387 LN -1 -1 -1 -1 10 0
388 LN -1 -1 -1 -1 9 0
389 IN 390 393 97 0.5 8 -1
390 IN 391 392 78 0.5 9 -1
391 LN -1 -1 -1 -1 10 1
392 LN -1 -1 -1 -1 10 1
393 IN 394 395 65 0.5 9 -1
394 LN -1 -1 -1 -1 10 0
395 LN -1 -1 -1 -1 10 1
396 IN 397 400 46 0.5 7 -1
397 IN 398 399 87 18.5 8 -1
398 LN -1 -1 -1 -1 9 1
399 LN -1 -1 -1 -1 9 0
400 LN -1 -1 -1 -1 8 0
401 IN 402 417 10 0.5 6 -1
402 IN 403 410 64 0.5 7 -1
403 IN 404 407 1 0.5 8 -1
404 IN 405 406 85 0.5 9 -1
405 LN -1 -1 -1 -1 10 0
406 LN -1 -1 -1 -1 10 0
407 IN 408 409 0 74.0 9 -1
408 LN -1 -1 -1 -1 10 0
409 LN -1 -1 -1 -1 10 0
410 IN 411 414 1 0.5 8 -1
411 IN 412 413 111 175.5 9 -1
412 LN -1 -1 -1 -1 10 0
413 LN -1 -1 -1 -1 10 1
414 IN 415 416 127 0.5 9 -1
415 LN -1 -1 -1 -1 10 0
416 LN -1 -1 -1 -1 10 0
417 IN 418 423 151 2.5 7 -1
418 IN 419 422 72 0.5 8 -1
419 IN 420 421 27 0.5 9 -1
420 LN -1 -1 -1 -1 10 0
421 LN -1 -1 -1 -1 10 1
422 LN -1 -1 -1 -1 9 1
423 IN 424 427 128 0.5 8 -1
424 IN 425 426 111 164.5 9 -1
425 LN -1 -1 -1 -1 10 0
426 LN -1 -1 -1 -1 10 0
427 LN -1 -1 -1 -1 9 0
428 IN 429 454 33 0.5 5 -1
429 IN 430 443 30 0.5 6 -1
430 IN 431 438 35 0.5 7 -1
431 IN 432 435 144 3.5 8 -1
432 IN 433 434 116 0.5 9 -1
433 LN -1 -1 -1 -1 10 0
434 LN -1 -1 -1 -1 10 0
435 IN 436 437 111 163.5 9 -1
436 LN -1 -1 -1 -1 10 0
437 LN -1 -1 -1 -1 10 0
438 IN 439 442 41 0.5 8 -1
439 IN 440 441 22 0.5 9 -1
440 LN -1 -1 -1 -1 10 0
441 LN -1 -1 -1 -1 10 0
442 LN -1 -1 -1 -1 9 0
443 IN 444 447 151 0.5 7 -1
444 IN 445 446 91 0.5 8 -1
445 LN -1 -1 -1 -1 9 1
446 LN -1 -1 -1 -1 9 0
447 IN 448 451 14 0.5 8 -1
448 IN 449 450 76 0.5 9 -1
449 LN -1 -1 -1 -1 10 0
450 LN -1 -1 -1 -1 10 0
451 IN 452 453 41 0.5 9 -1
452 LN -1 -1 -1 -1 10 0
453 LN -1 -1 -1 -1 10 0
454 IN 455 460 84 0.5 6 -1
455 IN 456 459 18 5.5 7 -1
456 IN 457 458 129 0.5 8 -1
457 LN -1 -1 -1 -1 9 0
458 LN -1 -1 -1 -1 9 0
459 LN -1 -1 -1 -1 8 0
460 LN -1 -1 -1 -1 7 0
461 IN 462 505 150 0.5 4 -1
462 IN 463 488 30 0.5 5 -1
463 IN 464 479 59 0.5 6 -1
464 IN 465 472 18 6.5 7 -1
465 IN 466 469 14 0.5 8 -1
466 IN 467 468 69 0.5 9 -1
467 LN -1 -1 -1 -1 10 1
468 LN -1 -1 -1 -1 10 0
469 IN 470 471 3 439.5 9 -1
470 LN -1 -1 -1 -1 10 0
471 LN -1 -1 -1 -1 10 0
472 IN 473 476 27 0.5 8 -1
473 IN 474 475 102 0.5 9 -1
474 LN -1 -1 -1 -1 10 0
475 LN -1 -1 -1 -1 10 0
476 IN 477 478 123 0.5 9 -1
477 LN -1 -1 -1 -1 10 0
478 LN -1 -1 -1 -1 10 1
479 IN 480 487 63 0.5 7 -1
480 IN 481 484 109 0.5 8 -1
481 IN 482 483 39 0.5 9 -1
482 LN -1 -1 -1 -1 10 1
483 LN -1 -1 -1 -1 10 1
484 IN 485 486 148 0.5 9 -1
485 LN -1 -1 -1 -1 10 0
486 LN -1 -1 -1 -1 10 1
487 LN -1 -1 -1 -1 8 0
488 IN 489 496 2 0.5 6 -1
489 IN 490 495 42 0.5 7 -1
490 IN 491 494 130 0.5 8 -1
491 IN 492 493 116 0.5 9 -1
492 LN -1 -1 -1 -1 10 0
493 LN -1 -1 -1 -1 10 0
494 LN -1 -1 -1 -1 9 0
495 LN -1 -1 -1 -1 8 0
496 IN 497 502 0 75.5 7 -1
497 IN 498 501 48 0.5 8 -1
498 IN 499 500 127 0.5 9 -1
499 LN -1 -1 -1 -1 10 0
500 LN -1 -1 -1 -1 10 0
501 LN -1 -1 -1 -1 9 0
502 IN 503 504 101 0.5 8 -1
503 LN -1 -1 -1 -1 9 1
504 LN -1 -1 -1 -1 9 1
505 IN 506 527 115 0.5 5 -1
506 IN 507 518 70 0.5 6 -1
507 IN 508 515 87 35.0 7 -1
508 IN 509 512 28 0.5 8 -1
509 IN 510 511 18 5.5 9 -1
510 LN -1 -1 -1 -1 10 0
511 LN -1 -1 -1 -1 10 0
512 IN 513 514 96 0.5 9 -1
513 LN -1 -1 -1 -1 10 1
514 LN -1 -1 -1 -1 10 0
515 IN 516 517 123 0.5 8 -1
516 LN -1 -1 -1 -1 9 1
517 LN -1 -1 -1 -1 9 1
518 IN 519 524 0 66.0 7 -1
519 IN 520 521 34 0.5 8 -1
520 LN -1 -1 -1 -1 9 0
521 IN 522 523 82 0.5 9 -1
522 LN -1 -1 -1 -1 10 1
523 LN -1 -1 -1 -1 10 0
524 IN 525 526 85 0.5 8 -1
525 LN -1 -1 -1 -1 9 0
526 LN -1 -1 -1 -1 9 1
527 IN 528 535 22 0.5 6 -1
528 IN 529 534 53 0.5 7 -1
529 IN 530 533 39 0.5 8 -1
530 IN 531 532 92 0.5 9 -1
531 LN -1 -1 -1 -1 10 0
532 LN -1 -1 -1 -1 10 1
533 LN -1 -1 -1 -1 9 0
534 LN -1 -1 -1 -1 8 1
535 IN 536 539 91 0.5 7 -1
536 IN 537 538 0 66.0 8 -1
537 LN -1 -1 -1 -1 9 0
538 LN -1 -1 -1 -1 9 1
539 LN -1 -1 -1 -1 8 0
540 IN 541 836 137 0.5 1 -1
541 IN 542 667 135 0.5 2 -1
542 IN 543 626 100 0.5 3 -1
543 IN 544 589 10 0.5 4 -1
544 IN 545 572 34 0.5 5 -1
545 IN 546 559 41 0.5 6 -1
546 IN 547 554 28 0.5 7 -1
547 IN 548 551 33 0.5 8 -1
548 IN 549 550 1 0.5 9 -1
549 LN -1 -1 -1 -1 10 0
550 LN -1 -1 -1 -1 10 0
551 IN 552 553 96 0.5 9 -1
552 LN -1 -1 -1 -1 10 1
553 LN -1 -1 -1 -1 10 0
554 IN 555 558 8 0.5 8 -1
555 IN 556 557 149 0.5 9 -1
556 LN -1 -1 -1 -1 10 0
557 LN -1 -1 -1 -1 10 0
558 LN -1 -1 -1 -1 9 1
559 IN 560 567 52 0.5 7 -1
560 IN 561 564 86 28.5 8 -1
561 IN 562 563 97 0.5 9 -1
562 LN -1 -1 -1 -1 10 0
563 LN -1 -1 -1 -1 10 0
564 IN 565 566 48 0.5 9 -1
565 LN -1 -1 -1 -1 10 1
566 LN -1 -1 -1 -1 10 1
567 IN 568 571 150 0.5 8 -1
568 IN 569 570 16 0.5 9 -1
569 LN -1 -1 -1 -1 10 0
570 LN -1 -1 -1 -1 10 1
571 LN -1 -1 -1 -1 9 0
572 IN 573 582 51 0.5 6 -1
573 IN 574 581 78 0.5 7 -1
574 IN 575 578 111 175.5 8 -1
575 IN 576 577 0 79.5 9 -1
576 LN -1 -1 -1 -1 10 0
577 LN -1 -1 -1 -1 10 0
578 IN 579 580 3 -4.999637e6 9 -1
579 LN -1 -1 -1 -1 10 0
580 LN -1 -1 -1 -1 10 0
581 LN -1 -1 -1 -1 8 1
582 IN 583 588 87 32.0 7 -1
583 IN 584 585 86 14.0 8 -1
584 LN -1 -1 -1 -1 9 0
585 IN 586 587 46 0.5 9 -1
586 LN -1 -1 -1 -1 10 0
587 LN -1 -1 -1 -1 10 1
588 LN -1 -1 -1 -1 8 1
589 IN 590 615 77 0.5 5 -1
590 IN 591 606 101 0.5 6 -1
591 IN 592 599 92 0.5 7 -1
592 IN 593 596 17 0.5 8 -1
593 IN 594 595 40 0.5 9 -1
594 LN -1 -1 -1 -1 10 0
595 LN -1 -1 -1 -1 10 0
596 IN 597 598 47 0.5 9 -1
597 LN -1 -1 -1 -1 10 0
598 LN -1 -1 -1 -1 10 0
599 IN 600 603 41 0.5 8 -1
600 IN 601 602 144 13.0 9 -1
601 LN -1 -1 -1 -1 10 0
602 LN -1 -1 -1 -1 10 1
603 IN 604 605 148 0.5 9 -1
604 LN -1 -1 -1 -1 10 0
605 LN -1 -1 -1 -1 10 0
606 IN 607 614 59 0.5 7 -1
607 IN 608 611 83 0.5 8 -1
608 IN 609 610 71 0.5 9 -1
609 LN -1 -1 -1 -1 10 1
610 LN -1 -1 -1 -1 10 1
611 IN 612 613 106 0.5 9 -1
612 LN -1 -1 -1 -1 10 1
613 LN -1 -1 -1 -1 10 0
614 LN -1 -1 -1 -1 8 0
615 IN 616 623 18 8.5 6 -1
616 IN 617 622 128 0.5 7 -1
617 IN 618 621 29 0.5 8 -1
618 IN 619 620 87 21.0 9 -1
619 LN -1 -1 -1 -1 10 1
620 LN -1 -1 -1 -1 10 1
621 LN -1 -1 -1 -1 9 1
622 LN -1 -1 -1 -1 8 0
623 IN 624 625 29 0.5 7 -1
624 LN -1 -1 -1 -1 8 0
625 LN -1 -1 -1 -1 8 0
626 IN 627 666 45 0.5 4 -1
627 IN 628 649 18 8.5 5 -1
628 IN 629 642 115 0.5 6 -1
629 IN 630 635 29 0.5 7 -1
630 IN 631 634 144 26.5 8 -1
631 IN 632 633 125 0.5 9 -1
632 LN -1 -1 -1 -1 10 0
633 LN -1 -1 -1 -1 10 1
634 LN -1 -1 -1 -1 9 0
635 IN 636 639 6 0.5 8 -1
636 IN 637 638 40 0.5 9 -1
637 LN -1 -1 -1 -1 10 1
638 LN -1 -1 -1 -1 10 1
639 IN 640 641 70 0.5 9 -1
640 LN -1 -1 -1 -1 10 1
641 LN -1 -1 -1 -1 10 0
642 IN 643 648 69 0.5 7 -1
643 IN 644 647 0 79.5 8 -1
644 IN 645 646 21 0.5 9 -1
645 LN -1 -1 -1 -1 10 0
646 LN -1 -1 -1 -1 10 0
647 LN -1 -1 -1 -1 9 1
648 LN -1 -1 -1 -1 8 0
649 IN 650 661 121 0.5 6 -1
650 IN 651 658 0 69.5 7 -1
651 IN 652 655 6 0.5 8 -1
652 IN 653 654 51 0.5 9 -1
653 LN -1 -1 -1 -1 10 0
654 LN -1 -1 -1 -1 10 0
655 IN 656 657 65 0.5 9 -1
656 LN -1 -1 -1 -1 10 1
657 LN -1 -1 -1 -1 10 1
658 IN 659 660 125 0.5 8 -1
659 LN -1 -1 -1 -1 9 0
660 LN -1 -1 -1 -1 9 0
661 IN 662 663 69 0.5 7 -1
662 LN -1 -1 -1 -1 8 0
663 IN 664 665 86 15.5 8 -1
664 LN -1 -1 -1 -1 9 0
665 LN -1 -1 -1 -1 9 0
666 LN -1 -1 -1 -1 5 1
667 IN 668 759 75 0.5 3 -1
668 IN 669 718 110 0.5 4 -1
669 IN 670 693 0 73.5 5 -1
670 IN 671 686 0 69.5 6 -1
671 IN 672 679 63 0.5 7 -1
672 IN 673 676 51 0.5 8 -1
673 IN 674 675 60 0.5 9 -1
674 LN -1 -1 -1 -1 10 0
675 LN -1 -1 -1 -1 10 0
676 IN 677 678 28 0.5 9 -1
677 LN -1 -1 -1 -1 10 0
678 LN -1 -1 -1 -1 10 0
679 IN 680 683 111 163.5 8 -1
680 IN 681 682 89 0.5 9 -1
681 LN -1 -1 -1 -1 10 0
682 LN -1 -1 -1 -1 10 0
683 IN 684 685 46 0.5 9 -1
684 LN -1 -1 -1 -1 10 0
685 LN -1 -1 -1 -1 10 0
686 IN 687 692 129 0.5 7 -1
687 IN 688 689 97 0.5 8 -1
688 LN -1 -1 -1 -1 9 0
689 IN 690 691 18 9.5 9 -1
690 LN -1 -1 -1 -1 10 0
691 LN -1 -1 -1 -1 10 0
692 LN -1 -1 -1 -1 8 0
693 IN 694 705 102 0.5 6 -1
694 IN 695 702 90 0.5 7 -1
695 IN 696 699 28 0.5 8 -1
696 IN 697 698 30 0.5 9 -1
697 LN -1 -1 -1 -1 10 0
698 LN -1 -1 -1 -1 10 0
699 IN 700 701 35 0.5 9 -1
700 LN -1 -1 -1 -1 10 0
701 LN -1 -1 -1 -1 10 1
702 IN 703 704 115 0.5 8 -1
703 LN -1 -1 -1 -1 9 1
704 LN -1 -1 -1 -1 9 1
705 IN 706 711 76 0.5 7 -1
706 IN 707 708 151 2.5 8 -1
707 LN -1 -1 -1 -1 9 0
708 IN 709 710 148 0.5 9 -1
709 LN -1 -1 -1 -1 10 1
710 LN -1 -1 -1 -1 10 0
711 IN 712 715 47 0.5 8 -1
712 IN 713 714 144 4.5 9 -1
713 LN -1 -1 -1 -1 10 0
714 LN -1 -1 -1 -1 10 0
715 IN 716 717 111 175.5 9 -1
716 LN -1 -1 -1 -1 10 0
717 LN -1 -1 -1 -1 10 0
718 IN 719 744 128 0.5 5 -1
719 IN 720 729 58 0.5 6 -1
720 IN 721 722 0 50.5 7 -1
721 LN -1 -1 -1 -1 8 1
722 IN 723 726 1 0.5 8 -1
723 IN 724 725 89 0.5 9 -1
724 LN -1 -1 -1 -1 10 0
725 LN -1 -1 -1 -1 10 0
726 IN 727 728 28 0.5 9 -1
727 LN -1 -1 -1 -1 10 0
728 LN -1 -1 -1 -1 10 0
729 IN 730 737 23 0.5 7 -1
730 IN 731 734 117 0.5 8 -1
731 IN 732 733 89 0.5 9 -1
732 LN -1 -1 -1 -1 10 0
733 LN -1 -1 -1 -1 10 0
734 IN 735 736 15 0.5 9 -1
735 LN -1 -1 -1 -1 10 0
736 LN -1 -1 -1 -1 10 1
737 IN 738 741 144 1.5 8 -1
738 IN 739 740 35 0.5 9 -1
739 LN -1 -1 -1 -1 10 0
740 LN -1 -1 -1 -1 10 0
741 IN 742 743 87 12.5 9 -1
742 LN -1 -1 -1 -1 10 0
743 LN -1 -1 -1 -1 10 0
744 IN 745 758 121 0.5 6 -1
745 IN 746 753 65 0.5 7 -1
746 IN 747 750 53 0.5 8 -1
747 IN 748 749 0 60.5 9 -1
748 LN -1 -1 -1 -1 10 0
749 LN -1 -1 -1 -1 10 0
750 IN 751 752 114 0.5 9 -1
751 LN -1 -1 -1 -1 10 0
752 LN -1 -1 -1 -1 10 1
753 IN 754 757 46 0.5 8 -1
754 IN 755 756 23 0.5 9 -1
755 LN -1 -1 -1 -1 10 0
756 LN -1 -1 -1 -1 10 1
757 LN -1 -1 -1 -1 9 1
758 LN -1 -1 -1 -1 7 0
759 IN 760 813 51 0.5 4 -1
760 IN 761 784 2 0.5 5 -1
761 IN 762 775 82 0.5 6 -1
762 IN 763 770 16 0.5 7 -1
763 IN 764 767 22 0.5 8 -1
764 IN 765 766 8 0.5 9 -1
765 LN -1 -1 -1 -1 10 0
766 LN -1 -1 -1 -1 10 0
767 IN 768 769 7 0.5 9 -1
768 LN -1 -1 -1 -1 10 0
769 LN -1 -1 -1 -1 10 0
770 IN 771 774 71 0.5 8 -1
771 IN 772 773 29 0.5 9 -1
772 LN -1 -1 -1 -1 10 0
773 LN -1 -1 -1 -1 10 0
774 LN -1 -1 -1 -1 9 0
775 IN 776 783 144 25.5 7 -1
776 IN 777 780 109 0.5 8 -1
777 IN 778 779 86 21.5 9 -1
778 LN -1 -1 -1 -1 10 0
779 LN -1 -1 -1 -1 10 0
780 IN 781 782 87 17.5 9 -1
781 LN -1 -1 -1 -1 10 0
782 LN -1 -1 -1 -1 10 0
783 LN -1 -1 -1 -1 8 0
784 IN 785 800 151 3.5 6 -1
785 IN 786 793 111 164.5 7 -1
786 IN 787 790 101 0.5 8 -1
787 IN 788 789 87 23.5 9 -1
788 LN -1 -1 -1 -1 10 0
789 LN -1 -1 -1 -1 10 0
790 IN 791 792 116 0.5 9 -1
791 LN -1 -1 -1 -1 10 0
792 LN -1 -1 -1 -1 10 1
793 IN 794 797 147 0.5 8 -1
794 IN 795 796 86 21.5 9 -1
795 LN -1 -1 -1 -1 10 0
796 LN -1 -1 -1 -1 10 0
797 IN 798 799 111 173.5 9 -1
798 LN -1 -1 -1 -1 10 0
799 LN -1 -1 -1 -1 10 0
800 IN 801 808 21 0.5 7 -1
801 IN 802 805 96 0.5 8 -1
802 IN 803 804 116 0.5 9 -1
803 LN -1 -1 -1 -1 10 0
804 LN -1 -1 -1 -1 10 0
805 IN 806 807 123 0.5 9 -1
806 LN -1 -1 -1 -1 10 0
807 LN -1 -1 -1 -1 10 0
808 IN 809 812 3 4273.0 8 -1
809 IN 810 811 6 0.5 9 -1
810 LN -1 -1 -1 -1 10 0
811 LN -1 -1 -1 -1 10 0
812 LN -1 -1 -1 -1 9 1
813 IN 814 817 144 1.5 5 -1
814 IN 815 816 122 0.5 6 -1
815 LN -1 -1 -1 -1 7 0
816 LN -1 -1 -1 -1 7 1
817 IN 818 825 91 0.5 6 -1
818 IN 819 824 59 0.5 7 -1
819 IN 820 821 63 0.5 8 -1
820 LN -1 -1 -1 -1 9 0
821 IN 822 823 123 0.5 9 -1
822 LN -1 -1 -1 -1 10 0
823 LN -1 -1 -1 -1 10 0
824 LN -1 -1 -1 -1 8 1
825 IN 826 831 47 0.5 7 -1
826 IN 827 830 115 0.5 8 -1
827 IN 828 829 106 0.5 9 -1
828 LN -1 -1 -1 -1 10 0
829 LN -1 -1 -1 -1 10 0
830 LN -1 -1 -1 -1 9 0
831 IN 832 835 83 0.5 8 -1
832 IN 833 834 110 0.5 9 -1
833 LN -1 -1 -1 -1 10 0
834 LN -1 -1 -1 -1 10 0
835 LN -1 -1 -1 -1 9 1
836 IN 837 986 1 0.5 2 -1
837 IN 838 919 39 0.5 3 -1
838 IN 839 894 90 0.5 4 -1
839 IN 840 865 150 0.5 5 -1
840 IN 841 854 144 23.5 6 -1
841 IN 842 849 127 0.5 7 -1
842 IN 843 846 27 0.5 8 -1
843 IN 844 845 0 49.5 9 -1
844 LN -1 -1 -1 -1 10 1
845 LN -1 -1 -1 -1 10 0
846 IN 847 848 75 0.5 9 -1
847 LN -1 -1 -1 -1 10 1
848 LN -1 -1 -1 -1 10 0
849 IN 850 851 111 148.5 8 -1
850 LN -1 -1 -1 -1 9 1
851 IN 852 853 78 0.5 9 -1
852 LN -1 -1 -1 -1 10 0
853 LN -1 -1 -1 -1 10 1
854 IN 855 860 121 0.5 7 -1
855 IN 856 859 63 0.5 8 -1
856 IN 857 858 51 0.5 9 -1
857 LN -1 -1 -1 -1 10 0
858 LN -1 -1 -1 -1 10 0
859 LN -1 -1 -1 -1 9 0
860 IN 861 862 87 15.5 8 -1
861 LN -1 -1 -1 -1 9 0
862 IN 863 864 87 26.5 9 -1
863 LN -1 -1 -1 -1 10 0
864 LN -1 -1 -1 -1 10 1
865 IN 866 881 91 0.5 6 -1
866 IN 867 874 86 26.5 7 -1
867 IN 868 871 36 0.5 8 -1
868 IN 869 870 87 19.5 9 -1
869 LN -1 -1 -1 -1 10 1
870 LN -1 -1 -1 -1 10 1
871 IN 872 873 114 0.5 9 -1
872 LN -1 -1 -1 -1 10 0
873 LN -1 -1 -1 -1 10 1
874 IN 875 878 96 0.5 8 -1
875 IN 876 877 29 0.5 9 -1
876 LN -1 -1 -1 -1 10 0
877 LN -1 -1 -1 -1 10 1
878 IN 879 880 92 0.5 9 -1
879 LN -1 -1 -1 -1 10 1
880 LN -1 -1 -1 -1 10 0
881 IN 882 889 66 0.5 7 -1
882 IN 883 886 127 0.5 8 -1
883 IN 884 885 3 7481.5 9 -1
884 LN -1 -1 -1 -1 10 0
885 LN -1 -1 -1 -1 10 0
886 IN 887 888 48 0.5 9 -1
887 LN -1 -1 -1 -1 10 0
888 LN -1 -1 -1 -1 10 0
889 IN 890 893 54 0.5 8 -1
890 IN 891 892 106 0.5 9 -1
891 LN -1 -1 -1 -1 10 0
892 LN -1 -1 -1 -1 10 1
893 LN -1 -1 -1 -1 9 1
894 IN 895 914 111 168.5 5 -1
895 IN 896 905 86 21.5 6 -1
896 IN 897 904 96 0.5 7 -1
897 IN 898 901 28 0.5 8 -1
898 IN 899 900 86 18.5 9 -1
899 LN -1 -1 -1 -1 10 0
900 LN -1 -1 -1 -1 10 0
901 IN 902 903 17 0.5 9 -1
902 LN -1 -1 -1 -1 10 1
903 LN -1 -1 -1 -1 10 0
904 LN -1 -1 -1 -1 8 0
905 IN 906 913 130 0.5 7 -1
906 IN 907 910 69 0.5 8 -1
907 IN 908 909 36 0.5 9 -1
908 LN -1 -1 -1 -1 10 1
909 LN -1 -1 -1 -1 10 0
910 IN 911 912 57 0.5 9 -1
911 LN -1 -1 -1 -1 10 1
912 LN -1 -1 -1 -1 10 0
913 LN -1 -1 -1 -1 8 0
914 IN 915 916 47 0.5 6 -1
915 LN -1 -1 -1 -1 7 0
916 IN 917 918 53 0.5 7 -1
917 LN -1 -1 -1 -1 8 0
918 LN -1 -1 -1 -1 8 0
919 IN 920 965 111 170.5 4 -1
920 IN 921 948 102 0.5 5 -1
921 IN 922 935 24 0.5 6 -1
922 IN 923 930 3 1128.0 7 -1
923 IN 924 927 3 956.0 8 -1
924 IN 925 926 87 23.5 9 -1
925 LN -1 -1 -1 -1 10 1
926 LN -1 -1 -1 -1 10 0
927 IN 928 929 143 0.5 9 -1
928 LN -1 -1 -1 -1 10 1
929 LN -1 -1 -1 -1 10 1
930 IN 931 932 3 1487.5 8 -1
931 LN -1 -1 -1 -1 9 0
932 IN 933 934 111 154.5 9 -1
933 LN -1 -1 -1 -1 10 1
934 LN -1 -1 -1 -1 10 0
935 IN 936 941 0 67.5 7 -1
936 IN 937 940 93 0.5 8 -1
937 IN 938 939 63 0.5 9 -1
938 LN -1 -1 -1 -1 10 0
939 LN -1 -1 -1 -1 10 0
940 LN -1 -1 -1 -1 9 0
941 IN 942 945 101 0.5 8 -1
942 IN 943 944 48 0.5 9 -1
943 LN -1 -1 -1 -1 10 1
944 LN -1 -1 -1 -1 10 1
945 IN 946 947 28 0.5 9 -1
946 LN -1 -1 -1 -1 10 0
947 LN -1 -1 -1 -1 10 1
948 IN 949 962 93 0.5 6 -1
949 IN 950 957 143 0.5 7 -1
950 IN 951 954 3 1604.5 8 -1
951 IN 952 953 63 0.5 9 -1
952 LN -1 -1 -1 -1 10 0
953 LN -1 -1 -1 -1 10 0
954 IN 955 956 54 0.5 9 -1
955 LN -1 -1 -1 -1 10 0
956 LN -1 -1 -1 -1 10 0
957 IN 958 961 81 0.5 8 -1
958 IN 959 960 3 1300.5 9 -1
959 LN -1 -1 -1 -1 10 1
960 LN -1 -1 -1 -1 10 0
961 LN -1 -1 -1 -1 9 1
962 IN 963 964 57 0.5 7 -1
963 LN -1 -1 -1 -1 8 0
964 LN -1 -1 -1 -1 8 1
965 IN 966 979 85 0.5 5 -1
966 IN 967 978 70 0.5 6 -1
967 IN 968 973 143 0.5 7 -1
968 IN 969 972 111 175.5 8 -1
969 IN 970 971 6 0.5 9 -1
970 LN -1 -1 -1 -1 10 0
971 LN -1 -1 -1 -1 10 0
972 LN -1 -1 -1 -1 9 0
973 IN 974 977 129 0.5 8 -1
974 IN 975 976 134 0.5 9 -1
975 LN -1 -1 -1 -1 10 0
976 LN -1 -1 -1 -1 10 0
977 LN -1 -1 -1 -1 9 0
978 LN -1 -1 -1 -1 7 0
979 IN 980 985 116 0.5 6 -1
980 IN 981 984 105 0.5 7 -1
981 IN 982 983 54 0.5 8 -1
982 LN -1 -1 -1 -1 9 1
983 LN -1 -1 -1 -1 9 0
984 LN -1 -1 -1 -1 8 0
985 LN -1 -1 -1 -1 7 1
986 IN 987 1054 21 0.5 3 -1
987 IN 988 1041 45 0.5 4 -1
988 IN 989 1016 151 1.5 5 -1
989 IN 990 1003 87 16.5 6 -1
990 IN 991 998 30 0.5 7 -1
991 IN 992 995 124 0.5 8 -1
992 IN 993 994 90 0.5 9 -1
993 LN -1 -1 -1 -1 10 0
994 LN -1 -1 -1 -1 10 0
995 IN 996 997 97 0.5 9 -1
996 LN -1 -1 -1 -1 10 0
997 LN -1 -1 -1 -1 10 1
998 IN 999 1000 0 65.5 8 -1
999 LN -1 -1 -1 -1 9 0
1000 IN 1001 1002 144 9.5 9 -1
1001 LN -1 -1 -1 -1 10 0
1002 LN -1 -1 -1 -1 10 0
1003 IN 1004 1009 151 0.5 7 -1
1004 IN 1005 1008 35 0.5 8 -1
1005 IN 1006 1007 114 0.5 9 -1
1006 LN -1 -1 -1 -1 10 1
1007 LN -1 -1 -1 -1 10 1
1008 LN -1 -1 -1 -1 9 0
1009 IN 1010 1013 7 0.5 8 -1
1010 IN 1011 1012 53 0.5 9 -1
1011 LN -1 -1 -1 -1 10 0
1012 LN -1 -1 -1 -1 10 0
1013 IN 1014 1015 92 0.5 9 -1
1014 LN -1 -1 -1 -1 10 0
1015 LN -1 -1 -1 -1 10 1
1016 IN 1017 1032 141 0.5 6 -1
1017 IN 1018 1025 57 0.5 7 -1
1018 IN 1019 1022 22 0.5 8 -1
1019 IN 1020 1021 40 0.5 9 -1
1020 LN -1 -1 -1 -1 10 0
1021 LN -1 -1 -1 -1 10 0
1022 IN 1023 1024 86 28.5 9 -1
1023 LN -1 -1 -1 -1 10 0
1024 LN -1 -1 -1 -1 10 0
1025 IN 1026 1029 123 0.5 8 -1
1026 IN 1027 1028 76 0.5 9 -1
1027 LN -1 -1 -1 -1 10 0
1028 LN -1 -1 -1 -1 10 0
1029 IN 1030 1031 17 0.5 9 -1
1030 LN -1 -1 -1 -1 10 0
1031 LN -1 -1 -1 -1 10 0
1032 IN 1033 1034 0 48.0 7 -1
1033 LN -1 -1 -1 -1 8 1
1034 IN 1035 1038 150 0.5 8 -1
1035 IN 1036 1037 3 1454.0 9 -1
1036 LN -1 -1 -1 -1 10 0
1037 LN -1 -1 -1 -1 10 0
1038 IN 1039 1040 53 0.5 9 -1
1039 LN -1 -1 -1 -1 10 0
1040 LN -1 -1 -1 -1 10 0
1041 IN 1042 1051 3 1621.5 5 -1
1042 IN 1043 1046 3 1366.0 6 -1
1043 IN 1044 1045 87 17.5 7 -1
1044 LN -1 -1 -1 -1 8 1
1045 LN -1 -1 -1 -1 8 0
1046 IN 1047 1050 63 0.5 7 -1
1047 IN 1048 1049 0 75.5 8 -1
1048 LN -1 -1 -1 -1 9 1
1049 LN -1 -1 -1 -1 9 1
1050 LN -1 -1 -1 -1 8 0
1051 IN 1052 1053 115 0.5 6 -1
1052 LN -1 -1 -1 -1 7 0
1053 LN -1 -1 -1 -1 7 1
1054 IN 1055 1088 100 0.5 4 -1
1055 IN 1056 1081 33 0.5 5 -1
1056 IN 1057 1070 58 0.5 6 -1
1057 IN 1058 1065 150 0.5 7 -1
1058 IN 1059 1062 64 0.5 8 -1
1059 IN 1060 1061 35 0.5 9 -1
1060 LN -1 -1 -1 -1 10 0
1061 LN -1 -1 -1 -1 10 1
1062 IN 1063 1064 54 0.5 9 -1
1063 LN -1 -1 -1 -1 10 1
1064 LN -1 -1 -1 -1 10 0
1065 IN 1066 1069 72 0.5 8 -1
1066 IN 1067 1068 75 0.5 9 -1
1067 LN -1 -1 -1 -1 10 1
1068 LN -1 -1 -1 -1 10 0
1069 LN -1 -1 -1 -1 9 1
1070 IN 1071 1076 106 0.5 7 -1
1071 IN 1072 1073 144 6.5 8 -1
1072 LN -1 -1 -1 -1 9 0
1073 IN 1074 1075 151 2.5 9 -1
1074 LN -1 -1 -1 -1 10 1
1075 LN -1 -1 -1 -1 10 0
1076 IN 1077 1078 116 0.5 8 -1
1077 LN -1 -1 -1 -1 9 0
1078 IN 1079 1080 86 15.5 9 -1
1079 LN -1 -1 -1 -1 10 0
1080 LN -1 -1 -1 -1 10 0
1081 IN 1082 1085 150 0.5 6 -1
1082 IN 1083 1084 86 16.5 7 -1
1083 LN -1 -1 -1 -1 8 1
1084 LN -1 -1 -1 -1 8 1
1085 IN 1086 1087 128 0.5 7 -1
1086 LN -1 -1 -1 -1 8 1
1087 LN -1 -1 -1 -1 8 0
1088 IN 1089 1102 143 0.5 5 -1
1089 IN 1090 1095 65 0.5 6 -1
1090 IN 1091 1092 92 0.5 7 -1
1091 LN -1 -1 -1 -1 8 0
1092 IN 1093 1094 144 9.0 8 -1
1093 LN -1 -1 -1 -1 9 0
1094 LN -1 -1 -1 -1 9 0
1095 IN 1096 1101 33 0.5 7 -1
1096 IN 1097 1098 86 20.5 8 -1
1097 LN -1 -1 -1 -1 9 1
1098 IN 1099 1100 58 0.5 9 -1
1099 LN -1 -1 -1 -1 10 0
1100 LN -1 -1 -1 -1 10 1
1101 LN -1 -1 -1 -1 8 0
1102 IN 1103 1108 92 0.5 6 -1
1103 IN 1104 1107 3 8550.0 7 -1
1104 IN 1105 1106 66 0.5 8 -1
1105 LN -1 -1 -1 -1 9 0
1106 LN -1 -1 -1 -1 9 1
1107 LN -1 -1 -1 -1 8 1
1108 IN 1109 1112 36 0.5 7 -1
1109 IN 1110 1111 122 0.5 8 -1
1110 LN -1 -1 -1 -1 9 1
1111 LN -1 -1 -1 -1 9 1
1112 LN -1 -1 -1 -1 8 0

[TREE 6]
NB_NODES: 951
0 IN 1 688 143 0.5 0 -1
1 IN 2 381 63 0.5 1 -1
2 IN 3 172 134 0.5 2 -1
3 IN 4 97 92 0.5 3 -1
4 IN 5 56 28 0.5 4 -1
5 IN 6 25 18 5.5 5 -1
6 IN 7 20 33 0.5 6 -1
7 IN 8 15 23 0.5 7 -1
8 IN 9 12 64 0.5 8 -1
9 IN 10 11 130 0.5 9 -1
10 LN -1 -1 -1 -1 10 1
11 LN -1 -1 -1 -1 10 0
12 IN 13 14 72 0.5 9 -1
13 LN -1 -1 -1 -1 10 0
14 LN -1 -1 -1 -1 10 0
15 IN 16 17 91 0.5 8 -1
16 LN -1 -1 -1 -1 9 0
17 IN 18 19 16 0.5 9 -1
18 LN -1 -1 -1 -1 10 0
19 LN -1 -1 -1 -1 10 0
20 IN 21 22 151 1.5 7 -1
21 LN -1 -1 -1 -1 8 1
22 IN 23 24 45 0.5 8 -1
23 LN -1 -1 -1 -1 9 0
24 LN -1 -1 -1 -1 9 1
25 IN 26 41 111 164.5 6 -1
26 IN 27 34 59 0.5 7 -1
27 IN 28 31 16 0.5 8 -1
28 IN 29 30 3 10680.0 9 -1
29 LN -1 -1 -1 -1 10 0
30 LN -1 -1 -1 -1 10 1
31 IN 32 33 110 0.5 9 -1
32 LN -1 -1 -1 -1 10 0
33 LN -1 -1 -1 -1 10 0
34 IN 35 38 70 0.5 8 -1
35 IN 36 37 24 0.5 9 -1
36 LN -1 -1 -1 -1 10 0
37 LN -1 -1 -1 -1 10 0
38 IN 39 40 42 0.5 9 -1
39 LN -1 -1 -1 -1 10 0
40 LN -1 -1 -1 -1 10 0
41 IN 42 49 137 0.5 7 -1
42 IN 43 46 57 0.5 8 -1
43 IN 44 45 111 192.0 9 -1
44 LN -1 -1 -1 -1 10 0
45 LN -1 -1 -1 -1 10 1
46 IN 47 48 0 53.5 9 -1
47 LN -1 -1 -1 -1 10 0
48 LN -1 -1 -1 -1 10 0
49 IN 50 53 51 0.5 8 -1
50 IN 51 52 23 0.5 9 -1
51 LN -1 -1 -1 -1 10 0
52 LN -1 -1 -1 -1 10 0
53 IN 54 55 41 0.5 9 -1
54 LN -1 -1 -1 -1 10 0
55 LN -1 -1 -1 -1 10 0
56 IN 57 80 116 0.5 5 -1
57 IN 58 71 75 0.5 6 -1
58 IN 59 64 42 0.5 7 -1
59 IN 60 63 0 82.5 8 -1
60 IN 61 62 141 0.5 9 -1
61 LN -1 -1 -1 -1 10 0
62 LN -1 -1 -1 -1 10 0
63 LN -1 -1 -1 -1 9 0
64 IN 65 68 10 0.5 8 -1
65 IN 66 67 21 0.5 9 -1
66 LN -1 -1 -1 -1 10 0
67 LN -1 -1 -1 -1 10 1
68 IN 69 70 125 0.5 9 -1
69 LN -1 -1 -1 -1 10 1
70 LN -1 -1 -1 -1 10 1
71 IN 72 79 0 83.0 7 -1
72 IN 73 76 151 3.5 8 -1
73 IN 74 75 81 0.5 9 -1
74 LN -1 -1 -1 -1 10 0
75 LN -1 -1 -1 -1 10 0
76 IN 77 78 111 174.0 9 -1
77 LN -1 -1 -1 -1 10 0
78 LN -1 -1 -1 -1 10 0
79 LN -1 -1 -1 -1 8 1
80 IN 81 96 18 9.5 6 -1
81 IN 82 89 76 0.5 7 -1
82 IN 83 86 36 0.5 8 -1
83 IN 84 85 72 0.5 9 -1
84 LN -1 -1 -1 -1 10 0
85 LN -1 -1 -1 -1 10 0
86 IN 87 88 78 0.5 9 -1
87 LN -1 -1 -1 -1 10 0
88 LN -1 -1 -1 -1 10 1
89 IN 90 93 151 1.5 8 -1
90 IN 91 92 35 0.5 9 -1
91 LN -1 -1 -1 -1 10 0
92 LN -1 -1 -1 -1 10 0
93 IN 94 95 150 0.5 9 -1
94 LN -1 -1 -1 -1 10 0
95 LN -1 -1 -1 -1 10 0
96 LN -1 -1 -1 -1 7 0
97 IN 98 147 34 0.5 4 -1
98 IN 99 124 111 171.5 5 -1
99 IN 100 111 51 0.5 6 -1
100 IN 101 106 100 0.5 7 -1
101 IN 102 105 66 0.5 8 -1
102 IN 103 104 144 3.5 9 -1
103 LN -1 -1 -1 -1 10 0
104 LN -1 -1 -1 -1 10 0
105 LN -1 -1 -1 -1 9 1
106 IN 107 110 69 0.5 8 -1
107 IN 108 109 138 0.5 9 -1
108 LN -1 -1 -1 -1 10 1
109 LN -1 -1 -1 -1 10 1
110 LN -1 -1 -1 -1 9 0
111 IN 112 119 14 0.5 7 -1
112 IN 113 116 137 0.5 8 -1
113 IN 114 115 125 0.5 9 -1
114 LN -1 -1 -1 -1 10 0
115 LN -1 -1 -1 -1 10 0
116 IN 117 118 111 159.0 9 -1
117 LN -1 -1 -1 -1 10 0
118 LN -1 -1 -1 -1 10 1
119 IN 120 121 3 363.0 8 -1
120 LN -1 -1 -1 -1 9 0
121 IN 122 123 144 9.0 9 -1
122 LN -1 -1 -1 -1 10 0
123 LN -1 -1 -1 -1 10 1
124 IN 125 138 18 8.5 6 -1
125 IN 126 133 151 4.5 7 -1
126 IN 127 130 150 0.5 8 -1
127 IN 128 129 3 3070.5 9 -1
128 LN -1 -1 -1 -1 10 0
129 LN -1 -1 -1 -1 10 0
130 IN 131 132 138 0.5 9 -1
131 LN -1 -1 -1 -1 10 0
132 LN -1 -1 -1 -1 10 0
133 IN 134 137 28 0.5 8 -1
134 IN 135 136 105 0.5 9 -1
135 LN -1 -1 -1 -1 10 0
136 LN -1 -1 -1 -1 10 0
137 LN -1 -1 -1 -1 9 1
138 IN 139 144 23 0.5 7 -1
139 IN 140 143 30 0.5 8 -1
140 IN 141 142 137 0.5 9 -1
141 LN -1 -1 -1 -1 10 0
142 LN -1 -1 -1 -1 10 0
143 LN -1 -1 -1 -1 9 0
144 IN 145 146 115 0.5 8 -1
145 LN -1 -1 -1 -1 9 0
146 LN -1 -1 -1 -1 9 0
147 IN 148 163 59 0.5 5 -1
148 IN 149 160 10 0.5 6 -1
149 IN 150 155 69 0.5 7 -1
150 IN 151 152 144 2.0 8 -1
151 LN -1 -1 -1 -1 9 1
152 IN 153 154 3 -9.9999915e6 9 -1
153 LN -1 -1 -1 -1 10 1
154 LN -1 -1 -1 -1 10 0
155 IN 156 159 7 0.5 8 -1
156 IN 157 158 1 0.5 9 -1
157 LN -1 -1 -1 -1 10 0
158 LN -1 -1 -1 -1 10 0
159 LN -1 -1 -1 -1 9 1
160 IN 161 162 144 7.0 7 -1
161 LN -1 -1 -1 -1 8 1
162 LN -1 -1 -1 -1 8 1
163 IN 164 171 16 0.5 6 -1
164 IN 165 170 0 72.5 7 -1
165 IN 166 169 52 0.5 8 -1
166 IN 167 168 64 0.5 9 -1
167 LN -1 -1 -1 -1 10 1
168 LN -1 -1 -1 -1 10 0
169 LN -1 -1 -1 -1 9 0
170 LN -1 -1 -1 -1 8 1
171 LN -1 -1 -1 -1 7 1
172 IN 173 272 18 6.5 3 -1
173 IN 174 223 64 0.5 4 -1
174 IN 175 202 33 0.5 5 -1
175 IN 176 191 23 0.5 6 -1
176 IN 177 184 123 0.5 7 -1
177 IN 178 181 150 0.5 8 -1
178 IN 179 180 3 392.5 9 -1
179 LN -1 -1 -1 -1 10 1
180 LN -1 -1 -1 -1 10 0
181 IN 182 183 8 0.5 9 -1
182 LN -1 -1 -1 -1 10 1
183 LN -1 -1 -1 -1 10 0
184 IN 185 188 48 0.5 8 -1
185 IN 186 187 59 0.5 9 -1
186 LN -1 -1 -1 -1 10 1
187 LN -1 -1 -1 -1 10 0
188 IN 189 190 35 0.5 9 -1
189 LN -1 -1 -1 -1 10 0
190 LN -1 -1 -1 -1 10 0
191 IN 192 199 83 0.5 7 -1
192 IN 193 196 60 0.5 8 -1
193 IN 194 195 66 0.5 9 -1
194 LN -1 -1 -1 -1 10 0
195 LN -1 -1 -1 -1 10 0
196 IN 197 198 87 15.5 9 -1
197 LN -1 -1 -1 -1 10 1
198 LN -1 -1 -1 -1 10 1
199 IN 200 201 87 25.5 8 -1
200 LN -1 -1 -1 -1 9 1
201 LN -1 -1 -1 -1 9 0
202 IN 203 214 14 0.5 6 -1
203 IN 204 209 87 26.0 7 -1
204 IN 205 208 151 3.5 8 -1
205 IN 206 207 122 0.5 9 -1
206 LN -1 -1 -1 -1 10 1
207 LN -1 -1 -1 -1 10 1
208 LN -1 -1 -1 -1 9 1
209 IN 210 213 147 0.5 8 -1
210 IN 211 212 86 28.5 9 -1
211 LN -1 -1 -1 -1 10 0
212 LN -1 -1 -1 -1 10 0
213 LN -1 -1 -1 -1 9 1
214 IN 215 222 84 0.5 7 -1
215 IN 216 219 0 77.5 8 -1
216 IN 217 218 148 0.5 9 -1
217 LN -1 -1 -1 -1 10 1
218 LN -1 -1 -1 -1 10 1
219 IN 220 221 151 1.5 9 -1
220 LN -1 -1 -1 -1 10 1
221 LN -1 -1 -1 -1 10 0
222 LN -1 -1 -1 -1 8 1
223 IN 224 249 51 0.5 5 -1
224 IN 225 240 53 0.5 6 -1
225 IN 226 233 36 0.5 7 -1
226 IN 227 230 96 0.5 8 -1
227 IN 228 229 151 0.5 9 -1
228 LN -1 -1 -1 -1 10 0
229 LN -1 -1 -1 -1 10 0
230 IN 231 232 34 0.5 9 -1
231 LN -1 -1 -1 -1 10 0
232 LN -1 -1 -1 -1 10 0
233 IN 234 237 3 1950.0 8 -1
234 IN 235 236 86 14.0 9 -1
235 LN -1 -1 -1 -1 10 0
236 LN -1 -1 -1 -1 10 0
237 IN 238 239 115 0.5 9 -1
238 LN -1 -1 -1 -1 10 0
239 LN -1 -1 -1 -1 10 1
240 IN 241 246 75 0.5 7 -1
241 IN 242 245 78 0.5 8 -1
242 IN 243 244 35 0.5 9 -1
243 LN -1 -1 -1 -1 10 0
244 LN -1 -1 -1 -1 10 0
245 LN -1 -1 -1 -1 9 1
246 IN 247 248 150 0.5 8 -1
247 LN -1 -1 -1 -1 9 0
248 LN -1 -1 -1 -1 9 0
249 IN 250 263 81 0.5 6 -1
250 IN 251 258 0 77.5 7 -1
251 IN 252 255 23 0.5 8 -1
252 IN 253 254 130 0.5 9 -1
253 LN -1 -1 -1 -1 10 0
254 LN -1 -1 -1 -1 10 1
255 IN 256 257 92 0.5 9 -1
256 LN -1 -1 -1 -1 10 1
257 LN -1 -1 -1 -1 10 1
258 IN 259 262 34 0.5 8 -1
259 IN 260 261 110 0.5 9 -1
260 LN -1 -1 -1 -1 10 0
261 LN -1 -1 -1 -1 10 0
262 LN -1 -1 -1 -1 9 1
263 IN 264 271 48 0.5 7 -1
264 IN 265 268 71 0.5 8 -1
265 IN 266 267 86 22.5 9 -1
266 LN -1 -1 -1 -1 10 0
267 LN -1 -1 -1 -1 10 1
268 IN 269 270 92 0.5 9 -1
269 LN -1 -1 -1 -1 10 0
270 LN -1 -1 -1 -1 10 1
271 LN -1 -1 -1 -1 8 0
272 IN 273 330 102 0.5 4 -1
273 IN 274 305 144 24.5 5 -1
274 IN 275 290 21 0.5 6 -1
275 IN 276 283 82 0.5 7 -1
276 IN 277 280 65 0.5 8 -1
277 IN 278 279 91 0.5 9 -1
278 LN -1 -1 -1 -1 10 0
279 LN -1 -1 -1 -1 10 0
280 IN 281 282 76 0.5 9 -1
281 LN -1 -1 -1 -1 10 0
282 LN -1 -1 -1 -1 10 1
283 IN 284 287 87 18.5 8 -1
284 IN 285 286 97 0.5 9 -1
285 LN -1 -1 -1 -1 10 0
286 LN -1 -1 -1 -1 10 0
287 IN 288 289 22 0.5 9 -1
288 LN -1 -1 -1 -1 10 0
289 LN -1 -1 -1 -1 10 0
290 IN 291 298 92 0.5 7 -1
291 IN 292 295 76 0.5 8 -1
292 IN 293 294 29 0.5 9 -1
293 LN -1 -1 -1 -1 10 1
294 LN -1 -1 -1 -1 10 1
295 IN 296 297 84 0.5 9 -1
296 LN -1 -1 -1 -1 10 0
297 LN -1 -1 -1 -1 10 0
298 IN 299 302 87 15.5 8 -1
299 IN 300 301 141 0.5 9 -1
300 LN -1 -1 -1 -1 10 0
301 LN -1 -1 -1 -1 10 0
302 IN 303 304 33 0.5 9 -1
303 LN -1 -1 -1 -1 10 0
304 LN -1 -1 -1 -1 10 1
305 IN 306 321 22 0.5 6 -1
306 IN 307 314 18 7.5 7 -1
307 IN 308 311 110 0.5 8 -1
308 IN 309 310 6 0.5 9 -1
309 LN -1 -1 -1 -1 10 0
310 LN -1 -1 -1 -1 10 0
311 IN 312 313 42 0.5 9 -1
312 LN -1 -1 -1 -1 10 1
313 LN -1 -1 -1 -1 10 1
314 IN 315 318 148 0.5 8 -1
315 IN 316 317 149 0.5 9 -1
316 LN -1 -1 -1 -1 10 0
317 LN -1 -1 -1 -1 10 0
318 IN 319 320 29 0.5 9 -1
319 LN -1 -1 -1 -1 10 0
320 LN -1 -1 -1 -1 10 0
321 IN 322 329 118 0.5 7 -1
322 IN 323 326 65 0.5 8 -1
323 IN 324 325 129 0.5 9 -1
324 LN -1 -1 -1 -1 10 0
325 LN -1 -1 -1 -1 10 0
326 IN 327 328 111 160.5 9 -1
327 LN -1 -1 -1 -1 10 1
328 LN -1 -1 -1 -1 10 0
329 LN -1 -1 -1 -1 8 0
330 IN 331 362 29 0.5 5 -1
331 IN 332 347 40 0.5 6 -1
332 IN 333 340 86 15.5 7 -1
333 IN 334 337 47 0.5 8 -1
334 IN 335 336 123 0.5 9 -1
335 LN -1 -1 -1 -1 10 0
336 LN -1 -1 -1 -1 10 0
337 IN 338 339 105 0.5 9 -1
338 LN -1 -1 -1 -1 10 0
339 LN -1 -1 -1 -1 10 0
340 IN 341 344 66 0.5 8 -1
341 IN 342 343 57 0.5 9 -1
342 LN -1 -1 -1 -1 10 0
343 LN -1 -1 -1 -1 10 0
344 IN 345 346 54 0.5 9 -1
345 LN -1 -1 -1 -1 10 1
346 LN -1 -1 -1 -1 10 0
347 IN 348 355 149 0.5 7 -1
348 IN 349 352 81 0.5 8 -1
349 IN 350 351 111 177.5 9 -1
350 LN -1 -1 -1 -1 10 0
351 LN -1 -1 -1 -1 10 0
352 IN 353 354 1 0.5 9 -1
353 LN -1 -1 -1 -1 10 0
354 LN -1 -1 -1 -1 10 0
355 IN 356 359 115 0.5 8 -1
356 IN 357 358 130 0.5 9 -1
357 LN -1 -1 -1 -1 10 0
358 LN -1 -1 -1 -1 10 1
359 IN 360 361 2 0.5 9 -1
360 LN -1 -1 -1 -1 10 0
361 LN -1 -1 -1 -1 10 0
362 IN 363 378 8 0.5 6 -1
363 IN 364 371 58 0.5 7 -1
364 IN 365 368 83 0.5 8 -1
365 IN 366 367 0 58.5 9 -1
366 LN -1 -1 -1 -1 10 0
367 LN -1 -1 -1 -1 10 0
368 IN 369 370 24 0.5 9 -1
369 LN -1 -1 -1 -1 10 0
370 LN -1 -1 -1 -1 10 0
371 IN 372 375 117 0.5 8 -1
372 IN 373 374 72 0.5 9 -1
373 LN -1 -1 -1 -1 10 0
374 LN -1 -1 -1 -1 10 1
375 IN 376 377 111 159.5 9 -1
376 LN -1 -1 -1 -1 10 1
377 LN -1 -1 -1 -1 10 0
378 IN 379 380 91 0.5 7 -1
379 LN -1 -1 -1 -1 8 0
380 LN -1 -1 -1 -1 8 1
381 IN 382 539 96 0.5 2 -1
382 IN 383 490 51 0.5 3 -1
383 IN 384 443 28 0.5 4 -1
384 IN 385 412 3 1575.0 5 -1
385 IN 386 399 85 0.5 6 -1
386 IN 387 394 60 0.5 7 -1
387 IN 388 391 150 0.5 8 -1
388 IN 389 390 78 0.5 9 -1
389 LN -1 -1 -1 -1 10 0
390 LN -1 -1 -1 -1 10 1
391 IN 392 393 39 0.5 9 -1
392 LN -1 -1 -1 -1 10 0
393 LN -1 -1 -1 -1 10 0
394 IN 395 398 82 0.5 8 -1
395 IN 396 397 18 9.5 9 -1
396 LN -1 -1 -1 -1 10 1
397 LN -1 -1 -1 -1 10 0
398 LN -1 -1 -1 -1 9 0
399 IN 400 407 117 0.5 7 -1
400 IN 401 404 135 0.5 8 -1
401 IN 402 403 21 0.5 9 -1
402 LN -1 -1 -1 -1 10 0
403 LN -1 -1 -1 -1 10 1
404 IN 405 406 131 0.5 9 -1
405 LN -1 -1 -1 -1 10 0
406 LN -1 -1 -1 -1 10 1
407 IN 408 409 110 0.5 8 -1
408 LN -1 -1 -1 -1 9 0
409 IN 410 411 86 20.5 9 -1
410 LN -1 -1 -1 -1 10 0
411 LN -1 -1 -1 -1 10 0
412 IN 413 428 1 0.5 6 -1
413 IN 414 421 147 0.5 7 -1
414 IN 415 418 3 3899.5 8 -1
415 IN 416 417 90 0.5 9 -1
416 LN -1 -1 -1 -1 10 0
417 LN -1 -1 -1 -1 10 0
418 IN 419 420 122 0.5 9 -1
419 LN -1 -1 -1 -1 10 0
420 LN -1 -1 -1 -1 10 0
421 IN 422 425 18 7.5 8 -1
422 IN 423 424 144 17.5 9 -1
423 LN -1 -1 -1 -1 10 0
424 LN -1 -1 -1 -1 10 1
425 IN 426 427 92 0.5 9 -1
426 LN -1 -1 -1 -1 10 0
427 LN -1 -1 -1 -1 10 0
428 IN 429 436 91 0.5 7 -1
429 IN 430 433 111 187.5 8 -1
430 IN 431 432 115 0.5 9 -1
431 LN -1 -1 -1 -1 10 0
432 LN -1 -1 -1 -1 10 0
433 IN 434 435 48 0.5 9 -1
434 LN -1 -1 -1 -1 10 0
435 LN -1 -1 -1 -1 10 0
436 IN 437 440 58 0.5 8 -1
437 IN 438 439 0 50.5 9 -1
438 LN -1 -1 -1 -1 10 1
439 LN -1 -1 -1 -1 10 0
440 IN 441 442 129 0.5 9 -1
441 LN -1 -1 -1 -1 10 0
442 LN -1 -1 -1 -1 10 0
443 IN 444 475 1 0.5 5 -1
444 IN 445 460 86 17.5 6 -1
445 IN 446 453 46 0.5 7 -1
446 IN 447 450 150 0.5 8 -1
447 IN 448 449 92 0.5 9 -1
448 LN -1 -1 -1 -1 10 0
449 LN -1 -1 -1 -1 10 0
450 IN 451 452 144 5.5 9 -1
451 LN -1 -1 -1 -1 10 0
452 LN -1 -1 -1 -1 10 0
453 IN 454 457 24 0.5 8 -1
454 IN 455 456 87 12.5 9 -1
455 LN -1 -1 -1 -1 10 0
456 LN -1 -1 -1 -1 10 0
457 IN 458 459 111 160.5 9 -1
458 LN -1 -1 -1 -1 10 0
459 LN -1 -1 -1 -1 10 1
460 IN 461 468 7 0.5 7 -1
461 IN 462 465 16 0.5 8 -1
462 IN 463 464 46 0.5 9 -1
463 LN -1 -1 -1 -1 10 0
464 LN -1 -1 -1 -1 10 0
465 IN 466 467 147 0.5 9 -1
466 LN -1 -1 -1 -1 10 0
467 LN -1 -1 -1 -1 10 1
468 IN 469 472 151 4.5 8 -1
469 IN 470 471 151 2.5 9 -1
470 LN -1 -1 -1 -1 10 0
471 LN -1 -1 -1 -1 10 0
472 IN 473 474 39 0.5 9 -1
473 LN -1 -1 -1 -1 10 0
474 LN -1 -1 -1 -1 10 0
475 IN 476 477 3 866.0 6 -1
476 LN -1 -1 -1 -1 7 0
477 IN 478 485 15 0.5 7 -1
478 IN 479 482 137 0.5 8 -1
479 IN 480 481 53 0.5 9 -1
480 LN -1 -1 -1 -1 10 0
481 LN -1 -1 -1 -1 10 0
482 IN 483 484 114 0.5 9 -1
483 LN -1 -1 -1 -1 10 0
484 LN -1 -1 -1 -1 10 1
485 IN 486 489 89 0.5 8 -1
486 IN 487 488 135 0.5 9 -1
487 LN -1 -1 -1 -1 10 0
488 LN -1 -1 -1 -1 10 0
489 LN -1 -1 -1 -1 9 1
490 IN 491 530 72 0.5 4 -1
491 IN 492 507 2 0.5 5 -1
492 IN 493 506 81 0.5 6 -1
493 IN 494 499 151 1.5 7 -1
494 IN 495 498 86 15.5 8 -1
495 IN 496 497 18 8.5 9 -1
496 LN -1 -1 -1 -1 10 0
497 LN -1 -1 -1 -1 10 0
498 LN -1 -1 -1 -1 9 0
499 IN 500 503 90 0.5 8 -1
500 IN 501 502 0 80.0 9 -1
501 LN -1 -1 -1 -1 10 0
502 LN -1 -1 -1 -1 10 1
503 IN 504 505 77 0.5 9 -1
504 LN -1 -1 -1 -1 10 0
505 LN -1 -1 -1 -1 10 0
506 LN -1 -1 -1 -1 7 0
507 IN 508 521 123 0.5 6 -1
508 IN 509 516 87 18.5 7 -1
509 IN 510 513 87 15.5 8 -1
510 IN 511 512 84 0.5 9 -1
511 LN -1 -1 -1 -1 10 0
512 LN -1 -1 -1 -1 10 1
513 IN 514 515 116 0.5 9 -1
514 LN -1 -1 -1 -1 10 1
515 LN -1 -1 -1 -1 10 1
516 IN 517 520 80 0.5 8 -1
517 IN 518 519 130 0.5 9 -1
518 LN -1 -1 -1 -1 10 0
519 LN -1 -1 -1 -1 10 0
520 LN -1 -1 -1 -1 9 1
521 IN 522 529 106 0.5 7 -1
522 IN 523 526 39 0.5 8 -1
523 IN 524 525 92 0.5 9 -1
524 LN -1 -1 -1 -1 10 0
525 LN -1 -1 -1 -1 10 0
526 IN 527 528 24 0.5 9 -1
527 LN -1 -1 -1 -1 10 1
528 LN -1 -1 -1 -1 10 0
529 LN -1 -1 -1 -1 8 0
530 IN 531 538 137 0.5 5 -1
531 IN 532 537 115 0.5 6 -1
532 IN 533 536 84 0.5 7 -1
533 IN 534 535 144 12.0 8 -1
534 LN -1 -1 -1 -1 9 1
535 LN -1 -1 -1 -1 9 0
536 LN -1 -1 -1 -1 8 1
537 LN -1 -1 -1 -1 7 0
538 LN -1 -1 -1 -1 6 0
539 IN 540 603 137 0.5 3 -1
540 IN 541 592 60 0.5 4 -1
541 IN 542 571 1 0.5 5 -1
542 IN 543 556 40 0.5 6 -1
543 IN 544 549 16 0.5 7 -1
544 IN 545 548 3 7615.0 8 -1
545 IN 546 547 28 0.5 9 -1
546 LN -1 -1 -1 -1 10 0
547 LN -1 -1 -1 -1 10 0
548 LN -1 -1 -1 -1 9 0
549 IN 550 553 110 0.5 8 -1
550 IN 551 552 90 0.5 9 -1
551 LN -1 -1 -1 -1 10 0
552 LN -1 -1 -1 -1 10 0
553 IN 554 555 22 0.5 9 -1
554 LN -1 -1 -1 -1 10 0
555 LN -1 -1 -1 -1 10 0
556 IN 557 564 91 0.5 7 -1
557 IN 558 561 130 0.5 8 -1
558 IN 559 560 48 0.5 9 -1
559 LN -1 -1 -1 -1 10 0
560 LN -1 -1 -1 -1 10 0
561 IN 562 563 87 30.5 9 -1
562 LN -1 -1 -1 -1 10 1
563 LN -1 -1 -1 -1 10 0
564 IN 565 568 144 4.5 8 -1
565 IN 566 567 87 16.5 9 -1
566 LN -1 -1 -1 -1 10 1
567 LN -1 -1 -1 -1 10 0
568 IN 569 570 17 0.5 9 -1
569 LN -1 -1 -1 -1 10 0
570 LN -1 -1 -1 -1 10 0
571 IN 572 583 24 0.5 6 -1
572 IN 573 578 121 0.5 7 -1
573 IN 574 577 149 0.5 8 -1
574 IN 575 576 14 0.5 9 -1
575 LN -1 -1 -1 -1 10 0
576 LN -1 -1 -1 -1 10 0
577 LN -1 -1 -1 -1 9 0
578 IN 579 580 134 0.5 8 -1
579 LN -1 -1 -1 -1 9 0
580 IN 581 582 87 19.5 9 -1
581 LN -1 -1 -1 -1 10 0
582 LN -1 -1 -1 -1 10 0
583 IN 584 591 0 62.5 7 -1
584 IN 585 588 36 0.5 8 -1
585 IN 586 587 57 0.5 9 -1
586 LN -1 -1 -1 -1 10 0
587 LN -1 -1 -1 -1 10 0
588 IN 589 590 122 0.5 9 -1
589 LN -1 -1 -1 -1 10 0
590 LN -1 -1 -1 -1 10 0
591 LN -1 -1 -1 -1 8 0
592 IN 593 602 29 0.5 5 -1
593 IN 594 595 0 58.0 6 -1
594 LN -1 -1 -1 -1 7 0
595 IN 596 601 28 0.5 7 -1
596 IN 597 600 100 0.5 8 -1
597 IN 598 599 24 0.5 9 -1
598 LN -1 -1 -1 -1 10 1
599 LN -1 -1 -1 -1 10 0
600 LN -1 -1 -1 -1 9 1
601 LN -1 -1 -1 -1 8 1
602 LN -1 -1 -1 -1 6 0
603 IN 604 641 111 161.5 4 -1
604 IN 605 624 24 0.5 5 -1
605 IN 606 617 144 20.5 6 -1
606 IN 607 612 128 0.5 7 -1
607 IN 608 611 131 0.5 8 -1
608 IN 609 610 81 0.5 9 -1
609 LN -1 -1 -1 -1 10 0
610 LN -1 -1 -1 -1 10 1
611 LN -1 -1 -1 -1 9 1
612 IN 613 616 117 0.5 8 -1
613 IN 614 615 144 18.0 9 -1
614 LN -1 -1 -1 -1 10 0
615 LN -1 -1 -1 -1 10 1
616 LN -1 -1 -1 -1 9 1
617 IN 618 623 7 0.5 7 -1
618 IN 619 622 33 0.5 8 -1
619 IN 620 621 93 0.5 9 -1
620 LN -1 -1 -1 -1 10 0
621 LN -1 -1 -1 -1 10 1
622 LN -1 -1 -1 -1 9 1
623 LN -1 -1 -1 -1 8 1
624 IN 625 638 81 0.5 6 -1
625 IN 626 633 91 0.5 7 -1
626 IN 627 630 87 24.0 8 -1
627 IN 628 629 128 0.5 9 -1
628 LN -1 -1 -1 -1 10 1
629 LN -1 -1 -1 -1 10 0
630 IN 631 632 80 0.5 9 -1
631 LN -1 -1 -1 -1 10 0
632 LN -1 -1 -1 -1 10 0
633 IN 634 637 85 0.5 8 -1
634 IN 635 636 35 0.5 9 -1
635 LN -1 -1 -1 -1 10 0
636 LN -1 -1 -1 -1 10 0
637 LN -1 -1 -1 -1 9 1
638 IN 639 640 134 0.5 7 -1
639 LN -1 -1 -1 -1 8 1
640 LN -1 -1 -1 -1 8 0
641 IN 642 673 100 0.5 5 -1
642 IN 643 658 57 0.5 6 -1
643 IN 644 651 142 0.5 7 -1
644 IN 645 648 0 58.5 8 -1
645 IN 646 647 30 0.5 9 -1
646 LN -1 -1 -1 -1 10 1
647 LN -1 -1 -1 -1 10 0
648 IN 649 650 87 18.0 9 -1
649 LN -1 -1 -1 -1 10 0
650 LN -1 -1 -1 -1 10 0
651 IN 652 655 71 0.5 8 -1
652 IN 653 654 84 0.5 9 -1
653 LN -1 -1 -1 -1 10 0
654 LN -1 -1 -1 -1 10 0
655 IN 656 657 102 0.5 9 -1
656 LN -1 -1 -1 -1 10 0
657 LN -1 -1 -1 -1 10 1
658 IN 659 666 114 0.5 7 -1
659 IN 660 663 14 0.5 8 -1
660 IN 661 662 121 0.5 9 -1
661 LN -1 -1 -1 -1 10 0
662 LN -1 -1 -1 -1 10 0
663 IN 664 665 76 0.5 9 -1
664 LN -1 -1 -1 -1 10 0
665 LN -1 -1 -1 -1 10 1
666 IN 667 670 23 0.5 8 -1
667 IN 668 669 147 0.5 9 -1
668 LN -1 -1 -1 -1 10 0
669 LN -1 -1 -1 -1 10 0
670 IN 671 672 83 0.5 9 -1
671 LN -1 -1 -1 -1 10 0
672 LN -1 -1 -1 -1 10 0
673 IN 674 685 148 0.5 6 -1
674 IN 675 680 149 0.5 7 -1
675 IN 676 679 84 0.5 8 -1
676 IN 677 678 45 0.5 9 -1
677 LN -1 -1 -1 -1 10 0
678 LN -1 -1 -1 -1 10 1
679 LN -1 -1 -1 -1 9 0
680 IN 681 684 82 0.5 8 -1
681 IN 682 683 7 0.5 9 -1
682 LN -1 -1 -1 -1 10 0
683 LN -1 -1 -1 -1 10 1
684 LN -1 -1 -1 -1 9 1
685 IN 686 687 76 0.5 7 -1
686 LN -1 -1 -1 -1 8 0
687 LN -1 -1 -1 -1 8 0
688 IN 689 872 1 0.5 1 -1
689 IN 690 815 63 0.5 2 -1
690 IN 691 764 41 0.5 3 -1
691 IN 692 739 66 0.5 4 -1
692 IN 693 722 122 0.5 5 -1
693 IN 694 709 135 0.5 6 -1
694 IN 695 702 78 0.5 7 -1
695 IN 696 699 87 28.5 8 -1
696 IN 697 698 24 0.5 9 -1
697 LN -1 -1 -1 -1 10 1
698 LN -1 -1 -1 -1 10 0
699 IN 700 701 8 0.5 9 -1
700 LN -1 -1 -1 -1 10 0
701 LN -1 -1 -1 -1 10 0
702 IN 703 706 144 26.0 8 -1
703 IN 704 705 151 2.5 9 -1
704 LN -1 -1 -1 -1 10 1
705 LN -1 -1 -1 -1 10 1
706 IN 707 708 18 6.0 9 -1
707 LN -1 -1 -1 -1 10 1
708 LN -1 -1 -1 -1 10 0
709 IN 710 715 6 0.5 7 -1
710 IN 711 714 3 4500.0 8 -1
711 IN 712 713 115 0.5 9 -1
712 LN -1 -1 -1 -1 10 0
713 LN -1 -1 -1 -1 10 1
714 LN -1 -1 -1 -1 9 0
715 IN 716 719 28 0.5 8 -1
716 IN 717 718 0 73.0 9 -1
717 LN -1 -1 -1 -1 10 1
718 LN -1 -1 -1 -1 10 0
719 IN 720 721 65 0.5 9 -1
720 LN -1 -1 -1 -1 10 0
721 LN -1 -1 -1 -1 10 1
722 IN 723 734 77 0.5 6 -1
723 IN 724 729 35 0.5 7 -1
724 IN 725 728 9 0.5 8 -1
725 IN 726 727 58 0.5 9 -1
726 LN -1 -1 -1 -1 10 0
727 LN -1 -1 -1 -1 10 0
728 LN -1 -1 -1 -1 9 1
729 IN 730 731 18 6.5 8 -1
730 LN -1 -1 -1 -1 9 1
731 IN 732 733 144 10.5 9 -1
732 LN -1 -1 -1 -1 10 0
733 LN -1 -1 -1 -1 10 1
734 IN 735 736 151 1.5 7 -1
735 LN -1 -1 -1 -1 8 1
736 IN 737 738 0 54.0 8 -1
737 LN -1 -1 -1 -1 9 1
738 LN -1 -1 -1 -1 9 1
739 IN 740 751 28 0.5 5 -1
740 IN 741 750 53 0.5 6 -1
741 IN 742 749 0 72.5 7 -1
742 IN 743 746 54 0.5 8 -1
743 IN 744 745 3 1327.5 9 -1
744 LN -1 -1 -1 -1 10 1
745 LN -1 -1 -1 -1 10 0
746 IN 747 748 18 5.5 9 -1
747 LN -1 -1 -1 -1 10 1
748 LN -1 -1 -1 -1 10 1
749 LN -1 -1 -1 -1 8 1
750 LN -1 -1 -1 -1 7 1
751 IN 752 759 6 0.5 6 -1
752 IN 753 756 21 0.5 7 -1
753 IN 754 755 57 0.5 8 -1
754 LN -1 -1 -1 -1 9 1
755 LN -1 -1 -1 -1 9 0
756 IN 757 758 111 160.0 8 -1
757 LN -1 -1 -1 -1 9 1
758 LN -1 -1 -1 -1 9 1
759 IN 760 763 34 0.5 7 -1
760 IN 761 762 84 0.5 8 -1
761 LN -1 -1 -1 -1 9 1
762 LN -1 -1 -1 -1 9 0
763 LN -1 -1 -1 -1 8 0
764 IN 765 784 18 5.5 4 -1
765 IN 766 783 3 13930.0 5 -1
766 IN 767 776 124 0.5 6 -1
767 IN 768 769 111 150.0 7 -1
768 LN -1 -1 -1 -1 8 1
769 IN 770 773 118 0.5 8 -1
770 IN 771 772 76 0.5 9 -1
771 LN -1 -1 -1 -1 10 1
772 LN -1 -1 -1 -1 10 1
773 IN 774 775 36 0.5 9 -1
774 LN -1 -1 -1 -1 10 1
775 LN -1 -1 -1 -1 10 1
776 IN 777 778 151 0.5 7 -1
777 LN -1 -1 -1 -1 8 0
778 IN 779 780 18 4.5 8 -1
779 LN -1 -1 -1 -1 9 0
780 IN 781 782 65 0.5 9 -1
781 LN -1 -1 -1 -1 10 1
782 LN -1 -1 -1 -1 10 1
783 LN -1 -1 -1 -1 6 0
784 IN 785 804 0 77.5 5 -1
785 IN 786 795 51 0.5 6 -1
786 IN 787 788 3 472.0 7 -1
787 LN -1 -1 -1 -1 8 1
788 IN 789 792 48 0.5 8 -1
789 IN 790 791 91 0.5 9 -1
790 LN -1 -1 -1 -1 10 0
791 LN -1 -1 -1 -1 10 1
792 IN 793 794 58 0.5 9 -1
793 LN -1 -1 -1 -1 10 1
794 LN -1 -1 -1 -1 10 1
795 IN 796 803 131 0.5 7 -1
796 IN 797 800 14 0.5 8 -1
797 IN 798 799 93 0.5 9 -1
798 LN -1 -1 -1 -1 10 0
799 LN -1 -1 -1 -1 10 1
800 IN 801 802 116 0.5 9 -1
801 LN -1 -1 -1 -1 10 1
802 LN -1 -1 -1 -1 10 1
803 LN -1 -1 -1 -1 8 1
804 IN 805 812 70 0.5 6 -1
805 IN 806 809 71 0.5 7 -1
806 IN 807 808 115 0.5 8 -1
807 LN -1 -1 -1 -1 9 1
808 LN -1 -1 -1 -1 9 0
809 IN 810 811 28 0.5 8 -1
810 LN -1 -1 -1 -1 9 0
811 LN -1 -1 -1 -1 9 0
812 IN 813 814 18 7.5 7 -1
813 LN -1 -1 -1 -1 8 1
814 LN -1 -1 -1 -1 8 1
815 IN 816 865 18 9.5 3 -1
816 IN 817 838 36 0.5 4 -1
817 IN 818 837 14 0.5 5 -1
818 IN 819 828 75 0.5 6 -1
819 IN 820 823 134 0.5 7 -1
820 IN 821 822 86 24.0 8 -1
821 LN -1 -1 -1 -1 9 1
822 LN -1 -1 -1 -1 9 1
823 IN 824 827 23 0.5 8 -1
824 IN 825 826 87 21.0 9 -1
825 LN -1 -1 -1 -1 10 1
826 LN -1 -1 -1 -1 10 1
827 LN -1 -1 -1 -1 9 1
828 IN 829 836 86 21.5 7 -1
829 IN 830 833 105 0.5 8 -1
830 IN 831 832 48 0.5 9 -1
831 LN -1 -1 -1 -1 10 0
832 LN -1 -1 -1 -1 10 0
833 IN 834 835 102 0.5 9 -1
834 LN -1 -1 -1 -1 10 1
835 LN -1 -1 -1 -1 10 0
836 LN -1 -1 -1 -1 8 1
837 LN -1 -1 -1 -1 6 0
838 IN 839 858 144 22.5 5 -1
839 IN 840 849 144 11.0 6 -1
840 IN 841 848 21 0.5 7 -1
841 IN 842 845 128 0.5 8 -1
842 IN 843 844 151 2.5 9 -1
843 LN -1 -1 -1 -1 10 0
844 LN -1 -1 -1 -1 10 0
845 IN 846 847 0 69.5 9 -1
846 LN -1 -1 -1 -1 10 0
847 LN -1 -1 -1 -1 10 1
848 LN -1 -1 -1 -1 8 0
849 IN 850 857 9 0.5 7 -1
850 IN 851 854 97 0.5 8 -1
851 IN 852 853 6 0.5 9 -1
852 LN -1 -1 -1 -1 10 0
853 LN -1 -1 -1 -1 10 1
854 IN 855 856 7 0.5 9 -1
855 LN -1 -1 -1 -1 10 0
856 LN -1 -1 -1 -1 10 1
857 LN -1 -1 -1 -1 8 1
858 IN 859 860 150 0.5 6 -1
859 LN -1 -1 -1 -1 7 0
860 IN 861 864 21 0.5 7 -1
861 IN 862 863 7 0.5 8 -1
862 LN -1 -1 -1 -1 9 1
863 LN -1 -1 -1 -1 9 0
864 LN -1 -1 -1 -1 8 0
865 IN 866 871 111 171.5 4 -1
866 IN 867 870 111 163.5 5 -1
867 IN 868 869 86 17.5 6 -1
868 LN -1 -1 -1 -1 7 0
869 LN -1 -1 -1 -1 7 0
870 LN -1 -1 -1 -1 6 0
871 LN -1 -1 -1 -1 5 1
872 IN 873 922 82 0.5 2 -1
873 IN 874 921 111 190.5 3 -1
874 IN 875 904 33 0.5 4 -1
875 IN 876 891 75 0.5 5 -1
876 IN 877 890 80 0.5 6 -1
877 IN 878 885 23 0.5 7 -1
878 IN 879 882 83 0.5 8 -1
879 IN 880 881 0 78.5 9 -1
880 LN -1 -1 -1 -1 10 0
881 LN -1 -1 -1 -1 10 1
882 IN 883 884 7 0.5 9 -1
883 LN -1 -1 -1 -1 10 0
884 LN -1 -1 -1 -1 10 0
885 IN 886 889 34 0.5 8 -1
886 IN 887 888 111 188.0 9 -1
887 LN -1 -1 -1 -1 10 0
888 LN -1 -1 -1 -1 10 1
889 LN -1 -1 -1 -1 9 0
890 LN -1 -1 -1 -1 7 0
891 IN 892 903 16 0.5 6 -1
892 IN 893 900 58 0.5 7 -1
893 IN 894 897 57 0.5 8 -1
894 IN 895 896 124 0.5 9 -1
895 LN -1 -1 -1 -1 10 1
896 LN -1 -1 -1 -1 10 1
897 IN 898 899 116 0.5 9 -1
898 LN -1 -1 -1 -1 10 0
899 LN -1 -1 -1 -1 10 0
900 IN 901 902 7 0.5 8 -1
901 LN -1 -1 -1 -1 9 0
902 LN -1 -1 -1 -1 9 1
903 LN -1 -1 -1 -1 7 0
904 IN 905 920 75 0.5 5 -1
905 IN 906 915 18 7.5 6 -1
906 IN 907 910 6 0.5 7 -1
907 IN 908 909 21 0.5 8 -1
908 LN -1 -1 -1 -1 9 1
909 LN -1 -1 -1 -1 9 0
910 IN 911 912 123 0.5 8 -1
911 LN -1 -1 -1 -1 9 1
912 IN 913 914 39 0.5 9 -1
913 LN -1 -1 -1 -1 10 1
914 LN -1 -1 -1 -1 10 1
915 IN 916 919 47 0.5 7 -1
916 IN 917 918 24 0.5 8 -1
917 LN -1 -1 -1 -1 9 0
918 LN -1 -1 -1 -1 9 0
919 LN -1 -1 -1 -1 8 1
920 LN -1 -1 -1 -1 6 0
921 LN -1 -1 -1 -1 4 0
922 IN 923 942 7 0.5 3 -1
923 IN 924 937 129 0.5 4 -1
924 IN 925 928 39 0.5 5 -1
925 IN 926 927 63 0.5 6 -1
926 LN -1 -1 -1 -1 7 0
927 LN -1 -1 -1 -1 7 0
928 IN 929 934 24 0.5 6 -1
929 IN 930 933 87 35.0 7 -1
930 IN 931 932 128 0.5 8 -1
931 LN -1 -1 -1 -1 9 0
932 LN -1 -1 -1 -1 9 1
933 LN -1 -1 -1 -1 8 1
934 IN 935 936 64 0.5 7 -1
935 LN -1 -1 -1 -1 8 0
936 LN -1 -1 -1 -1 8 1
937 IN 938 941 101 0.5 5 -1
938 IN 939 940 92 0.5 6 -1
939 LN -1 -1 -1 -1 7 1
940 LN -1 -1 -1 -1 7 0
941 LN -1 -1 -1 -1 6 0
942 IN 943 950 54 0.5 4 -1
943 IN 944 945 18 5.5 5 -1
944 LN -1 -1 -1 -1 6 1
945 IN 946 949 3 1400.0 6 -1
946 IN 947 948 0 64.0 7 -1
947 LN -1 -1 -1 -1 8 0
948 LN -1 -1 -1 -1 8 0
949 LN -1 -1 -1 -1 7 0
950 LN -1 -1 -1 -1 5 0

[TREE 7]
NB_NODES: 965
0 IN 1 520 97 0.5 0 -1
1 IN 2 331 91 0.5 1 -1
2 IN 3 180 135 0.5 2 -1
3 IN 4 103 65 0.5 3 -1
4 IN 5 60 93 0.5 4 -1
5 IN 6 35 63 0.5 5 -1
6 IN 7 20 142 0.5 6 -1
7 IN 8 15 21 0.5 7 -1
8 IN 9 12 109 0.5 8 -1
9 IN 10 11 102 0.5 9 -1
10 LN -1 -1 -1 -1 10 1
11 LN -1 -1 -1 -1 10 0
12 IN 13 14 141 0.5 9 -1
13 LN -1 -1 -1 -1 10 0
14 LN -1 -1 -1 -1 10 0
15 IN 16 19 118 0.5 8 -1
16 IN 17 18 117 0.5 9 -1
17 LN -1 -1 -1 -1 10 1
18 LN -1 -1 -1 -1 10 1
19 LN -1 -1 -1 -1 9 0
20 IN 21 28 102 0.5 7 -1
21 IN 22 25 14 0.5 8 -1
22 IN 23 24 86 14.0 9 -1
23 LN -1 -1 -1 -1 10 0
24 LN -1 -1 -1 -1 10 0
25 IN 26 27 8 0.5 9 -1
26 LN -1 -1 -1 -1 10 1
27 LN -1 -1 -1 -1 10 0
28 IN 29 32 85 0.5 8 -1
29 IN 30 31 90 0.5 9 -1
30 LN -1 -1 -1 -1 10 0
31 LN -1 -1 -1 -1 10 0
32 IN 33 34 46 0.5 9 -1
33 LN -1 -1 -1 -1 10 0
34 LN -1 -1 -1 -1 10 0
35 IN 36 49 90 0.5 6 -1
36 IN 37 44 78 0.5 7 -1
37 IN 38 41 36 0.5 8 -1
38 IN 39 40 0 59.5 9 -1
39 LN -1 -1 -1 -1 10 1
40 LN -1 -1 -1 -1 10 0
41 IN 42 43 2 0.5 9 -1
42 LN -1 -1 -1 -1 10 0
43 LN -1 -1 -1 -1 10 0
44 IN 45 48 148 0.5 8 -1
45 IN 46 47 30 0.5 9 -1
46 LN -1 -1 -1 -1 10 0
47 LN -1 -1 -1 -1 10 1
48 LN -1 -1 -1 -1 9 1
49 IN 50 55 36 0.5 7 -1
50 IN 51 54 148 0.5 8 -1
51 IN 52 53 0 50.0 9 -1
52 LN -1 -1 -1 -1 10 1
53 LN -1 -1 -1 -1 10 0
54 LN -1 -1 -1 -1 9 0
55 IN 56 59 40 0.5 8 -1
56 IN 57 58 82 0.5 9 -1
57 LN -1 -1 -1 -1 10 0
58 LN -1 -1 -1 -1 10 0
59 LN -1 -1 -1 -1 9 0
60 IN 61 90 41 0.5 5 -1
61 IN 62 75 48 0.5 6 -1
62 IN 63 68 27 0.5 7 -1
63 IN 64 67 125 0.5 8 -1
64 IN 65 66 151 0.5 9 -1
65 LN -1 -1 -1 -1 10 1
66 LN -1 -1 -1 -1 10 0
67 LN -1 -1 -1 -1 9 1
68 IN 69 72 2 0.5 8 -1
69 IN 70 71 0 72.5 9 -1
70 LN -1 -1 -1 -1 10 0
71 LN -1 -1 -1 -1 10 1
72 IN 73 74 3 1750.0 9 -1
73 LN -1 -1 -1 -1 10 1
74 LN -1 -1 -1 -1 10 1
75 IN 76 83 1 0.5 7 -1
76 IN 77 80 59 0.5 8 -1
77 IN 78 79 111 168.5 9 -1
78 LN -1 -1 -1 -1 10 0
79 LN -1 -1 -1 -1 10 1
80 IN 81 82 87 35.0 9 -1
81 LN -1 -1 -1 -1 10 1
82 LN -1 -1 -1 -1 10 1
83 IN 84 87 42 0.5 8 -1
84 IN 85 86 125 0.5 9 -1
85 LN -1 -1 -1 -1 10 0
86 LN -1 -1 -1 -1 10 1
87 IN 88 89 86 20.5 9 -1
88 LN -1 -1 -1 -1 10 0
89 LN -1 -1 -1 -1 10 1
90 IN 91 100 82 0.5 6 -1
91 IN 92 99 147 0.5 7 -1
92 IN 93 96 130 0.5 8 -1
93 IN 94 95 46 0.5 9 -1
94 LN -1 -1 -1 -1 10 1
95 LN -1 -1 -1 -1 10 0
96 IN 97 98 6 0.5 9 -1
97 LN -1 -1 -1 -1 10 1
98 LN -1 -1 -1 -1 10 1
99 LN -1 -1 -1 -1 8 1
100 IN 101 102 23 0.5 7 -1
101 LN -1 -1 -1 -1 8 0
102 LN -1 -1 -1 -1 8 1
103 IN 104 151 29 0.5 4 -1
104 IN 105 130 21 0.5 5 -1
105 IN 106 119 1 0.5 6 -1
106 IN 107 114 48 0.5 7 -1
107 IN 108 111 30 0.5 8 -1
108 IN 109 110 33 0.5 9 -1
109 LN -1 -1 -1 -1 10 1
110 LN -1 -1 -1 -1 10 1
111 IN 112 113 52 0.5 9 -1
112 LN -1 -1 -1 -1 10 1
113 LN -1 -1 -1 -1 10 1
114 IN 115 118 111 173.5 8 -1
115 IN 116 117 93 0.5 9 -1
116 LN -1 -1 -1 -1 10 0
117 LN -1 -1 -1 -1 10 1
118 LN -1 -1 -1 -1 9 0
119 IN 120 125 86 21.5 7 -1
120 IN 121 124 149 0.5 8 -1
121 IN 122 123 78 0.5 9 -1
122 LN -1 -1 -1 -1 10 0
123 LN -1 -1 -1 -1 10 1
124 LN -1 -1 -1 -1 9 0
125 IN 126 129 9 0.5 8 -1
126 IN 127 128 109 0.5 9 -1
127 LN -1 -1 -1 -1 10 1
128 LN -1 -1 -1 -1 10 0
129 LN -1 -1 -1 -1 9 0
130 IN 131 144 14 0.5 6 -1
131 IN 132 139 117 0.5 7 -1
132 IN 133 136 151 1.5 8 -1
133 IN 134 135 58 0.5 9 -1
134 LN -1 -1 -1 -1 10 1
135 LN -1 -1 -1 -1 10 1
136 IN 137 138 106 0.5 9 -1
137 LN -1 -1 -1 -1 10 0
138 LN -1 -1 -1 -1 10 1
139 IN 140 143 60 0.5 8 -1
140 IN 141 142 70 0.5 9 -1
141 LN -1 -1 -1 -1 10 1
142 LN -1 -1 -1 -1 10 1
143 LN -1 -1 -1 -1 9 1
144 IN 145 150 9 0.5 7 -1
145 IN 146 149 114 0.5 8 -1
146 IN 147 148 84 0.5 9 -1
147 LN -1 -1 -1 -1 10 1
148 LN -1 -1 -1 -1 10 1
149 LN -1 -1 -1 -1 9 1
150 LN -1 -1 -1 -1 8 1
151 IN 152 171 78 0.5 5 -1
152 IN 153 166 9 0.5 6 -1
153 IN 154 161 24 0.5 7 -1
154 IN 155 158 1 0.5 8 -1
155 IN 156 157 90 0.5 9 -1
156 LN -1 -1 -1 -1 10 0
157 LN -1 -1 -1 -1 10 0
158 IN 159 160 144 23.5 9 -1
159 LN -1 -1 -1 -1 10 0
160 LN -1 -1 -1 -1 10 1
161 IN 162 165 102 0.5 8 -1
162 IN 163 164 87 17.5 9 -1
163 LN -1 -1 -1 -1 10 1
164 LN -1 -1 -1 -1 10 0
165 LN -1 -1 -1 -1 9 0
166 IN 167 168 86 29.0 7 -1
167 LN -1 -1 -1 -1 8 0
168 IN 169 170 151 3.5 8 -1
169 LN -1 -1 -1 -1 9 1
170 LN -1 -1 -1 -1 9 0
171 IN 172 179 57 0.5 6 -1
172 IN 173 178 34 0.5 7 -1
173 IN 174 177 102 0.5 8 -1
174 IN 175 176 123 0.5 9 -1
175 LN -1 -1 -1 -1 10 1
176 LN -1 -1 -1 -1 10 1
177 LN -1 -1 -1 -1 9 0
178 LN -1 -1 -1 -1 8 0
179 LN -1 -1 -1 -1 7 1
180 IN 181 242 2 0.5 3 -1
181 IN 182 235 72 0.5 4 -1
182 IN 183 210 138 0.5 5 -1
183 IN 184 197 39 0.5 6 -1
184 IN 185 190 0 60.5 7 -1
185 IN 186 189 144 19.0 8 -1
186 IN 187 188 122 0.5 9 -1
187 LN -1 -1 -1 -1 10 0
188 LN -1 -1 -1 -1 10 1
189 LN -1 -1 -1 -1 9 0
190 IN 191 194 75 0.5 8 -1
191 IN 192 193 102 0.5 9 -1
192 LN -1 -1 -1 -1 10 0
193 LN -1 -1 -1 -1 10 0
194 IN 195 196 57 0.5 9 -1
195 LN -1 -1 -1 -1 10 0
196 LN -1 -1 -1 -1 10 0
197 IN 198 205 129 0.5 7 -1
198 IN 199 202 71 0.5 8 -1
199 IN 200 201 3 3159.0 9 -1
200 LN -1 -1 -1 -1 10 0
201 LN -1 -1 -1 -1 10 0
202 IN 203 204 111 169.5 9 -1
203 LN -1 -1 -1 -1 10 1
204 LN -1 -1 -1 -1 10 0
205 IN 206 209 125 0.5 8 -1
206 IN 207 208 148 0.5 9 -1
207 LN -1 -1 -1 -1 10 0
208 LN -1 -1 -1 -1 10 1
209 LN -1 -1 -1 -1 9 1
210 IN 211 226 0 77.5 6 -1
211 IN 212 219 63 0.5 7 -1
212 IN 213 216 148 0.5 8 -1
213 IN 214 215 111 191.5 9 -1
214 LN -1 -1 -1 -1 10 0
215 LN -1 -1 -1 -1 10 1
216 IN 217 218 76 0.5 9 -1
217 LN -1 -1 -1 -1 10 0
218 LN -1 -1 -1 -1 10 0
219 IN 220 223 34 0.5 8 -1
220 IN 221 222 92 0.5 9 -1
221 LN -1 -1 -1 -1 10 0
222 LN -1 -1 -1 -1 10 0
223 IN 224 225 106 0.5 9 -1
224 LN -1 -1 -1 -1 10 0
225 LN -1 -1 -1 -1 10 0
226 IN 227 234 111 177.5 7 -1
227 IN 228 231 77 0.5 8 -1
228 IN 229 230 151 0.5 9 -1
229 LN -1 -1 -1 -1 10 1
230 LN -1 -1 -1 -1 10 0
231 IN 232 233 130 0.5 9 -1
232 LN -1 -1 -1 -1 10 1
233 LN -1 -1 -1 -1 10 1
234 LN -1 -1 -1 -1 8 0
235 IN 236 241 77 0.5 5 -1
236 IN 237 240 9 0.5 6 -1
237 IN 238 239 137 0.5 7 -1
238 LN -1 -1 -1 -1 8 0
239 LN -1 -1 -1 -1 8 0
240 LN -1 -1 -1 -1 7 1
241 LN -1 -1 -1 -1 6 1
242 IN 243 294 18 8.5 4 -1
243 IN 244 271 29 0.5 5 -1
244 IN 245 260 71 0.5 6 -1
245 IN 246 253 86 34.5 7 -1
246 IN 247 250 86 11.5 8 -1
247 IN 248 249 122 0.5 9 -1
248 LN -1 -1 -1 -1 10 0
249 LN -1 -1 -1 -1 10 0
250 IN 251 252 127 0.5 9 -1
251 LN -1 -1 -1 -1 10 0
252 LN -1 -1 -1 -1 10 0
253 IN 254 257 116 0.5 8 -1
254 IN 255 256 151 4.5 9 -1
255 LN -1 -1 -1 -1 10 0
256 LN -1 -1 -1 -1 10 0
257 IN 258 259 28 0.5 9 -1
258 LN -1 -1 -1 -1 10 0
259 LN -1 -1 -1 -1 10 0
260 IN 261 266 0 68.5 7 -1
261 IN 262 265 90 0.5 8 -1
262 IN 263 264 144 7.0 9 -1
263 LN -1 -1 -1 -1 10 0
264 LN -1 -1 -1 -1 10 1
265 LN -1 -1 -1 -1 9 0
266 IN 267 268 116 0.5 8 -1
267 LN -1 -1 -1 -1 9 1
268 IN 269 270 102 0.5 9 -1
269 LN -1 -1 -1 -1 10 1
270 LN -1 -1 -1 -1 10 1
271 IN 272 283 57 0.5 6 -1
272 IN 273 278 151 4.5 7 -1
273 IN 274 277 114 0.5 8 -1
274 IN 275 276 0 54.0 9 -1
275 LN -1 -1 -1 -1 10 1
276 LN -1 -1 -1 -1 10 0
277 LN -1 -1 -1 -1 9 0
278 IN 279 282 102 0.5 8 -1
279 IN 280 281 70 0.5 9 -1
280 LN -1 -1 -1 -1 10 0
281 LN -1 -1 -1 -1 10 0
282 LN -1 -1 -1 -1 9 0
283 IN 284 291 100 0.5 7 -1
284 IN 285 288 101 0.5 8 -1
285 IN 286 287 81 0.5 9 -1
286 LN -1 -1 -1 -1 10 0
287 LN -1 -1 -1 -1 10 1
288 IN 289 290 51 0.5 9 -1
289 LN -1 -1 -1 -1 10 0
290 LN -1 -1 -1 -1 10 1
291 IN 292 293 109 0.5 8 -1
292 LN -1 -1 -1 -1 9 1
293 LN -1 -1 -1 -1 9 1
294 IN 295 316 75 0.5 5 -1
295 IN 296 309 138 0.5 6 -1
296 IN 297 304 29 0.5 7 -1
297 IN 298 301 57 0.5 8 -1
298 IN 299 300 3 2079.0 9 -1
299 LN -1 -1 -1 -1 10 1
300 LN -1 -1 -1 -1 10 1
301 IN 302 303 64 0.5 9 -1
302 LN -1 -1 -1 -1 10 0
303 LN -1 -1 -1 -1 10 1
304 IN 305 308 87 19.0 8 -1
305 IN 306 307 110 0.5 9 -1
306 LN -1 -1 -1 -1 10 0
307 LN -1 -1 -1 -1 10 1
308 LN -1 -1 -1 -1 9 0
309 IN 310 311 0 58.5 7 -1
310 LN -1 -1 -1 -1 8 0
311 IN 312 315 29 0.5 8 -1
312 IN 313 314 0 77.5 9 -1
313 LN -1 -1 -1 -1 10 0
314 LN -1 -1 -1 -1 10 0
315 LN -1 -1 -1 -1 9 0
316 IN 317 330 21 0.5 6 -1
317 IN 318 325 28 0.5 7 -1
318 IN 319 322 86 14.0 8 -1
319 IN 320 321 0 66.5 9 -1
320 LN -1 -1 -1 -1 10 0
321 LN -1 -1 -1 -1 10 0
322 IN 323 324 114 0.5 9 -1
323 LN -1 -1 -1 -1 10 0
324 LN -1 -1 -1 -1 10 0
325 IN 326 327 86 12.5 8 -1
326 LN -1 -1 -1 -1 9 0
327 IN 328 329 109 0.5 9 -1
328 LN -1 -1 -1 -1 10 0
329 LN -1 -1 -1 -1 10 1
330 LN -1 -1 -1 -1 7 1
331 IN 332 439 36 0.5 2 -1
332 IN 333 388 1 0.5 3 -1
333 IN 334 375 14 0.5 4 -1
334 IN 335 360 53 0.5 5 -1
335 IN 336 345 17 0.5 6 -1
336 IN 337 344 42 0.5 7 -1
337 IN 338 341 47 0.5 8 -1
338 IN 339 340 137 0.5 9 -1
339 LN -1 -1 -1 -1 10 0
340 LN -1 -1 -1 -1 10 0
341 IN 342 343 70 0.5 9 -1
342 LN -1 -1 -1 -1 10 1
343 LN -1 -1 -1 -1 10 0
344 LN -1 -1 -1 -1 8 0
345 IN 346 353 75 0.5 7 -1
346 IN 347 350 151 3.5 8 -1
347 IN 348 349 117 0.5 9 -1
348 LN -1 -1 -1 -1 10 0
349 LN -1 -1 -1 -1 10 1
350 IN 351 352 149 0.5 9 -1
351 LN -1 -1 -1 -1 10 1
352 LN -1 -1 -1 -1 10 1
353 IN 354 357 128 0.5 8 -1
354 IN 355 356 29 0.5 9 -1
355 LN -1 -1 -1 -1 10 0
356 LN -1 -1 -1 -1 10 0
357 IN 358 359 6 0.5 9 -1
358 LN -1 -1 -1 -1 10 0
359 LN -1 -1 -1 -1 10 0
360 IN 361 374 60 0.5 6 -1
361 IN 362 369 18 6.5 7 -1
362 IN 363 366 76 0.5 8 -1
363 IN 364 365 135 0.5 9 -1
364 LN -1 -1 -1 -1 10 1
365 LN -1 -1 -1 -1 10 1
366 IN 367 368 39 0.5 9 -1
367 LN -1 -1 -1 -1 10 0
368 LN -1 -1 -1 -1 10 0
369 IN 370 373 130 0.5 8 -1
370 IN 371 372 76 0.5 9 -1
371 LN -1 -1 -1 -1 10 0
372 LN -1 -1 -1 -1 10 0
373 LN -1 -1 -1 -1 9 0
374 LN -1 -1 -1 -1 7 1
375 IN 376 387 100 0.5 5 -1
376 IN 377 386 83 0.5 6 -1
377 IN 378 385 8 0.5 7 -1
378 IN 379 382 10 0.5 8 -1
379 IN 380 381 41 0.5 9 -1
380 LN -1 -1 -1 -1 10 0
381 LN -1 -1 -1 -1 10 1
382 IN 383 384 3 1073.5 9 -1
383 LN -1 -1 -1 -1 10 1
384 LN -1 -1 -1 -1 10 0
385 LN -1 -1 -1 -1 8 1
386 LN -1 -1 -1 -1 7 1
387 LN -1 -1 -1 -1 6 1
388 IN 389 432 143 0.5 4 -1
389 IN 390 413 16 0.5 5 -1
390 IN 391 404 65 0.5 6 -1
391 IN 392 399 3 10388.5 7 -1
392 IN 393 396 141 0.5 8 -1
393 IN 394 395 85 0.5 9 -1
394 LN -1 -1 -1 -1 10 0
395 LN -1 -1 -1 -1 10 0
396 IN 397 398 130 0.5 9 -1
397 LN -1 -1 -1 -1 10 0
398 LN -1 -1 -1 -1 10 0
399 IN 400 403 22 0.5 8 -1
400 IN 401 402 137 0.5 9 -1
401 LN -1 -1 -1 -1 10 1
402 LN -1 -1 -1 -1 10 0
403 LN -1 -1 -1 -1 9 1
404 IN 405 412 69 0.5 7 -1
405 IN 406 409 58 0.5 8 -1
406 IN 407 408 151 1.5 9 -1
407 LN -1 -1 -1 -1 10 0
408 LN -1 -1 -1 -1 10 1
409 IN 410 411 17 0.5 9 -1
410 LN -1 -1 -1 -1 10 0
411 LN -1 -1 -1 -1 10 0
412 LN -1 -1 -1 -1 8 0
413 IN 414 427 144 13.5 6 -1
414 IN 415 422 23 0.5 7 -1
415 IN 416 419 46 0.5 8 -1
416 IN 417 418 150 0.5 9 -1
417 LN -1 -1 -1 -1 10 0
418 LN -1 -1 -1 -1 10 0
419 IN 420 421 0 66.0 9 -1
420 LN -1 -1 -1 -1 10 0
421 LN -1 -1 -1 -1 10 1
422 IN 423 424 57 0.5 8 -1
423 LN -1 -1 -1 -1 9 0
424 IN 425 426 18 6.5 9 -1
425 LN -1 -1 -1 -1 10 1
426 LN -1 -1 -1 -1 10 0
427 IN 428 429 109 0.5 7 -1
428 LN -1 -1 -1 -1 8 0
429 IN 430 431 129 0.5 8 -1
430 LN -1 -1 -1 -1 9 0
431 LN -1 -1 -1 -1 9 1
432 IN 433 436 109 0.5 5 -1
433 IN 434 435 65 0.5 6 -1
434 LN -1 -1 -1 -1 7 0
435 LN -1 -1 -1 -1 7 0
436 IN 437 438 147 0.5 6 -1
437 LN -1 -1 -1 -1 7 1
438 LN -1 -1 -1 -1 7 1
439 IN 440 503 45 0.5 3 -1
440 IN 441 486 14 0.5 4 -1
441 IN 442 469 65 0.5 5 -1
442 IN 443 456 7 0.5 6 -1
443 IN 444 451 86 34.5 7 -1
444 IN 445 448 135 0.5 8 -1
445 IN 446 447 143 0.5 9 -1
446 LN -1 -1 -1 -1 10 0
447 LN -1 -1 -1 -1 10 0
448 IN 449 450 125 0.5 9 -1
449 LN -1 -1 -1 -1 10 0
450 LN -1 -1 -1 -1 10 0
451 IN 452 453 6 0.5 8 -1
452 LN -1 -1 -1 -1 9 0
453 IN 454 455 75 0.5 9 -1
454 LN -1 -1 -1 -1 10 0
455 LN -1 -1 -1 -1 10 0
456 IN 457 462 109 0.5 7 -1
457 IN 458 459 142 0.5 8 -1
458 LN -1 -1 -1 -1 9 0
459 IN 460 461 70 0.5 9 -1
460 LN -1 -1 -1 -1 10 0
461 LN -1 -1 -1 -1 10 0
462 IN 463 466 141 0.5 8 -1
463 IN 464 465 48 0.5 9 -1
464 LN -1 -1 -1 -1 10 0
465 LN -1 -1 -1 -1 10 0
466 IN 467 468 54 0.5 9 -1
467 LN -1 -1 -1 -1 10 0
468 LN -1 -1 -1 -1 10 0
469 IN 470 483 9 0.5 6 -1
470 IN 471 476 135 0.5 7 -1
471 IN 472 475 75 0.5 8 -1
472 IN 473 474 131 0.5 9 -1
473 LN -1 -1 -1 -1 10 0
474 LN -1 -1 -1 -1 10 1
475 LN -1 -1 -1 -1 9 0
476 IN 477 480 47 0.5 8 -1
477 IN 478 479 127 0.5 9 -1
478 LN -1 -1 -1 -1 10 0
479 LN -1 -1 -1 -1 10 1
480 IN 481 482 130 0.5 9 -1
481 LN -1 -1 -1 -1 10 0
482 LN -1 -1 -1 -1 10 0
483 IN 484 485 109 0.5 7 -1
484 LN -1 -1 -1 -1 8 1
485 LN -1 -1 -1 -1 8 1
486 IN 487 498 0 73.5 5 -1
487 IN 488 489 86 15.5 6 -1
488 LN -1 -1 -1 -1 7 0
489 IN 490 495 47 0.5 7 -1
490 IN 491 494 141 0.5 8 -1
491 IN 492 493 46 0.5 9 -1
492 LN -1 -1 -1 -1 10 0
493 LN -1 -1 -1 -1 10 0
494 LN -1 -1 -1 -1 9 1
495 IN 496 497 57 0.5 8 -1
496 LN -1 -1 -1 -1 9 0
497 LN -1 -1 -1 -1 9 0
498 IN 499 500 150 0.5 6 -1
499 LN -1 -1 -1 -1 7 1
500 IN 501 502 106 0.5 7 -1
501 LN -1 -1 -1 -1 8 0
502 LN -1 -1 -1 -1 8 1
503 IN 504 519 78 0.5 4 -1
504 IN 505 506 18 5.5 5 -1
505 LN -1 -1 -1 -1 6 0
506 IN 507 514 29 0.5 6 -1
507 IN 508 509 151 1.5 7 -1
508 LN -1 -1 -1 -1 8 1
509 IN 510 511 111 151.5 8 -1
510 LN -1 -1 -1 -1 9 1
511 IN 512 513 16 0.5 9 -1
512 LN -1 -1 -1 -1 10 0
513 LN -1 -1 -1 -1 10 1
514 IN 515 518 111 167.0 7 -1
515 IN 516 517 87 14.0 8 -1
516 LN -1 -1 -1 -1 9 1
517 LN -1 -1 -1 -1 9 1
518 LN -1 -1 -1 -1 8 0
519 LN -1 -1 -1 -1 5 1
520 IN 521 752 150 0.5 1 -1
521 IN 522 659 77 0.5 2 -1
522 IN 523 628 143 0.5 3 -1
523 IN 524 583 92 0.5 4 -1
524 IN 525 552 138 0.5 5 -1
525 IN 526 539 144 15.5 6 -1
526 IN 527 534 24 0.5 7 -1
527 IN 528 531 111 169.5 8 -1
528 IN 529 530 131 0.5 9 -1
529 LN -1 -1 -1 -1 10 0
530 LN -1 -1 -1 -1 10 1
531 IN 532 533 144 10.5 9 -1
532 LN -1 -1 -1 -1 10 0
533 LN -1 -1 -1 -1 10 0
534 IN 535 536 3 350.5 8 -1
535 LN -1 -1 -1 -1 9 0
536 IN 537 538 135 0.5 9 -1
537 LN -1 -1 -1 -1 10 0
538 LN -1 -1 -1 -1 10 0
539 IN 540 547 15 0.5 7 -1
540 IN 541 544 91 0.5 8 -1
541 IN 542 543 1 0.5 9 -1
542 LN -1 -1 -1 -1 10 0
543 LN -1 -1 -1 -1 10 0
544 IN 545 546 75 0.5 9 -1
545 LN -1 -1 -1 -1 10 0
546 LN -1 -1 -1 -1 10 0
547 IN 548 549 111 166.5 8 -1
548 LN -1 -1 -1 -1 9 0
549 IN 550 551 84 0.5 9 -1
550 LN -1 -1 -1 -1 10 0
551 LN -1 -1 -1 -1 10 0
552 IN 553 568 59 0.5 6 -1
553 IN 554 561 48 0.5 7 -1
554 IN 555 558 111 169.5 8 -1
555 IN 556 557 144 0.0 9 -1
556 LN -1 -1 -1 -1 10 1
557 LN -1 -1 -1 -1 10 0
558 IN 559 560 64 0.5 9 -1
559 LN -1 -1 -1 -1 10 0
560 LN -1 -1 -1 -1 10 0
561 IN 562 565 63 0.5 8 -1
562 IN 563 564 86 31.5 9 -1
563 LN -1 -1 -1 -1 10 0
564 LN -1 -1 -1 -1 10 0
565 IN 566 567 0 79.5 9 -1
566 LN -1 -1 -1 -1 10 0
567 LN -1 -1 -1 -1 10 0
568 IN 569 576 1 0.5 7 -1
569 IN 570 573 18 7.5 8 -1
570 IN 571 572 114 0.5 9 -1
571 LN -1 -1 -1 -1 10 1
572 LN -1 -1 -1 -1 10 0
573 IN 574 575 29 0.5 9 -1
574 LN -1 -1 -1 -1 10 0
575 LN -1 -1 -1 -1 10 0
576 IN 577 580 130 0.5 8 -1
577 IN 578 579 11 0.5 9 -1
578 LN -1 -1 -1 -1 10 0
579 LN -1 -1 -1 -1 10 1
580 IN 581 582 23 0.5 9 -1
581 LN -1 -1 -1 -1 10 0
582 LN -1 -1 -1 -1 10 1
583 IN 584 611 29 0.5 5 -1
584 IN 585 598 138 0.5 6 -1
585 IN 586 593 7 0.5 7 -1
586 IN 587 590 78 0.5 8 -1
587 IN 588 589 8 0.5 9 -1
588 LN -1 -1 -1 -1 10 0
589 LN -1 -1 -1 -1 10 0
590 IN 591 592 141 0.5 9 -1
591 LN -1 -1 -1 -1 10 1
592 LN -1 -1 -1 -1 10 1
593 IN 594 595 0 52.5 8 -1
594 LN -1 -1 -1 -1 9 1
595 IN 596 597 111 174.5 9 -1
596 LN -1 -1 -1 -1 10 0
597 LN -1 -1 -1 -1 10 0
598 IN 599 604 129 0.5 7 -1
599 IN 600 603 54 0.5 8 -1
600 IN 601 602 0 71.5 9 -1
601 LN -1 -1 -1 -1 10 0
602 LN -1 -1 -1 -1 10 1
603 LN -1 -1 -1 -1 9 0
604 IN 605 608 134 0.5 8 -1
605 IN 606 607 75 0.5 9 -1
606 LN -1 -1 -1 -1 10 0
607 LN -1 -1 -1 -1 10 0
608 IN 609 610 86 17.5 9 -1
609 LN -1 -1 -1 -1 10 1
610 LN -1 -1 -1 -1 10 0
611 IN 612 621 1 0.5 6 -1
612 IN 613 620 52 0.5 7 -1
613 IN 614 617 86 21.5 8 -1
614 IN 615 616 3 1550.0 9 -1
615 LN -1 -1 -1 -1 10 0
616 LN -1 -1 -1 -1 10 0
617 IN 618 619 6 0.5 9 -1
618 LN -1 -1 -1 -1 10 0
619 LN -1 -1 -1 -1 10 0
620 LN -1 -1 -1 -1 8 0
621 IN 622 623 48 0.5 7 -1
622 LN -1 -1 -1 -1 8 0
623 IN 624 627 36 0.5 8 -1
624 IN 625 626 149 0.5 9 -1
625 LN -1 -1 -1 -1 10 0
626 LN -1 -1 -1 -1 10 1
627 LN -1 -1 -1 -1 9 0
628 IN 629 650 111 165.5 4 -1
629 IN 630 641 36 0.5 5 -1
630 IN 631 634 3 1163.0 6 -1
631 IN 632 633 18 7.0 7 -1
632 LN -1 -1 -1 -1 8 1
633 LN -1 -1 -1 -1 8 0
634 IN 635 640 123 0.5 7 -1
635 IN 636 637 35 0.5 8 -1
636 LN -1 -1 -1 -1 9 1
637 IN 638 639 3 4600.0 9 -1
638 LN -1 -1 -1 -1 10 1
639 LN -1 -1 -1 -1 10 1
640 LN -1 -1 -1 -1 8 1
641 IN 642 649 40 0.5 6 -1
642 IN 643 648 47 0.5 7 -1
643 IN 644 647 101 0.5 8 -1
644 IN 645 646 105 0.5 9 -1
645 LN -1 -1 -1 -1 10 1
646 LN -1 -1 -1 -1 10 0
647 LN -1 -1 -1 -1 9 0
648 LN -1 -1 -1 -1 8 0
649 LN -1 -1 -1 -1 7 1
650 IN 651 656 151 2.5 5 -1
651 IN 652 653 0 56.5 6 -1
652 LN -1 -1 -1 -1 7 0
653 IN 654 655 87 18.0 7 -1
654 LN -1 -1 -1 -1 8 1
655 LN -1 -1 -1 -1 8 0
656 IN 657 658 34 0.5 6 -1
657 LN -1 -1 -1 -1 7 0
658 LN -1 -1 -1 -1 7 0
659 IN 660 741 143 0.5 3 -1
660 IN 661 712 3 2895.0 4 -1
661 IN 662 685 0 60.5 5 -1
662 IN 663 676 15 0.5 6 -1
663 IN 664 671 30 0.5 7 -1
664 IN 665 668 144 19.0 8 -1
665 IN 666 667 144 5.5 9 -1
666 LN -1 -1 -1 -1 10 0
667 LN -1 -1 -1 -1 10 0
668 IN 669 670 129 0.5 9 -1
669 LN -1 -1 -1 -1 10 1
670 LN -1 -1 -1 -1 10 0
671 IN 672 673 0 52.5 8 -1
672 LN -1 -1 -1 -1 9 0
673 IN 674 675 40 0.5 9 -1
674 LN -1 -1 -1 -1 10 0
675 LN -1 -1 -1 -1 10 0
676 IN 677 684 118 0.5 7 -1
677 IN 678 681 149 0.5 8 -1
678 IN 679 680 18 5.5 9 -1
679 LN -1 -1 -1 -1 10 1
680 LN -1 -1 -1 -1 10 0
681 IN 682 683 23 0.5 9 -1
682 LN -1 -1 -1 -1 10 0
683 LN -1 -1 -1 -1 10 0
684 LN -1 -1 -1 -1 8 1
685 IN 686 697 87 20.5 6 -1
686 IN 687 692 111 165.5 7 -1
687 IN 688 689 87 14.0 8 -1
688 LN -1 -1 -1 -1 9 1
689 IN 690 691 15 0.5 9 -1
690 LN -1 -1 -1 -1 10 0
691 LN -1 -1 -1 -1 10 0
692 IN 693 696 90 0.5 8 -1
693 IN 694 695 41 0.5 9 -1
694 LN -1 -1 -1 -1 10 0
695 LN -1 -1 -1 -1 10 0
696 LN -1 -1 -1 -1 9 0
697 IN 698 705 137 0.5 7 -1
698 IN 699 702 34 0.5 8 -1
699 IN 700 701 102 0.5 9 -1
700 LN -1 -1 -1 -1 10 0
701 LN -1 -1 -1 -1 10 0
702 IN 703 704 149 0.5 9 -1
703 LN -1 -1 -1 -1 10 0
704 LN -1 -1 -1 -1 10 0
705 IN 706 709 135 0.5 8 -1
706 IN 707 708 0 62.5 9 -1
707 LN -1 -1 -1 -1 10 0
708 LN -1 -1 -1 -1 10 1
709 IN 710 711 148 0.5 9 -1
710 LN -1 -1 -1 -1 10 0
711 LN -1 -1 -1 -1 10 0
712 IN 713 730 106 0.5 5 -1
713 IN 714 723 64 0.5 6 -1
714 IN 715 722 14 0.5 7 -1
715 IN 716 719 148 0.5 8 -1
716 IN 717 718 46 0.5 9 -1
717 LN -1 -1 -1 -1 10 0
718 LN -1 -1 -1 -1 10 0
719 IN 720 721 63 0.5 9 -1
720 LN -1 -1 -1 -1 10 1
721 LN -1 -1 -1 -1 10 1
722 LN -1 -1 -1 -1 8 1
723 IN 724 725 6 0.5 7 -1
724 LN -1 -1 -1 -1 8 0
725 IN 726 729 148 0.5 8 -1
726 IN 727 728 83 0.5 9 -1
727 LN -1 -1 -1 -1 10 0
728 LN -1 -1 -1 -1 10 1
729 LN -1 -1 -1 -1 9 0
730 IN 731 732 102 0.5 6 -1
731 LN -1 -1 -1 -1 7 1
732 IN 733 740 18 8.0 7 -1
733 IN 734 737 6 0.5 8 -1
734 IN 735 736 23 0.5 9 -1
735 LN -1 -1 -1 -1 10 0
736 LN -1 -1 -1 -1 10 0
737 IN 738 739 39 0.5 9 -1
738 LN -1 -1 -1 -1 10 1
739 LN -1 -1 -1 -1 10 0
740 LN -1 -1 -1 -1 8 0
741 IN 742 747 105 0.5 4 -1
742 IN 743 744 14 0.5 5 -1
743 LN -1 -1 -1 -1 6 0
744 IN 745 746 57 0.5 6 -1
745 LN -1 -1 -1 -1 7 0
746 LN -1 -1 -1 -1 7 1
747 IN 748 751 116 0.5 5 -1
748 IN 749 750 0 62.0 6 -1
749 LN -1 -1 -1 -1 7 1
750 LN -1 -1 -1 -1 7 1
751 LN -1 -1 -1 -1 6 1
752 IN 753 864 134 0.5 2 -1
753 IN 754 821 10 0.5 3 -1
754 IN 755 800 89 0.5 4 -1
755 IN 756 773 51 0.5 5 -1
756 IN 757 772 12 0.5 6 -1
757 IN 758 765 28 0.5 7 -1
758 IN 759 762 87 15.5 8 -1
759 IN 760 761 90 0.5 9 -1
760 LN -1 -1 -1 -1 10 0
761 LN -1 -1 -1 -1 10 0
762 IN 763 764 77 0.5 9 -1
763 LN -1 -1 -1 -1 10 0
764 LN -1 -1 -1 -1 10 0
765 IN 766 769 65 0.5 8 -1
766 IN 767 768 39 0.5 9 -1
767 LN -1 -1 -1 -1 10 0
768 LN -1 -1 -1 -1 10 0
769 IN 770 771 82 0.5 9 -1
770 LN -1 -1 -1 -1 10 0
771 LN -1 -1 -1 -1 10 0
772 LN -1 -1 -1 -1 7 1
773 IN 774 787 1 0.5 6 -1
774 IN 775 782 101 0.5 7 -1
775 IN 776 779 151 1.5 8 -1
776 IN 777 778 48 0.5 9 -1
777 LN -1 -1 -1 -1 10 1
778 LN -1 -1 -1 -1 10 0
779 IN 780 781 18 9.5 9 -1
780 LN -1 -1 -1 -1 10 0
781 LN -1 -1 -1 -1 10 0
782 IN 783 786 87 28.5 8 -1
783 IN 784 785 115 0.5 9 -1
784 LN -1 -1 -1 -1 10 0
785 LN -1 -1 -1 -1 10 1
786 LN -1 -1 -1 -1 9 1
787 IN 788 793 64 0.5 7 -1
788 IN 789 792 123 0.5 8 -1
789 IN 790 791 85 0.5 9 -1
790 LN -1 -1 -1 -1 10 0
791 LN -1 -1 -1 -1 10 0
792 LN -1 -1 -1 -1 9 0
793 IN 794 797 70 0.5 8 -1
794 IN 795 796 116 0.5 9 -1
795 LN -1 -1 -1 -1 10 0
796 LN -1 -1 -1 -1 10 0
797 IN 798 799 76 0.5 9 -1
798 LN -1 -1 -1 -1 10 1
799 LN -1 -1 -1 -1 10 0
800 IN 801 806 18 6.5 5 -1
801 IN 802 803 105 0.5 6 -1
802 LN -1 -1 -1 -1 7 0
803 IN 804 805 0 77.0 7 -1
804 LN -1 -1 -1 -1 8 1
805 LN -1 -1 -1 -1 8 0
806 IN 807 814 70 0.5 6 -1
807 IN 808 809 3 1015.0 7 -1
808 LN -1 -1 -1 -1 8 0
809 IN 810 813 110 0.5 8 -1
810 IN 811 812 144 7.0 9 -1
811 LN -1 -1 -1 -1 10 0
812 LN -1 -1 -1 -1 10 0
813 LN -1 -1 -1 -1 9 0
814 IN 815 816 23 0.5 7 -1
815 LN -1 -1 -1 -1 8 0
816 IN 817 820 122 0.5 8 -1
817 IN 818 819 87 21.0 9 -1
818 LN -1 -1 -1 -1 10 0
819 LN -1 -1 -1 -1 10 0
820 LN -1 -1 -1 -1 9 0
821 IN 822 855 92 0.5 4 -1
822 IN 823 840 22 0.5 5 -1
823 IN 824 833 106 0.5 6 -1
824 IN 825 832 51 0.5 7 -1
825 IN 826 829 121 0.5 8 -1
826 IN 827 828 111 147.5 9 -1
827 LN -1 -1 -1 -1 10 1
828 LN -1 -1 -1 -1 10 0
829 IN 830 831 128 0.5 9 -1
830 LN -1 -1 -1 -1 10 0
831 LN -1 -1 -1 -1 10 1
832 LN -1 -1 -1 -1 8 0
833 IN 834 835 86 13.0 7 -1
834 LN -1 -1 -1 -1 8 1
835 IN 836 839 128 0.5 8 -1
836 IN 837 838 129 0.5 9 -1
837 LN -1 -1 -1 -1 10 1
838 LN -1 -1 -1 -1 10 0
839 LN -1 -1 -1 -1 9 0
840 IN 841 852 83 0.5 6 -1
841 IN 842 847 110 0.5 7 -1
842 IN 843 846 53 0.5 8 -1
843 IN 844 845 76 0.5 9 -1
844 LN -1 -1 -1 -1 10 1
845 LN -1 -1 -1 -1 10 0
846 LN -1 -1 -1 -1 9 0
847 IN 848 849 116 0.5 8 -1
848 LN -1 -1 -1 -1 9 0
849 IN 850 851 111 161.0 9 -1
850 LN -1 -1 -1 -1 10 1
851 LN -1 -1 -1 -1 10 1
852 IN 853 854 144 5.5 7 -1
853 LN -1 -1 -1 -1 8 1
854 LN -1 -1 -1 -1 8 0
855 IN 856 861 54 0.5 5 -1
856 IN 857 858 15 0.5 6 -1
857 LN -1 -1 -1 -1 7 1
858 IN 859 860 116 0.5 7 -1
859 LN -1 -1 -1 -1 8 1
860 LN -1 -1 -1 -1 8 0
861 IN 862 863 111 162.5 6 -1
862 LN -1 -1 -1 -1 7 1
863 LN -1 -1 -1 -1 7 1
864 IN 865 932 14 0.5 3 -1
865 IN 866 885 151 0.5 4 -1
866 IN 867 880 84 0.5 5 -1
867 IN 868 879 100 0.5 6 -1
868 IN 869 874 144 16.5 7 -1
869 IN 870 873 143 0.5 8 -1
870 IN 871 872 111 155.0 9 -1
871 LN -1 -1 -1 -1 10 1
872 LN -1 -1 -1 -1 10 1
873 LN -1 -1 -1 -1 9 0
874 IN 875 878 47 0.5 8 -1
875 IN 876 877 144 18.5 9 -1
876 LN -1 -1 -1 -1 10 1
877 LN -1 -1 -1 -1 10 1
878 LN -1 -1 -1 -1 9 1
879 LN -1 -1 -1 -1 7 1
880 IN 881 884 138 0.5 6 -1
881 IN 882 883 39 0.5 7 -1
882 LN -1 -1 -1 -1 8 0
883 LN -1 -1 -1 -1 8 0
884 LN -1 -1 -1 -1 7 1
885 IN 886 913 78 0.5 5 -1
886 IN 887 900 91 0.5 6 -1
887 IN 888 895 93 0.5 7 -1
888 IN 889 892 3 2072.5 8 -1
889 IN 890 891 36 0.5 9 -1
890 LN -1 -1 -1 -1 10 0
891 LN -1 -1 -1 -1 10 0
892 IN 893 894 2 0.5 9 -1
893 LN -1 -1 -1 -1 10 0
894 LN -1 -1 -1 -1 10 0
895 IN 896 899 82 0.5 8 -1
896 IN 897 898 86 28.5 9 -1
897 LN -1 -1 -1 -1 10 1
898 LN -1 -1 -1 -1 10 0
899 LN -1 -1 -1 -1 9 0
900 IN 901 906 3 1007.5 7 -1
901 IN 902 905 10 0.5 8 -1
902 IN 903 904 51 0.5 9 -1
903 LN -1 -1 -1 -1 10 0
904 LN -1 -1 -1 -1 10 1
905 LN -1 -1 -1 -1 9 0
906 IN 907 910 18 5.5 8 -1
907 IN 908 909 111 171.5 9 -1
908 LN -1 -1 -1 -1 10 1
909 LN -1 -1 -1 -1 10 0
910 IN 911 912 2 0.5 9 -1
911 LN -1 -1 -1 -1 10 0
912 LN -1 -1 -1 -1 10 0
913 IN 914 925 18 7.5 6 -1
914 IN 915 920 58 0.5 7 -1
915 IN 916 919 7 0.5 8 -1
916 IN 917 918 123 0.5 9 -1
917 LN -1 -1 -1 -1 10 1
918 LN -1 -1 -1 -1 10 0
919 LN -1 -1 -1 -1 9 0
920 IN 921 924 48 0.5 8 -1
921 IN 922 923 17 0.5 9 -1
922 LN -1 -1 -1 -1 10 1
923 LN -1 -1 -1 -1 10 1
924 LN -1 -1 -1 -1 9 1
925 IN 926 931 34 0.5 7 -1
926 IN 927 930 141 0.5 8 -1
927 IN 928 929 0 73.5 9 -1
928 LN -1 -1 -1 -1 10 0
929 LN -1 -1 -1 -1 10 1
930 LN -1 -1 -1 -1 9 0
931 LN -1 -1 -1 -1 8 1
932 IN 933 956 39 0.5 4 -1
933 IN 934 945 18 6.5 5 -1
934 IN 935 940 111 167.5 6 -1
935 IN 936 937 28 0.5 7 -1
936 LN -1 -1 -1 -1 8 1
937 IN 938 939 116 0.5 8 -1
938 LN -1 -1 -1 -1 9 1
939 LN -1 -1 -1 -1 9 1
940 IN 941 942 2 0.5 7 -1
941 LN -1 -1 -1 -1 8 0
942 IN 943 944 3 292.5 8 -1
943 LN -1 -1 -1 -1 9 1
944 LN -1 -1 -1 -1 9 1
945 IN 946 949 51 0.5 6 -1
946 IN 947 948 53 0.5 7 -1
947 LN -1 -1 -1 -1 8 1
948 LN -1 -1 -1 -1 8 0
949 IN 950 951 0 63.5 7 -1
950 LN -1 -1 -1 -1 8 1
951 IN 952 955 64 0.5 8 -1
952 IN 953 954 57 0.5 9 -1
953 LN -1 -1 -1 -1 10 1
954 LN -1 -1 -1 -1 10 1
955 LN -1 -1 -1 -1 9 0
956 IN 957 962 48 0.5 5 -1
957 IN 958 961 105 0.5 6 -1
958 IN 959 960 87 21.0 7 -1
959 LN -1 -1 -1 -1 8 1
960 LN -1 -1 -1 -1 8 0
961 LN -1 -1 -1 -1 7 0
962 IN 963 964 137 0.5 6 -1
963 LN -1 -1 -1 -1 7 0
964 LN -1 -1 -1 -1 7 0

[TREE 8]
NB_NODES: 1045
0 IN 1 624 51 0.5 0 -1
1 IN 2 327 69 0.5 1 -1
2 IN 3 194 65 0.5 2 -1
3 IN 4 91 18 7.5 3 -1
4 IN 5 60 66 0.5 4 -1
5 IN 6 31 28 0.5 5 -1
6 IN 7 22 144 20.5 6 -1
7 IN 8 15 34 0.5 7 -1
8 IN 9 12 92 0.5 8 -1
9 IN 10 11 80 0.5 9 -1
10 LN -1 -1 -1 -1 10 0
11 LN -1 -1 -1 -1 10 0
12 IN 13 14 54 0.5 9 -1
13 LN -1 -1 -1 -1 10 0
14 LN -1 -1 -1 -1 10 0
15 IN 16 19 75 0.5 8 -1
16 IN 17 18 52 0.5 9 -1
17 LN -1 -1 -1 -1 10 1
18 LN -1 -1 -1 -1 10 0
19 IN 20 21 127 0.5 9 -1
20 LN -1 -1 -1 -1 10 0
21 LN -1 -1 -1 -1 10 0
22 IN 23 30 50 0.5 7 -1
23 IN 24 27 42 0.5 8 -1
24 IN 25 26 111 167.5 9 -1
25 LN -1 -1 -1 -1 10 0
26 LN -1 -1 -1 -1 10 0
27 IN 28 29 125 0.5 9 -1
28 LN -1 -1 -1 -1 10 0
29 LN -1 -1 -1 -1 10 0
30 LN -1 -1 -1 -1 8 0
31 IN 32 47 48 0.5 6 -1
32 IN 33 40 111 172.5 7 -1
33 IN 34 37 21 0.5 8 -1
34 IN 35 36 148 0.5 9 -1
35 LN -1 -1 -1 -1 10 0
36 LN -1 -1 -1 -1 10 0
37 IN 38 39 39 0.5 9 -1
38 LN -1 -1 -1 -1 10 1
39 LN -1 -1 -1 -1 10 0
40 IN 41 44 2 0.5 8 -1
41 IN 42 43 118 0.5 9 -1
42 LN -1 -1 -1 -1 10 0
43 LN -1 -1 -1 -1 10 1
44 IN 45 46 111 175.0 9 -1
45 LN -1 -1 -1 -1 10 0
46 LN -1 -1 -1 -1 10 1
47 IN 48 55 115 0.5 7 -1
48 IN 49 52 83 0.5 8 -1
49 IN 50 51 40 0.5 9 -1
50 LN -1 -1 -1 -1 10 0
51 LN -1 -1 -1 -1 10 0
52 IN 53 54 117 0.5 9 -1
53 LN -1 -1 -1 -1 10 0
54 LN -1 -1 -1 -1 10 0
55 IN 56 59 141 0.5 8 -1
56 IN 57 58 111 159.5 9 -1
57 LN -1 -1 -1 -1 10 1
58 LN -1 -1 -1 -1 10 1
59 LN -1 -1 -1 -1 9 0
60 IN 61 62 144 1.5 5 -1
61 LN -1 -1 -1 -1 6 0
62 IN 63 76 17 0.5 6 -1
63 IN 64 71 125 0.5 7 -1
64 IN 65 68 27 0.5 8 -1
65 IN 66 67 87 11.5 9 -1
66 LN -1 -1 -1 -1 10 1
67 LN -1 -1 -1 -1 10 0
68 IN 69 70 86 14.0 9 -1
69 LN -1 -1 -1 -1 10 1
70 LN -1 -1 -1 -1 10 1
71 IN 72 75 100 0.5 8 -1
72 IN 73 74 86 20.0 9 -1
73 LN -1 -1 -1 -1 10 0
74 LN -1 -1 -1 -1 10 1
75 LN -1 -1 -1 -1 9 1
76 IN 77 84 54 0.5 7 -1
77 IN 78 81 52 0.5 8 -1
78 IN 79 80 122 0.5 9 -1
79 LN -1 -1 -1 -1 10 1
80 LN -1 -1 -1 -1 10 1
81 IN 82 83 39 0.5 9 -1
82 LN -1 -1 -1 -1 10 1
83 LN -1 -1 -1 -1 10 1
84 IN 85 88 111 171.0 8 -1
85 IN 86 87 59 0.5 9 -1
86 LN -1 -1 -1 -1 10 1
87 LN -1 -1 -1 -1 10 0
88 IN 89 90 48 0.5 9 -1
89 LN -1 -1 -1 -1 10 1
90 LN -1 -1 -1 -1 10 0
91 IN 92 151 144 13.5 4 -1
92 IN 93 122 137 0.5 5 -1
93 IN 94 109 53 0.5 6 -1
94 IN 95 102 111 159.5 7 -1
95 IN 96 99 87 12.5 8 -1
96 IN 97 98 91 0.5 9 -1
97 LN -1 -1 -1 -1 10 1
98 LN -1 -1 -1 -1 10 1
99 IN 100 101 131 0.5 9 -1
100 LN -1 -1 -1 -1 10 0
101 LN -1 -1 -1 -1 10 1
102 IN 103 106 96 0.5 8 -1
103 IN 104 105 118 0.5 9 -1
104 LN -1 -1 -1 -1 10 0
105 LN -1 -1 -1 -1 10 0
106 IN 107 108 66 0.5 9 -1
107 LN -1 -1 -1 -1 10 0
108 LN -1 -1 -1 -1 10 1
109 IN 110 115 135 0.5 7 -1
110 IN 111 112 0 62.5 8 -1
111 LN -1 -1 -1 -1 9 0
112 IN 113 114 115 0.5 9 -1
113 LN -1 -1 -1 -1 10 0
114 LN -1 -1 -1 -1 10 0
115 IN 116 119 27 0.5 8 -1
116 IN 117 118 2 0.5 9 -1
117 LN -1 -1 -1 -1 10 0
118 LN -1 -1 -1 -1 10 0
119 IN 120 121 87 21.0 9 -1
120 LN -1 -1 -1 -1 10 0
121 LN -1 -1 -1 -1 10 0
122 IN 123 138 18 8.5 6 -1
123 IN 124 131 59 0.5 7 -1
124 IN 125 128 1 0.5 8 -1
125 IN 126 127 21 0.5 9 -1
126 LN -1 -1 -1 -1 10 0
127 LN -1 -1 -1 -1 10 1
128 IN 129 130 86 28.5 9 -1
129 LN -1 -1 -1 -1 10 0
130 LN -1 -1 -1 -1 10 0
131 IN 132 135 91 0.5 8 -1
132 IN 133 134 115 0.5 9 -1
133 LN -1 -1 -1 -1 10 1
134 LN -1 -1 -1 -1 10 0
135 IN 136 137 23 0.5 9 -1
136 LN -1 -1 -1 -1 10 0
137 LN -1 -1 -1 -1 10 1
138 IN 139 146 93 0.5 7 -1
139 IN 140 143 86 24.0 8 -1
140 IN 141 142 111 183.5 9 -1
141 LN -1 -1 -1 -1 10 0
142 LN -1 -1 -1 -1 10 1
143 IN 144 145 92 0.5 9 -1
144 LN -1 -1 -1 -1 10 0
145 LN -1 -1 -1 -1 10 0
146 IN 147 148 144 4.5 8 -1
147 LN -1 -1 -1 -1 9 0
148 IN 149 150 28 0.5 9 -1
149 LN -1 -1 -1 -1 10 1
150 LN -1 -1 -1 -1 10 0
151 IN 152 183 33 0.5 5 -1
152 IN 153 168 54 0.5 6 -1
153 IN 154 161 75 0.5 7 -1
154 IN 155 158 143 0.5 8 -1
155 IN 156 157 0 84.5 9 -1
156 LN -1 -1 -1 -1 10 0
157 LN -1 -1 -1 -1 10 1
158 IN 159 160 84 0.5 9 -1
159 LN -1 -1 -1 -1 10 0
160 LN -1 -1 -1 -1 10 1
161 IN 162 165 137 0.5 8 -1
162 IN 163 164 34 0.5 9 -1
163 LN -1 -1 -1 -1 10 0
164 LN -1 -1 -1 -1 10 0
165 IN 166 167 111 150.5 9 -1
166 LN -1 -1 -1 -1 10 1
167 LN -1 -1 -1 -1 10 0
168 IN 169 176 151 2.5 7 -1
169 IN 170 173 147 0.5 8 -1
170 IN 171 172 76 0.5 9 -1
171 LN -1 -1 -1 -1 10 0
172 LN -1 -1 -1 -1 10 0
173 IN 174 175 3 935.0 9 -1
174 LN -1 -1 -1 -1 10 0
175 LN -1 -1 -1 -1 10 0
176 IN 177 180 1 0.5 8 -1
177 IN 178 179 117 0.5 9 -1
178 LN -1 -1 -1 -1 10 0
179 LN -1 -1 -1 -1 10 0
180 IN 181 182 35 0.5 9 -1
181 LN -1 -1 -1 -1 10 0
182 LN -1 -1 -1 -1 10 0
183 IN 184 193 29 0.5 6 -1
184 IN 185 188 144 23.5 7 -1
185 IN 186 187 111 172.5 8 -1
186 LN -1 -1 -1 -1 9 0
187 LN -1 -1 -1 -1 9 0
188 IN 189 192 92 0.5 8 -1
189 IN 190 191 106 0.5 9 -1
190 LN -1 -1 -1 -1 10 1
191 LN -1 -1 -1 -1 10 1
192 LN -1 -1 -1 -1 9 0
193 LN -1 -1 -1 -1 7 0
194 IN 195 254 18 6.5 3 -1
195 IN 196 231 46 0.5 4 -1
196 IN 197 220 29 0.5 5 -1
197 IN 198 207 47 0.5 6 -1
198 IN 199 206 90 0.5 7 -1
199 IN 200 203 137 0.5 8 -1
200 IN 201 202 82 0.5 9 -1
201 LN -1 -1 -1 -1 10 0
202 LN -1 -1 -1 -1 10 0
203 IN 204 205 118 0.5 9 -1
204 LN -1 -1 -1 -1 10 1
205 LN -1 -1 -1 -1 10 1
206 LN -1 -1 -1 -1 8 0
207 IN 208 213 111 174.5 7 -1
208 IN 209 210 18 4.5 8 -1
209 LN -1 -1 -1 -1 9 1
210 IN 211 212 111 172.5 9 -1
211 LN -1 -1 -1 -1 10 1
212 LN -1 -1 -1 -1 10 1
213 IN 214 217 71 0.5 8 -1
214 IN 215 216 111 177.0 9 -1
215 LN -1 -1 -1 -1 10 0
216 LN -1 -1 -1 -1 10 1
217 IN 218 219 0 61.0 9 -1
218 LN -1 -1 -1 -1 10 1
219 LN -1 -1 -1 -1 10 0
220 IN 221 230 33 0.5 6 -1
221 IN 222 223 144 1.5 7 -1
222 LN -1 -1 -1 -1 8 0
223 IN 224 227 130 0.5 8 -1
224 IN 225 226 0 58.5 9 -1
225 LN -1 -1 -1 -1 10 1
226 LN -1 -1 -1 -1 10 0
227 IN 228 229 105 0.5 9 -1
228 LN -1 -1 -1 -1 10 1
229 LN -1 -1 -1 -1 10 0
230 LN -1 -1 -1 -1 7 0
231 IN 232 253 118 0.5 5 -1
232 IN 233 242 111 169.5 6 -1
233 IN 234 239 115 0.5 7 -1
234 IN 235 238 54 0.5 8 -1
235 IN 236 237 131 0.5 9 -1
236 LN -1 -1 -1 -1 10 1
237 LN -1 -1 -1 -1 10 1
238 LN -1 -1 -1 -1 9 1
239 IN 240 241 39 0.5 8 -1
240 LN -1 -1 -1 -1 9 1
241 LN -1 -1 -1 -1 9 1
242 IN 243 250 147 0.5 7 -1
243 IN 244 247 28 0.5 8 -1
244 IN 245 246 22 0.5 9 -1
245 LN -1 -1 -1 -1 10 0
246 LN -1 -1 -1 -1 10 0
247 IN 248 249 92 0.5 9 -1
248 LN -1 -1 -1 -1 10 1
249 LN -1 -1 -1 -1 10 1
250 IN 251 252 3 2064.5 8 -1
251 LN -1 -1 -1 -1 9 0
252 LN -1 -1 -1 -1 9 0
253 LN -1 -1 -1 -1 6 1
254 IN 255 290 143 0.5 4 -1
255 IN 256 279 100 0.5 5 -1
256 IN 257 264 0 50.5 6 -1
257 IN 258 263 3 3350.0 7 -1
258 IN 259 262 80 0.5 8 -1
259 IN 260 261 40 0.5 9 -1
260 LN -1 -1 -1 -1 10 0
261 LN -1 -1 -1 -1 10 1
262 LN -1 -1 -1 -1 9 1
263 LN -1 -1 -1 -1 8 1
264 IN 265 272 135 0.5 7 -1
265 IN 266 269 85 0.5 8 -1
266 IN 267 268 142 0.5 9 -1
267 LN -1 -1 -1 -1 10 0
268 LN -1 -1 -1 -1 10 0
269 IN 270 271 131 0.5 9 -1
270 LN -1 -1 -1 -1 10 0
271 LN -1 -1 -1 -1 10 1
272 IN 273 276 0 72.5 8 -1
273 IN 274 275 30 0.5 9 -1
274 LN -1 -1 -1 -1 10 0
275 LN -1 -1 -1 -1 10 0
276 IN 277 278 151 1.5 9 -1
277 LN -1 -1 -1 -1 10 0
278 LN -1 -1 -1 -1 10 1
279 IN 280 289 78 0.5 6 -1
280 IN 281 282 0 52.5 7 -1
281 LN -1 -1 -1 -1 8 1
282 IN 283 286 111 173.5 8 -1
283 IN 284 285 71 0.5 9 -1
284 LN -1 -1 -1 -1 10 1
285 LN -1 -1 -1 -1 10 0
286 IN 287 288 86 15.5 9 -1
287 LN -1 -1 -1 -1 10 1
288 LN -1 -1 -1 -1 10 0
289 LN -1 -1 -1 -1 7 1
290 IN 291 312 93 0.5 5 -1
291 IN 292 305 3 1650.0 6 -1
292 IN 293 300 87 27.5 7 -1
293 IN 294 297 100 0.5 8 -1
294 IN 295 296 131 0.5 9 -1
295 LN -1 -1 -1 -1 10 0
296 LN -1 -1 -1 -1 10 1
297 IN 298 299 70 0.5 9 -1
298 LN -1 -1 -1 -1 10 1
299 LN -1 -1 -1 -1 10 0
300 IN 301 304 130 0.5 8 -1
301 IN 302 303 150 0.5 9 -1
302 LN -1 -1 -1 -1 10 0
303 LN -1 -1 -1 -1 10 0
304 LN -1 -1 -1 -1 9 1
305 IN 306 307 92 0.5 7 -1
306 LN -1 -1 -1 -1 8 0
307 IN 308 311 1 0.5 8 -1
308 IN 309 310 53 0.5 9 -1
309 LN -1 -1 -1 -1 10 1
310 LN -1 -1 -1 -1 10 1
311 LN -1 -1 -1 -1 9 1
312 IN 313 322 41 0.5 6 -1
313 IN 314 321 122 0.5 7 -1
314 IN 315 318 0 73.0 8 -1
315 IN 316 317 57 0.5 9 -1
316 LN -1 -1 -1 -1 10 1
317 LN -1 -1 -1 -1 10 1
318 IN 319 320 21 0.5 9 -1
319 LN -1 -1 -1 -1 10 0
320 LN -1 -1 -1 -1 10 1
321 LN -1 -1 -1 -1 8 1
322 IN 323 326 117 0.5 7 -1
323 IN 324 325 17 0.5 8 -1
324 LN -1 -1 -1 -1 9 1
325 LN -1 -1 -1 -1 9 0
326 LN -1 -1 -1 -1 8 1
327 IN 328 489 63 0.5 2 -1
328 IN 329 396 64 0.5 3 -1
329 IN 330 365 86 19.0 4 -1
330 IN 331 346 101 0.5 5 -1
331 IN 332 341 124 0.5 6 -1
332 IN 333 340 90 0.5 7 -1
333 IN 334 337 105 0.5 8 -1
334 IN 335 336 83 0.5 9 -1
335 LN -1 -1 -1 -1 10 0
336 LN -1 -1 -1 -1 10 1
337 IN 338 339 34 0.5 9 -1
338 LN -1 -1 -1 -1 10 0
339 LN -1 -1 -1 -1 10 0
340 LN -1 -1 -1 -1 8 0
341 IN 342 345 83 0.5 7 -1
342 IN 343 344 17 0.5 8 -1
343 LN -1 -1 -1 -1 9 1
344 LN -1 -1 -1 -1 9 1
345 LN -1 -1 -1 -1 8 0
346 IN 347 356 150 0.5 6 -1
347 IN 348 355 46 0.5 7 -1
348 IN 349 352 40 0.5 8 -1
349 IN 350 351 106 0.5 9 -1
350 LN -1 -1 -1 -1 10 1
351 LN -1 -1 -1 -1 10 0
352 IN 353 354 106 0.5 9 -1
353 LN -1 -1 -1 -1 10 0
354 LN -1 -1 -1 -1 10 0
355 LN -1 -1 -1 -1 8 0
356 IN 357 360 1 0.5 7 -1
357 IN 358 359 87 11.5 8 -1
358 LN -1 -1 -1 -1 9 0
359 LN -1 -1 -1 -1 9 1
360 IN 361 362 134 0.5 8 -1
361 LN -1 -1 -1 -1 9 0
362 IN 363 364 105 0.5 9 -1
363 LN -1 -1 -1 -1 10 0
364 LN -1 -1 -1 -1 10 1
365 IN 366 379 134 0.5 5 -1
366 IN 367 368 111 150.0 6 -1
367 LN -1 -1 -1 -1 7 1
368 IN 369 374 6 0.5 7 -1
369 IN 370 373 106 0.5 8 -1
370 IN 371 372 87 26.5 9 -1
371 LN -1 -1 -1 -1 10 1
372 LN -1 -1 -1 -1 10 0
373 LN -1 -1 -1 -1 9 0
374 IN 375 378 1 0.5 8 -1
375 IN 376 377 96 0.5 9 -1
376 LN -1 -1 -1 -1 10 1
377 LN -1 -1 -1 -1 10 0
378 LN -1 -1 -1 -1 9 0
379 IN 380 391 127 0.5 6 -1
380 IN 381 386 143 0.5 7 -1
381 IN 382 385 10 0.5 8 -1
382 IN 383 384 1 0.5 9 -1
383 LN -1 -1 -1 -1 10 1
384 LN -1 -1 -1 -1 10 0
385 LN -1 -1 -1 -1 9 1
386 IN 387 388 3 783.5 8 -1
387 LN -1 -1 -1 -1 9 0
388 IN 389 390 87 23.5 9 -1
389 LN -1 -1 -1 -1 10 1
390 LN -1 -1 -1 -1 10 1
391 IN 392 393 6 0.5 7 -1
392 LN -1 -1 -1 -1 8 1
393 IN 394 395 115 0.5 8 -1
394 LN -1 -1 -1 -1 9 0
395 LN -1 -1 -1 -1 9 1
396 IN 397 434 109 0.5 4 -1
397 IN 398 425 59 0.5 5 -1
398 IN 399 410 2 0.5 6 -1
399 IN 400 405 102 0.5 7 -1
400 IN 401 404 151 5.5 8 -1
401 IN 402 403 54 0.5 9 -1
402 LN -1 -1 -1 -1 10 0
403 LN -1 -1 -1 -1 10 0
404 LN -1 -1 -1 -1 9 0
405 IN 406 409 3 3355.0 8 -1
406 IN 407 408 115 0.5 9 -1
407 LN -1 -1 -1 -1 10 0
408 LN -1 -1 -1 -1 10 0
409 LN -1 -1 -1 -1 9 0
410 IN 411 418 75 0.5 7 -1
411 IN 412 415 36 0.5 8 -1
412 IN 413 414 143 0.5 9 -1
413 LN -1 -1 -1 -1 10 0
414 LN -1 -1 -1 -1 10 1
415 IN 416 417 143 0.5 9 -1
416 LN -1 -1 -1 -1 10 0
417 LN -1 -1 -1 -1 10 1
418 IN 419 422 121 0.5 8 -1
419 IN 420 421 111 163.5 9 -1
420 LN -1 -1 -1 -1 10 0
421 LN -1 -1 -1 -1 10 0
422 IN 423 424 28 0.5 9 -1
423 LN -1 -1 -1 -1 10 0
424 LN -1 -1 -1 -1 10 1
425 IN 426 429 96 0.5 6 -1
426 IN 427 428 111 177.5 7 -1
427 LN -1 -1 -1 -1 8 0
428 LN -1 -1 -1 -1 8 0
429 IN 430 433 137 0.5 7 -1
430 IN 431 432 123 0.5 8 -1
431 LN -1 -1 -1 -1 9 1
432 LN -1 -1 -1 -1 9 0
433 LN -1 -1 -1 -1 8 1
434 IN 435 460 48 0.5 5 -1
435 IN 436 445 92 0.5 6 -1
436 IN 437 444 80 0.5 7 -1
437 IN 438 441 111 172.5 8 -1
438 IN 439 440 148 0.5 9 -1
439 LN -1 -1 -1 -1 10 0
440 LN -1 -1 -1 -1 10 0
441 IN 442 443 111 187.5 9 -1
442 LN -1 -1 -1 -1 10 0
443 LN -1 -1 -1 -1 10 0
444 LN -1 -1 -1 -1 8 0
445 IN 446 453 2 0.5 7 -1
446 IN 447 450 115 0.5 8 -1
447 IN 448 449 18 6.5 9 -1
448 LN -1 -1 -1 -1 10 1
449 LN -1 -1 -1 -1 10 0
450 IN 451 452 105 0.5 9 -1
451 LN -1 -1 -1 -1 10 0
452 LN -1 -1 -1 -1 10 0
453 IN 454 457 128 0.5 8 -1
454 IN 455 456 17 0.5 9 -1
455 LN -1 -1 -1 -1 10 0
456 LN -1 -1 -1 -1 10 1
457 IN 458 459 135 0.5 9 -1
458 LN -1 -1 -1 -1 10 0
459 LN -1 -1 -1 -1 10 1
460 IN 461 474 39 0.5 6 -1
461 IN 462 469 83 0.5 7 -1
462 IN 463 466 121 0.5 8 -1
463 IN 464 465 144 22.0 9 -1
464 LN -1 -1 -1 -1 10 0
465 LN -1 -1 -1 -1 10 0
466 IN 467 468 90 0.5 9 -1
467 LN -1 -1 -1 -1 10 1
468 LN -1 -1 -1 -1 10 0
469 IN 470 473 117 0.5 8 -1
470 IN 471 472 116 0.5 9 -1
471 LN -1 -1 -1 -1 10 0
472 LN -1 -1 -1 -1 10 0
473 LN -1 -1 -1 -1 9 1
474 IN 475 482 28 0.5 7 -1
475 IN 476 479 2 0.5 8 -1
476 IN 477 478 52 0.5 9 -1
477 LN -1 -1 -1 -1 10 0
478 LN -1 -1 -1 -1 10 0
479 IN 480 481 127 0.5 9 -1
480 LN -1 -1 -1 -1 10 0
481 LN -1 -1 -1 -1 10 0
482 IN 483 486 116 0.5 8 -1
483 IN 484 485 111 167.5 9 -1
484 LN -1 -1 -1 -1 10 0
485 LN -1 -1 -1 -1 10 0
486 IN 487 488 91 0.5 9 -1
487 LN -1 -1 -1 -1 10 1
488 LN -1 -1 -1 -1 10 0
489 IN 490 593 27 0.5 3 -1
490 IN 491 546 1 0.5 4 -1
491 IN 492 521 137 0.5 5 -1
492 IN 493 506 144 7.5 6 -1
493 IN 494 499 109 0.5 7 -1
494 IN 495 496 144 1.5 8 -1
495 LN -1 -1 -1 -1 9 0
496 IN 497 498 151 1.5 9 -1
497 LN -1 -1 -1 -1 10 0
498 LN -1 -1 -1 -1 10 0
499 IN 500 503 87 11.5 8 -1
500 IN 501 502 81 0.5 9 -1
501 LN -1 -1 -1 -1 10 0
502 LN -1 -1 -1 -1 10 1
503 IN 504 505 34 0.5 9 -1
504 LN -1 -1 -1 -1 10 0
505 LN -1 -1 -1 -1 10 0
506 IN 507 514 128 0.5 7 -1
507 IN 508 511 10 0.5 8 -1
508 IN 509 510 42 0.5 9 -1
509 LN -1 -1 -1 -1 10 0
510 LN -1 -1 -1 -1 10 0
511 IN 512 513 97 0.5 9 -1
512 LN -1 -1 -1 -1 10 0
513 LN -1 -1 -1 -1 10 0
514 IN 515 518 111 166.5 8 -1
515 IN 516 517 3 1450.0 9 -1
516 LN -1 -1 -1 -1 10 0
517 LN -1 -1 -1 -1 10 0
518 IN 519 520 0 57.5 9 -1
519 LN -1 -1 -1 -1 10 0
520 LN -1 -1 -1 -1 10 0
521 IN 522 533 57 0.5 6 -1
522 IN 523 528 82 0.5 7 -1
523 IN 524 527 80 0.5 8 -1
524 IN 525 526 53 0.5 9 -1
525 LN -1 -1 -1 -1 10 0
526 LN -1 -1 -1 -1 10 0
527 LN -1 -1 -1 -1 9 0
528 IN 529 532 3 4061.5 8 -1
529 IN 530 531 144 20.0 9 -1
530 LN -1 -1 -1 -1 10 0
531 LN -1 -1 -1 -1 10 0
532 LN -1 -1 -1 -1 9 0
533 IN 534 539 106 0.5 7 -1
534 IN 535 536 87 11.5 8 -1
535 LN -1 -1 -1 -1 9 0
536 IN 537 538 3 4596.5 9 -1
537 LN -1 -1 -1 -1 10 0
538 LN -1 -1 -1 -1 10 0
539 IN 540 543 48 0.5 8 -1
540 IN 541 542 111 169.5 9 -1
541 LN -1 -1 -1 -1 10 0
542 LN -1 -1 -1 -1 10 0
543 IN 544 545 28 0.5 9 -1
544 LN -1 -1 -1 -1 10 0
545 LN -1 -1 -1 -1 10 1
546 IN 547 572 3 3750.0 5 -1
547 IN 548 559 102 0.5 6 -1
548 IN 549 556 33 0.5 7 -1
549 IN 550 553 100 0.5 8 -1
550 IN 551 552 121 0.5 9 -1
551 LN -1 -1 -1 -1 10 0
552 LN -1 -1 -1 -1 10 0
553 IN 554 555 77 0.5 9 -1
554 LN -1 -1 -1 -1 10 0
555 LN -1 -1 -1 -1 10 1
556 IN 557 558 82 0.5 8 -1
557 LN -1 -1 -1 -1 9 1
558 LN -1 -1 -1 -1 9 1
559 IN 560 567 8 0.5 7 -1
560 IN 561 564 129 0.5 8 -1
561 IN 562 563 0 54.5 9 -1
562 LN -1 -1 -1 -1 10 0
563 LN -1 -1 -1 -1 10 0
564 IN 565 566 111 171.5 9 -1
565 LN -1 -1 -1 -1 10 0
566 LN -1 -1 -1 -1 10 0
567 IN 568 569 144 4.0 8 -1
568 LN -1 -1 -1 -1 9 1
569 IN 570 571 54 0.5 9 -1
570 LN -1 -1 -1 -1 10 0
571 LN -1 -1 -1 -1 10 0
572 IN 573 580 144 7.0 6 -1
573 IN 574 579 111 173.5 7 -1
574 IN 575 578 3 5148.0 8 -1
575 IN 576 577 91 0.5 9 -1
576 LN -1 -1 -1 -1 10 0
577 LN -1 -1 -1 -1 10 0
578 LN -1 -1 -1 -1 9 0
579 LN -1 -1 -1 -1 8 0
580 IN 581 586 15 0.5 7 -1
581 IN 582 585 3 53484.5 8 -1
582 IN 583 584 3 51000.0 9 -1
583 LN -1 -1 -1 -1 10 0
584 LN -1 -1 -1 -1 10 1
585 LN -1 -1 -1 -1 9 0
586 IN 587 590 28 0.5 8 -1
587 IN 588 589 101 0.5 9 -1
588 LN -1 -1 -1 -1 10 0
589 LN -1 -1 -1 -1 10 0
590 IN 591 592 89 0.5 9 -1
591 LN -1 -1 -1 -1 10 0
592 LN -1 -1 -1 -1 10 1
593 IN 594 623 3 4034.5 4 -1
594 IN 595 612 97 0.5 5 -1
595 IN 596 599 111 157.5 6 -1
596 IN 597 598 116 0.5 7 -1
597 LN -1 -1 -1 -1 8 1
598 LN -1 -1 -1 -1 8 1
599 IN 600 605 39 0.5 7 -1
600 IN 601 604 83 0.5 8 -1
601 IN 602 603 17 0.5 9 -1
602 LN -1 -1 -1 -1 10 1
603 LN -1 -1 -1 -1 10 1
604 LN -1 -1 -1 -1 9 0
605 IN 606 609 6 0.5 8 -1
606 IN 607 608 84 0.5 9 -1
607 LN -1 -1 -1 -1 10 0
608 LN -1 -1 -1 -1 10 0
609 IN 610 611 111 174.0 9 -1
610 LN -1 -1 -1 -1 10 0
611 LN -1 -1 -1 -1 10 1
612 IN 613 614 102 0.5 6 -1
613 LN -1 -1 -1 -1 7 1
614 IN 615 622 10 0.5 7 -1
615 IN 616 619 123 0.5 8 -1
616 IN 617 618 53 0.5 9 -1
617 LN -1 -1 -1 -1 10 0
618 LN -1 -1 -1 -1 10 0
619 IN 620 621 106 0.5 9 -1
620 LN -1 -1 -1 -1 10 0
621 LN -1 -1 -1 -1 10 0
622 LN -1 -1 -1 -1 8 0
623 LN -1 -1 -1 -1 5 0
624 IN 625 926 27 0.5 1 -1
625 IN 626 785 111 163.5 2 -1
626 IN 627 704 85 0.5 3 -1
627 IN 628 661 18 5.5 4 -1
628 IN 629 648 30 0.5 5 -1
629 IN 630 639 83 0.5 6 -1
630 IN 631 638 9 0.5 7 -1
631 IN 632 635 141 0.5 8 -1
632 IN 633 634 115 0.5 9 -1
633 LN -1 -1 -1 -1 10 1
634 LN -1 -1 -1 -1 10 1
635 IN 636 637 109 0.5 9 -1
636 LN -1 -1 -1 -1 10 1
637 LN -1 -1 -1 -1 10 0
638 LN -1 -1 -1 -1 8 1
639 IN 640 647 111 162.5 7 -1
640 IN 641 644 101 0.5 8 -1
641 IN 642 643 102 0.5 9 -1
642 LN -1 -1 -1 -1 10 1
643 LN -1 -1 -1 -1 10 0
644 IN 645 646 115 0.5 9 -1
645 LN -1 -1 -1 -1 10 0
646 LN -1 -1 -1 -1 10 1
647 LN -1 -1 -1 -1 8 0
648 IN 649 660 149 0.5 6 -1
649 IN 650 657 82 0.5 7 -1
650 IN 651 654 14 0.5 8 -1
651 IN 652 653 110 0.5 9 -1
652 LN -1 -1 -1 -1 10 1
653 LN -1 -1 -1 -1 10 1
654 IN 655 656 101 0.5 9 -1
655 LN -1 -1 -1 -1 10 0
656 LN -1 -1 -1 -1 10 1
657 IN 658 659 86 18.5 8 -1
658 LN -1 -1 -1 -1 9 1
659 LN -1 -1 -1 -1 9 0
660 LN -1 -1 -1 -1 7 0
661 IN 662 683 65 0.5 5 -1
662 IN 663 678 66 0.5 6 -1
663 IN 664 671 87 18.5 7 -1
664 IN 665 668 147 0.5 8 -1
665 IN 666 667 7 0.5 9 -1
666 LN -1 -1 -1 -1 10 0
667 LN -1 -1 -1 -1 10 0
668 IN 669 670 64 0.5 9 -1
669 LN -1 -1 -1 -1 10 0
670 LN -1 -1 -1 -1 10 1
671 IN 672 675 121 0.5 8 -1
672 IN 673 674 15 0.5 9 -1
673 LN -1 -1 -1 -1 10 0
674 LN -1 -1 -1 -1 10 0
675 IN 676 677 87 24.0 9 -1
676 LN -1 -1 -1 -1 10 1
677 LN -1 -1 -1 -1 10 0
678 IN 679 682 17 0.5 7 -1
679 IN 680 681 86 20.0 8 -1
680 LN -1 -1 -1 -1 9 1
681 LN -1 -1 -1 -1 9 1
682 LN -1 -1 -1 -1 8 1
683 IN 684 697 76 0.5 6 -1
684 IN 685 692 122 0.5 7 -1
685 IN 686 689 144 4.5 8 -1
686 IN 687 688 143 0.5 9 -1
687 LN -1 -1 -1 -1 10 0
688 LN -1 -1 -1 -1 10 0
689 IN 690 691 129 0.5 9 -1
690 LN -1 -1 -1 -1 10 1
691 LN -1 -1 -1 -1 10 1
692 IN 693 694 137 0.5 8 -1
693 LN -1 -1 -1 -1 9 0
694 IN 695 696 34 0.5 9 -1
695 LN -1 -1 -1 -1 10 0
696 LN -1 -1 -1 -1 10 1
697 IN 698 703 83 0.5 7 -1
698 IN 699 702 111 162.5 8 -1
699 IN 700 701 122 0.5 9 -1
700 LN -1 -1 -1 -1 10 1
701 LN -1 -1 -1 -1 10 0
702 LN -1 -1 -1 -1 9 1
703 LN -1 -1 -1 -1 8 0
704 IN 705 750 130 0.5 4 -1
705 IN 706 737 1 0.5 5 -1
706 IN 707 722 21 0.5 6 -1
707 IN 708 715 138 0.5 7 -1
708 IN 709 712 36 0.5 8 -1
709 IN 710 711 47 0.5 9 -1
710 LN -1 -1 -1 -1 10 1
711 LN -1 -1 -1 -1 10 1
712 IN 713 714 144 1.5 9 -1
713 LN -1 -1 -1 -1 10 1
714 LN -1 -1 -1 -1 10 0
715 IN 716 719 7 0.5 8 -1
716 IN 717 718 69 0.5 9 -1
717 LN -1 -1 -1 -1 10 0
718 LN -1 -1 -1 -1 10 0
719 IN 720 721 110 0.5 9 -1
720 LN -1 -1 -1 -1 10 1
721 LN -1 -1 -1 -1 10 1
722 IN 723 730 47 0.5 7 -1
723 IN 724 727 87 31.0 8 -1
724 IN 725 726 122 0.5 9 -1
725 LN -1 -1 -1 -1 10 0
726 LN -1 -1 -1 -1 10 0
727 IN 728 729 129 0.5 9 -1
728 LN -1 -1 -1 -1 10 1
729 LN -1 -1 -1 -1 10 1
730 IN 731 734 71 0.5 8 -1
731 IN 732 733 34 0.5 9 -1
732 LN -1 -1 -1 -1 10 0
733 LN -1 -1 -1 -1 10 0
734 IN 735 736 28 0.5 9 -1
735 LN -1 -1 -1 -1 10 1
736 LN -1 -1 -1 -1 10 1
737 IN 738 749 91 0.5 6 -1
738 IN 739 744 36 0.5 7 -1
739 IN 740 743 141 0.5 8 -1
740 IN 741 742 87 22.0 9 -1
741 LN -1 -1 -1 -1 10 0
742 LN -1 -1 -1 -1 10 1
743 LN -1 -1 -1 -1 9 0
744 IN 745 746 3 1132.5 8 -1
745 LN -1 -1 -1 -1 9 1
746 IN 747 748 111 158.5 9 -1
747 LN -1 -1 -1 -1 10 1
748 LN -1 -1 -1 -1 10 0
749 LN -1 -1 -1 -1 7 0
750 IN 751 770 97 0.5 5 -1
751 IN 752 765 39 0.5 6 -1
752 IN 753 758 109 0.5 7 -1
753 IN 754 757 144 22.5 8 -1
754 IN 755 756 148 0.5 9 -1
755 LN -1 -1 -1 -1 10 1
756 LN -1 -1 -1 -1 10 0
757 LN -1 -1 -1 -1 9 1
758 IN 759 762 101 0.5 8 -1
759 IN 760 761 149 0.5 9 -1
760 LN -1 -1 -1 -1 10 1
761 LN -1 -1 -1 -1 10 1
762 IN 763 764 87 15.5 9 -1
763 LN -1 -1 -1 -1 10 1
764 LN -1 -1 -1 -1 10 0
765 IN 766 769 100 0.5 7 -1
766 IN 767 768 150 0.5 8 -1
767 LN -1 -1 -1 -1 9 1
768 LN -1 -1 -1 -1 9 0
769 LN -1 -1 -1 -1 8 1
770 IN 771 778 71 0.5 6 -1
771 IN 772 777 125 0.5 7 -1
772 IN 773 776 21 0.5 8 -1
773 IN 774 775 92 0.5 9 -1
774 LN -1 -1 -1 -1 10 0
775 LN -1 -1 -1 -1 10 0
776 LN -1 -1 -1 -1 9 1
777 LN -1 -1 -1 -1 8 1
778 IN 779 784 135 0.5 7 -1
779 IN 780 783 18 7.5 8 -1
780 IN 781 782 102 0.5 9 -1
781 LN -1 -1 -1 -1 10 1
782 LN -1 -1 -1 -1 10 1
783 LN -1 -1 -1 -1 9 0
784 LN -1 -1 -1 -1 8 1
785 IN 786 879 93 0.5 3 -1
786 IN 787 842 2 0.5 4 -1
787 IN 788 819 150 0.5 5 -1
788 IN 789 804 28 0.5 6 -1
789 IN 790 797 143 0.5 7 -1
790 IN 791 794 18 6.5 8 -1
791 IN 792 793 48 0.5 9 -1
792 LN -1 -1 -1 -1 10 0
793 LN -1 -1 -1 -1 10 0
794 IN 795 796 63 0.5 9 -1
795 LN -1 -1 -1 -1 10 0
796 LN -1 -1 -1 -1 10 0
797 IN 798 801 71 0.5 8 -1
798 IN 799 800 82 0.5 9 -1
799 LN -1 -1 -1 -1 10 1
800 LN -1 -1 -1 -1 10 0
801 IN 802 803 58 0.5 9 -1
802 LN -1 -1 -1 -1 10 0
803 LN -1 -1 -1 -1 10 0
804 IN 805 812 59 0.5 7 -1
805 IN 806 809 34 0.5 8 -1
806 IN 807 808 68 0.5 9 -1
807 LN -1 -1 -1 -1 10 0
808 LN -1 -1 -1 -1 10 1
809 IN 810 811 3 1532.0 9 -1
810 LN -1 -1 -1 -1 10 0
811 LN -1 -1 -1 -1 10 0
812 IN 813 816 18 6.5 8 -1
813 IN 814 815 65 0.5 9 -1
814 LN -1 -1 -1 -1 10 1
815 LN -1 -1 -1 -1 10 1
816 IN 817 818 87 24.0 9 -1
817 LN -1 -1 -1 -1 10 0
818 LN -1 -1 -1 -1 10 0
819 IN 820 827 3 284.5 6 -1
820 IN 821 822 91 0.5 7 -1
821 LN -1 -1 -1 -1 8 0
822 IN 823 826 15 0.5 8 -1
823 IN 824 825 111 174.5 9 -1
824 LN -1 -1 -1 -1 10 1
825 LN -1 -1 -1 -1 10 0
826 LN -1 -1 -1 -1 9 0
827 IN 828 835 92 0.5 7 -1
828 IN 829 832 138 0.5 8 -1
829 IN 830 831 111 183.0 9 -1
830 LN -1 -1 -1 -1 10 0
831 LN -1 -1 -1 -1 10 1
832 IN 833 834 87 19.5 9 -1
833 LN -1 -1 -1 -1 10 0
834 LN -1 -1 -1 -1 10 0
835 IN 836 839 144 27.5 8 -1
836 IN 837 838 109 0.5 9 -1
837 LN -1 -1 -1 -1 10 0
838 LN -1 -1 -1 -1 10 1
839 IN 840 841 111 171.5 9 -1
840 LN -1 -1 -1 -1 10 0
841 LN -1 -1 -1 -1 10 0
842 IN 843 870 60 0.5 5 -1
843 IN 844 855 97 0.5 6 -1
844 IN 845 850 123 0.5 7 -1
845 IN 846 849 87 36.5 8 -1
846 IN 847 848 150 0.5 9 -1
847 LN -1 -1 -1 -1 10 0
848 LN -1 -1 -1 -1 10 0
849 LN -1 -1 -1 -1 9 0
850 IN 851 854 9 0.5 8 -1
851 IN 852 853 85 0.5 9 -1
852 LN -1 -1 -1 -1 10 0
853 LN -1 -1 -1 -1 10 0
854 LN -1 -1 -1 -1 9 1
855 IN 856 863 148 0.5 7 -1
856 IN 857 860 102 0.5 8 -1
857 IN 858 859 82 0.5 9 -1
858 LN -1 -1 -1 -1 10 0
859 LN -1 -1 -1 -1 10 0
860 IN 861 862 137 0.5 9 -1
861 LN -1 -1 -1 -1 10 0
862 LN -1 -1 -1 -1 10 0
863 IN 864 867 46 0.5 8 -1
864 IN 865 866 36 0.5 9 -1
865 LN -1 -1 -1 -1 10 0
866 LN -1 -1 -1 -1 10 0
867 IN 868 869 151 1.5 9 -1
868 LN -1 -1 -1 -1 10 0
869 LN -1 -1 -1 -1 10 0
870 IN 871 878 87 32.0 6 -1
871 IN 872 877 9 0.5 7 -1
872 IN 873 876 3 1425.0 8 -1
873 IN 874 875 149 0.5 9 -1
874 LN -1 -1 -1 -1 10 1
875 LN -1 -1 -1 -1 10 1
876 LN -1 -1 -1 -1 9 0
877 LN -1 -1 -1 -1 8 1
878 LN -1 -1 -1 -1 7 1
879 IN 880 903 77 0.5 4 -1
880 IN 881 898 125 0.5 5 -1
881 IN 882 889 28 0.5 6 -1
882 IN 883 888 60 0.5 7 -1
883 IN 884 887 105 0.5 8 -1
884 IN 885 886 18 9.0 9 -1
885 LN -1 -1 -1 -1 10 0
886 LN -1 -1 -1 -1 10 0
887 LN -1 -1 -1 -1 9 0
888 LN -1 -1 -1 -1 8 1
889 IN 890 897 122 0.5 7 -1
890 IN 891 894 65 0.5 8 -1
891 IN 892 893 121 0.5 9 -1
892 LN -1 -1 -1 -1 10 0
893 LN -1 -1 -1 -1 10 1
894 IN 895 896 150 0.5 9 -1
895 LN -1 -1 -1 -1 10 1
896 LN -1 -1 -1 -1 10 0
897 LN -1 -1 -1 -1 8 0
898 IN 899 900 36 0.5 6 -1
899 LN -1 -1 -1 -1 7 1
900 IN 901 902 17 0.5 7 -1
901 LN -1 -1 -1 -1 8 1
902 LN -1 -1 -1 -1 8 1
903 IN 904 919 130 0.5 5 -1
904 IN 905 914 14 0.5 6 -1
905 IN 906 913 82 0.5 7 -1
906 IN 907 910 71 0.5 8 -1
907 IN 908 909 129 0.5 9 -1
908 LN -1 -1 -1 -1 10 1
909 LN -1 -1 -1 -1 10 1
910 IN 911 912 35 0.5 9 -1
911 LN -1 -1 -1 -1 10 1
912 LN -1 -1 -1 -1 10 0
913 LN -1 -1 -1 -1 8 0
914 IN 915 916 0 62.5 7 -1
915 LN -1 -1 -1 -1 8 0
916 IN 917 918 1 0.5 8 -1
917 LN -1 -1 -1 -1 9 1
918 LN -1 -1 -1 -1 9 1
919 IN 920 925 65 0.5 6 -1
920 IN 921 924 0 77.5 7 -1
921 IN 922 923 3 1192.5 8 -1
922 LN -1 -1 -1 -1 9 0
923 LN -1 -1 -1 -1 9 1
924 LN -1 -1 -1 -1 8 0
925 LN -1 -1 -1 -1 7 0
926 IN 927 1028 66 0.5 2 -1
927 IN 928 1001 143 0.5 3 -1
928 IN 929 968 87 27.5 4 -1
929 IN 930 947 83 0.5 5 -1
930 IN 931 944 3 4437.0 6 -1
931 IN 932 939 33 0.5 7 -1
932 IN 933 936 87 12.5 8 -1
933 IN 934 935 17 0.5 9 -1
934 LN -1 -1 -1 -1 10 0
935 LN -1 -1 -1 -1 10 0
936 IN 937 938 3 900.0 9 -1
937 LN -1 -1 -1 -1 10 1
938 LN -1 -1 -1 -1 10 0
939 IN 940 943 7 0.5 8 -1
940 IN 941 942 2 0.5 9 -1
941 LN -1 -1 -1 -1 10 1
942 LN -1 -1 -1 -1 10 1
943 LN -1 -1 -1 -1 9 0
944 IN 945 946 70 0.5 7 -1
945 LN -1 -1 -1 -1 8 1
946 LN -1 -1 -1 -1 8 1
947 IN 948 959 18 5.5 6 -1
948 IN 949 956 100 0.5 7 -1
949 IN 950 953 89 0.5 8 -1
950 IN 951 952 111 171.0 9 -1
951 LN -1 -1 -1 -1 10 1
952 LN -1 -1 -1 -1 10 0
953 IN 954 955 77 0.5 9 -1
954 LN -1 -1 -1 -1 10 0
955 LN -1 -1 -1 -1 10 0
956 IN 957 958 105 0.5 8 -1
957 LN -1 -1 -1 -1 9 1
958 LN -1 -1 -1 -1 9 0
959 IN 960 967 21 0.5 7 -1
960 IN 961 964 15 0.5 8 -1
961 IN 962 963 18 7.5 9 -1
962 LN -1 -1 -1 -1 10 0
963 LN -1 -1 -1 -1 10 1
964 IN 965 966 97 0.5 9 -1
965 LN -1 -1 -1 -1 10 0
966 LN -1 -1 -1 -1 10 0
967 LN -1 -1 -1 -1 8 0
968 IN 969 992 47 0.5 5 -1
969 IN 970 983 77 0.5 6 -1
970 IN 971 976 105 0.5 7 -1
971 IN 972 973 86 34.5 8 -1
972 LN -1 -1 -1 -1 9 0
973 IN 974 975 16 0.5 9 -1
974 LN -1 -1 -1 -1 10 0
975 LN -1 -1 -1 -1 10 1
976 IN 977 980 137 0.5 8 -1
977 IN 978 979 2 0.5 9 -1
978 LN -1 -1 -1 -1 10 0
979 LN -1 -1 -1 -1 10 0
980 IN 981 982 64 0.5 9 -1
981 LN -1 -1 -1 -1 10 0
982 LN -1 -1 -1 -1 10 1
983 IN 984 989 83 0.5 7 -1
984 IN 985 988 111 178.5 8 -1
985 IN 986 987 144 10.0 9 -1
986 LN -1 -1 -1 -1 10 1
987 LN -1 -1 -1 -1 10 1
988 LN -1 -1 -1 -1 9 0
989 IN 990 991 150 0.5 8 -1
990 LN -1 -1 -1 -1 9 0
991 LN -1 -1 -1 -1 9 0
992 IN 993 996 106 0.5 6 -1
993 IN 994 995 130 0.5 7 -1
994 LN -1 -1 -1 -1 8 0
995 LN -1 -1 -1 -1 8 0
996 IN 997 1000 151 2.5 7 -1
997 IN 998 999 87 31.5 8 -1
998 LN -1 -1 -1 -1 9 0
999 LN -1 -1 -1 -1 9 0
1000 LN -1 -1 -1 -1 8 0
1001 IN 1002 1009 111 159.5 4 -1
1002 IN 1003 1004 96 0.5 5 -1
1003 LN -1 -1 -1 -1 6 0
1004 IN 1005 1008 106 0.5 6 -1
1005 IN 1006 1007 3 1425.0 7 -1
1006 LN -1 -1 -1 -1 8 1
1007 LN -1 -1 -1 -1 8 1
1008 LN -1 -1 -1 -1 7 1
1009 IN 1010 1019 93 0.5 5 -1
1010 IN 1011 1012 18 4.5 6 -1
1011 LN -1 -1 -1 -1 7 0
1012 IN 1013 1018 118 0.5 7 -1
1013 IN 1014 1017 23 0.5 8 -1
1014 IN 1015 1016 22 0.5 9 -1
1015 LN -1 -1 -1 -1 10 1
1016 LN -1 -1 -1 -1 10 0
1017 LN -1 -1 -1 -1 9 0
1018 LN -1 -1 -1 -1 8 1
1019 IN 1020 1025 3 1450.0 6 -1
1020 IN 1021 1024 57 0.5 7 -1
1021 IN 1022 1023 22 0.5 8 -1
1022 LN -1 -1 -1 -1 9 1
1023 LN -1 -1 -1 -1 9 0
1024 LN -1 -1 -1 -1 8 0
1025 IN 1026 1027 64 0.5 7 -1
1026 LN -1 -1 -1 -1 8 1
1027 LN -1 -1 -1 -1 8 1
1028 IN 1029 1044 127 0.5 3 -1
1029 IN 1030 1031 0 53.5 4 -1
1030 LN -1 -1 -1 -1 5 1
1031 IN 1032 1043 87 21.0 5 -1
1032 IN 1033 1042 130 0.5 6 -1
1033 IN 1034 1037 105 0.5 7 -1
1034 IN 1035 1036 41 0.5 8 -1
1035 LN -1 -1 -1 -1 9 1
1036 LN -1 -1 -1 -1 9 1
1037 IN 1038 1041 17 0.5 8 -1
1038 IN 1039 1040 144 4.5 9 -1
1039 LN -1 -1 -1 -1 10 1
1040 LN -1 -1 -1 -1 10 1
1041 LN -1 -1 -1 -1 9 0
1042 LN -1 -1 -1 -1 7 1
1043 LN -1 -1 -1 -1 6 1
1044 LN -1 -1 -1 -1 4 1

[TREE 9]
NB_NODES: 1065
0 IN 1 488 18 7.5 0 -1
1 IN 2 257 138 0.5 1 -1
2 IN 3 142 64 0.5 2 -1
3 IN 4 83 75 0.5 3 -1
4 IN 5 40 2 0.5 4 -1
5 IN 6 29 127 0.5 5 -1
6 IN 7 20 144 23.5 6 -1
7 IN 8 13 27 0.5 7 -1
8 IN 9 12 111 186.5 8 -1
9 IN 10 11 78 0.5 9 -1
10 LN -1 -1 -1 -1 10 0
11 LN -1 -1 -1 -1 10 0
12 LN -1 -1 -1 -1 9 0
13 IN 14 17 69 0.5 8 -1
14 IN 15 16 65 0.5 9 -1
15 LN -1 -1 -1 -1 10 1
16 LN -1 -1 -1 -1 10 1
17 IN 18 19 115 0.5 9 -1
18 LN -1 -1 -1 -1 10 0
19 LN -1 -1 -1 -1 10 1
20 IN 21 28 7 0.5 7 -1
21 IN 22 25 93 0.5 8 -1
22 IN 23 24 102 0.5 9 -1
23 LN -1 -1 -1 -1 10 1
24 LN -1 -1 -1 -1 10 0
25 IN 26 27 42 0.5 9 -1
26 LN -1 -1 -1 -1 10 1
27 LN -1 -1 -1 -1 10 1
28 LN -1 -1 -1 -1 8 0
29 IN 30 39 16 0.5 6 -1
30 IN 31 38 72 0.5 7 -1
31 IN 32 35 147 0.5 8 -1
32 IN 33 34 105 0.5 9 -1
33 LN -1 -1 -1 -1 10 0
34 LN -1 -1 -1 -1 10 1
35 IN 36 37 92 0.5 9 -1
36 LN -1 -1 -1 -1 10 0
37 LN -1 -1 -1 -1 10 0
38 LN -1 -1 -1 -1 8 0
39 LN -1 -1 -1 -1 7 0
40 IN 41 64 100 0.5 5 -1
41 IN 42 55 134 0.5 6 -1
42 IN 43 50 63 0.5 7 -1
43 IN 44 47 34 0.5 8 -1
44 IN 45 46 7 0.5 9 -1
45 LN -1 -1 -1 -1 10 1
46 LN -1 -1 -1 -1 10 0
47 IN 48 49 128 0.5 9 -1
48 LN -1 -1 -1 -1 10 1
49 LN -1 -1 -1 -1 10 0
50 IN 51 54 131 0.5 8 -1
51 IN 52 53 111 156.5 9 -1
52 LN -1 -1 -1 -1 10 0
53 LN -1 -1 -1 -1 10 0
54 LN -1 -1 -1 -1 9 0
55 IN 56 57 0 51.5 7 -1
56 LN -1 -1 -1 -1 8 1
57 IN 58 61 130 0.5 8 -1
58 IN 59 60 86 26.5 9 -1
59 LN -1 -1 -1 -1 10 1
60 LN -1 -1 -1 -1 10 0
61 IN 62 63 115 0.5 9 -1
62 LN -1 -1 -1 -1 10 1
63 LN -1 -1 -1 -1 10 1
64 IN 65 80 81 0.5 6 -1
65 IN 66 73 41 0.5 7 -1
66 IN 67 70 127 0.5 8 -1
67 IN 68 69 111 160.5 9 -1
68 LN -1 -1 -1 -1 10 1
69 LN -1 -1 -1 -1 10 1
70 IN 71 72 87 14.0 9 -1
71 LN -1 -1 -1 -1 10 1
72 LN -1 -1 -1 -1 10 1
73 IN 74 77 115 0.5 8 -1
74 IN 75 76 144 20.5 9 -1
75 LN -1 -1 -1 -1 10 1
76 LN -1 -1 -1 -1 10 1
77 IN 78 79 27 0.5 9 -1
78 LN -1 -1 -1 -1 10 1
79 LN -1 -1 -1 -1 10 1
80 IN 81 82 144 7.0 7 -1
81 LN -1 -1 -1 -1 8 0
82 LN -1 -1 -1 -1 8 0
83 IN 84 113 6 0.5 4 -1
84 IN 85 108 141 0.5 5 -1
85 IN 86 97 30 0.5 6 -1
86 IN 87 92 70 0.5 7 -1
87 IN 88 91 117 0.5 8 -1
88 IN 89 90 41 0.5 9 -1
89 LN -1 -1 -1 -1 10 1
90 LN -1 -1 -1 -1 10 0
91 LN -1 -1 -1 -1 9 1
92 IN 93 96 130 0.5 8 -1
93 IN 94 95 18 6.5 9 -1
94 LN -1 -1 -1 -1 10 1
95 LN -1 -1 -1 -1 10 0
96 LN -1 -1 -1 -1 9 1
97 IN 98 103 110 0.5 7 -1
98 IN 99 102 87 35.0 8 -1
99 IN 100 101 86 16.5 9 -1
100 LN -1 -1 -1 -1 10 0
101 LN -1 -1 -1 -1 10 1
102 LN -1 -1 -1 -1 9 0
103 IN 104 107 82 0.5 8 -1
104 IN 105 106 143 0.5 9 -1
105 LN -1 -1 -1 -1 10 0
106 LN -1 -1 -1 -1 10 0
107 LN -1 -1 -1 -1 9 0
108 IN 109 110 3 -4.9997955e6 6 -1
109 LN -1 -1 -1 -1 7 1
110 IN 111 112 128 0.5 7 -1
111 LN -1 -1 -1 -1 8 0
112 LN -1 -1 -1 -1 8 0
113 IN 114 137 131 0.5 5 -1
114 IN 115 130 141 0.5 6 -1
115 IN 116 123 52 0.5 7 -1
116 IN 117 120 3 3100.0 8 -1
117 IN 118 119 151 3.5 9 -1
118 LN -1 -1 -1 -1 10 0
119 LN -1 -1 -1 -1 10 0
120 IN 121 122 144 17.0 9 -1
121 LN -1 -1 -1 -1 10 1
122 LN -1 -1 -1 -1 10 1
123 IN 124 127 135 0.5 8 -1
124 IN 125 126 36 0.5 9 -1
125 LN -1 -1 -1 -1 10 0
126 LN -1 -1 -1 -1 10 0
127 IN 128 129 102 0.5 9 -1
128 LN -1 -1 -1 -1 10 0
129 LN -1 -1 -1 -1 10 0
130 IN 131 132 122 0.5 7 -1
131 LN -1 -1 -1 -1 8 0
132 IN 133 136 147 0.5 8 -1
133 IN 134 135 57 0.5 9 -1
134 LN -1 -1 -1 -1 10 0
135 LN -1 -1 -1 -1 10 1
136 LN -1 -1 -1 -1 9 0
137 IN 138 139 39 0.5 6 -1
138 LN -1 -1 -1 -1 7 1
139 IN 140 141 96 0.5 7 -1
140 LN -1 -1 -1 -1 8 0
141 LN -1 -1 -1 -1 8 1
142 IN 143 214 27 0.5 3 -1
143 IN 144 157 3 -9.9999915e6 4 -1
144 IN 145 152 128 0.5 5 -1
145 IN 146 151 144 19.0 6 -1
146 IN 147 148 54 0.5 7 -1
147 LN -1 -1 -1 -1 8 0
148 IN 149 150 130 0.5 8 -1
149 LN -1 -1 -1 -1 9 0
150 LN -1 -1 -1 -1 9 0
151 LN -1 -1 -1 -1 7 0
152 IN 153 154 0 61.0 6 -1
153 LN -1 -1 -1 -1 7 0
154 IN 155 156 51 0.5 7 -1
155 LN -1 -1 -1 -1 8 0
156 LN -1 -1 -1 -1 8 0
157 IN 158 187 1 0.5 5 -1
158 IN 159 174 0 76.5 6 -1
159 IN 160 167 90 0.5 7 -1
160 IN 161 164 147 0.5 8 -1
161 IN 162 163 9 0.5 9 -1
162 LN -1 -1 -1 -1 10 0
163 LN -1 -1 -1 -1 10 1
164 IN 165 166 89 0.5 9 -1
165 LN -1 -1 -1 -1 10 1
166 LN -1 -1 -1 -1 10 0
167 IN 168 171 106 0.5 8 -1
168 IN 169 170 150 0.5 9 -1
169 LN -1 -1 -1 -1 10 0
170 LN -1 -1 -1 -1 10 1
171 IN 172 173 128 0.5 9 -1
172 LN -1 -1 -1 -1 10 1
173 LN -1 -1 -1 -1 10 0
174 IN 175 180 144 16.5 7 -1
175 IN 176 179 127 0.5 8 -1
176 IN 177 178 85 0.5 9 -1
177 LN -1 -1 -1 -1 10 1
178 LN -1 -1 -1 -1 10 0
179 LN -1 -1 -1 -1 9 1
180 IN 181 184 39 0.5 8 -1
181 IN 182 183 84 0.5 9 -1
182 LN -1 -1 -1 -1 10 1
183 LN -1 -1 -1 -1 10 1
184 IN 185 186 48 0.5 9 -1
185 LN -1 -1 -1 -1 10 0
186 LN -1 -1 -1 -1 10 0
187 IN 188 201 34 0.5 6 -1
188 IN 189 196 47 0.5 7 -1
189 IN 190 193 48 0.5 8 -1
190 IN 191 192 0 61.5 9 -1
191 LN -1 -1 -1 -1 10 0
192 LN -1 -1 -1 -1 10 0
193 IN 194 195 130 0.5 9 -1
194 LN -1 -1 -1 -1 10 0
195 LN -1 -1 -1 -1 10 0
196 IN 197 200 80 0.5 8 -1
197 IN 198 199 96 0.5 9 -1
198 LN -1 -1 -1 -1 10 0
199 LN -1 -1 -1 -1 10 0
200 LN -1 -1 -1 -1 9 0
201 IN 202 209 147 0.5 7 -1
202 IN 203 206 18 6.5 8 -1
203 IN 204 205 39 0.5 9 -1
204 LN -1 -1 -1 -1 10 1
205 LN -1 -1 -1 -1 10 1
206 IN 207 208 0 59.5 9 -1
207 LN -1 -1 -1 -1 10 1
208 LN -1 -1 -1 -1 10 0
209 IN 210 211 18 5.5 8 -1
210 LN -1 -1 -1 -1 9 0
211 IN 212 213 84 0.5 9 -1
212 LN -1 -1 -1 -1 10 0
213 LN -1 -1 -1 -1 10 0
214 IN 215 242 130 0.5 4 -1
215 IN 216 225 142 0.5 5 -1
216 IN 217 224 24 0.5 6 -1
217 IN 218 223 148 0.5 7 -1
218 IN 219 220 86 15.5 8 -1
219 LN -1 -1 -1 -1 9 1
220 IN 221 222 147 0.5 9 -1
221 LN -1 -1 -1 -1 10 1
222 LN -1 -1 -1 -1 10 0
223 LN -1 -1 -1 -1 8 0
224 LN -1 -1 -1 -1 7 0
225 IN 226 235 85 0.5 6 -1
226 IN 227 234 35 0.5 7 -1
227 IN 228 231 52 0.5 8 -1
228 IN 229 230 6 0.5 9 -1
229 LN -1 -1 -1 -1 10 0
230 LN -1 -1 -1 -1 10 0
231 IN 232 233 114 0.5 9 -1
232 LN -1 -1 -1 -1 10 0
233 LN -1 -1 -1 -1 10 1
234 LN -1 -1 -1 -1 8 1
235 IN 236 241 59 0.5 7 -1
236 IN 237 238 17 0.5 8 -1
237 LN -1 -1 -1 -1 9 0
238 IN 239 240 47 0.5 9 -1
239 LN -1 -1 -1 -1 10 0
240 LN -1 -1 -1 -1 10 0
241 LN -1 -1 -1 -1 8 0
242 IN 243 244 142 0.5 5 -1
243 LN -1 -1 -1 -1 6 1
244 IN 245 252 87 25.5 6 -1
245 IN 246 249 110 0.5 7 -1
246 IN 247 248 1 0.5 8 -1
247 LN -1 -1 -1 -1 9 1
248 LN -1 -1 -1 -1 9 1
249 IN 250 251 1 0.5 8 -1
250 LN -1 -1 -1 -1 9 1
251 LN -1 -1 -1 -1 9 1
252 IN 253 256 46 0.5 7 -1
253 IN 254 255 18 5.5 8 -1
254 LN -1 -1 -1 -1 9 1
255 LN -1 -1 -1 -1 9 1
256 LN -1 -1 -1 -1 8 0
257 IN 258 425 59 0.5 2 -1
258 IN 259 340 36 0.5 3 -1
259 IN 260 313 65 0.5 4 -1
260 IN 261 286 0 75.5 5 -1
261 IN 262 277 82 0.5 6 -1
262 IN 263 270 101 0.5 7 -1
263 IN 264 267 90 0.5 8 -1
264 IN 265 266 76 0.5 9 -1
265 LN -1 -1 -1 -1 10 0
266 LN -1 -1 -1 -1 10 0
267 IN 268 269 0 58.5 9 -1
268 LN -1 -1 -1 -1 10 0
269 LN -1 -1 -1 -1 10 0
270 IN 271 274 1 0.5 8 -1
271 IN 272 273 10 0.5 9 -1
272 LN -1 -1 -1 -1 10 0
273 LN -1 -1 -1 -1 10 1
274 IN 275 276 57 0.5 9 -1
275 LN -1 -1 -1 -1 10 0
276 LN -1 -1 -1 -1 10 0
277 IN 278 285 130 0.5 7 -1
278 IN 279 282 0 49.5 8 -1
279 IN 280 281 111 180.5 9 -1
280 LN -1 -1 -1 -1 10 0
281 LN -1 -1 -1 -1 10 1
282 IN 283 284 42 0.5 9 -1
283 LN -1 -1 -1 -1 10 0
284 LN -1 -1 -1 -1 10 0
285 LN -1 -1 -1 -1 8 0
286 IN 287 300 102 0.5 6 -1
287 IN 288 295 150 0.5 7 -1
288 IN 289 292 147 0.5 8 -1
289 IN 290 291 15 0.5 9 -1
290 LN -1 -1 -1 -1 10 1
291 LN -1 -1 -1 -1 10 0
292 IN 293 294 15 0.5 9 -1
293 LN -1 -1 -1 -1 10 0
294 LN -1 -1 -1 -1 10 1
295 IN 296 299 46 0.5 8 -1
296 IN 297 298 105 0.5 9 -1
297 LN -1 -1 -1 -1 10 1
298 LN -1 -1 -1 -1 10 1
299 LN -1 -1 -1 -1 9 1
300 IN 301 306 57 0.5 7 -1
301 IN 302 305 3 3063.5 8 -1
302 IN 303 304 97 0.5 9 -1
303 LN -1 -1 -1 -1 10 0
304 LN -1 -1 -1 -1 10 1
305 LN -1 -1 -1 -1 9 0
306 IN 307 310 0 79.5 8 -1
307 IN 308 309 124 0.5 9 -1
308 LN -1 -1 -1 -1 10 0
309 LN -1 -1 -1 -1 10 1
310 IN 311 312 134 0.5 9 -1
311 LN -1 -1 -1 -1 10 0
312 LN -1 -1 -1 -1 10 0
313 IN 314 337 118 0.5 5 -1
314 IN 315 322 150 0.5 6 -1
315 IN 316 321 8 0.5 7 -1
316 IN 317 320 60 0.5 8 -1
317 IN 318 319 111 166.5 9 -1
318 LN -1 -1 -1 -1 10 0
319 LN -1 -1 -1 -1 10 0
320 LN -1 -1 -1 -1 9 1
321 LN -1 -1 -1 -1 8 1
322 IN 323 330 151 1.5 7 -1
323 IN 324 327 144 7.5 8 -1
324 IN 325 326 111 166.0 9 -1
325 LN -1 -1 -1 -1 10 1
326 LN -1 -1 -1 -1 10 0
327 IN 328 329 52 0.5 9 -1
328 LN -1 -1 -1 -1 10 1
329 LN -1 -1 -1 -1 10 0
330 IN 331 334 45 0.5 8 -1
331 IN 332 333 135 0.5 9 -1
332 LN -1 -1 -1 -1 10 1
333 LN -1 -1 -1 -1 10 0
334 IN 335 336 0 59.0 9 -1
335 LN -1 -1 -1 -1 10 1
336 LN -1 -1 -1 -1 10 0
337 IN 338 339 87 32.0 6 -1
338 LN -1 -1 -1 -1 7 1
339 LN -1 -1 -1 -1 7 0
340 IN 341 384 150 0.5 4 -1
341 IN 342 365 65 0.5 5 -1
342 IN 343 356 78 0.5 6 -1
343 IN 344 349 134 0.5 7 -1
344 IN 345 348 60 0.5 8 -1
345 IN 346 347 2 0.5 9 -1
346 LN -1 -1 -1 -1 10 0
347 LN -1 -1 -1 -1 10 0
348 LN -1 -1 -1 -1 9 0
349 IN 350 353 148 0.5 8 -1
350 IN 351 352 86 34.5 9 -1
351 LN -1 -1 -1 -1 10 0
352 LN -1 -1 -1 -1 10 0
353 IN 354 355 0 70.5 9 -1
354 LN -1 -1 -1 -1 10 0
355 LN -1 -1 -1 -1 10 0
356 IN 357 364 53 0.5 7 -1
357 IN 358 361 51 0.5 8 -1
358 IN 359 360 115 0.5 9 -1
359 LN -1 -1 -1 -1 10 1
360 LN -1 -1 -1 -1 10 0
361 IN 362 363 22 0.5 9 -1
362 LN -1 -1 -1 -1 10 0
363 LN -1 -1 -1 -1 10 0
364 LN -1 -1 -1 -1 8 1
365 IN 366 373 6 0.5 6 -1
366 IN 367 372 28 0.5 7 -1
367 IN 368 371 70 0.5 8 -1
368 IN 369 370 109 0.5 9 -1
369 LN -1 -1 -1 -1 10 0
370 LN -1 -1 -1 -1 10 0
371 LN -1 -1 -1 -1 9 0
372 LN -1 -1 -1 -1 8 1
373 IN 374 381 84 0.5 7 -1
374 IN 375 378 76 0.5 8 -1
375 IN 376 377 41 0.5 9 -1
376 LN -1 -1 -1 -1 10 1
377 LN -1 -1 -1 -1 10 0
378 IN 379 380 149 0.5 9 -1
379 LN -1 -1 -1 -1 10 1
380 LN -1 -1 -1 -1 10 0
381 IN 382 383 18 6.5 8 -1
382 LN -1 -1 -1 -1 9 0
383 LN -1 -1 -1 -1 9 0
384 IN 385 404 1 0.5 5 -1
385 IN 386 395 72 0.5 6 -1
386 IN 387 394 125 0.5 7 -1
387 IN 388 391 123 0.5 8 -1
388 IN 389 390 114 0.5 9 -1
389 LN -1 -1 -1 -1 10 0
390 LN -1 -1 -1 -1 10 1
391 IN 392 393 39 0.5 9 -1
392 LN -1 -1 -1 -1 10 0
393 LN -1 -1 -1 -1 10 0
394 LN -1 -1 -1 -1 8 0
395 IN 396 403 114 0.5 7 -1
396 IN 397 400 0 61.0 8 -1
397 IN 398 399 135 0.5 9 -1
398 LN -1 -1 -1 -1 10 0
399 LN -1 -1 -1 -1 10 0
400 IN 401 402 110 0.5 9 -1
401 LN -1 -1 -1 -1 10 1
402 LN -1 -1 -1 -1 10 1
403 LN -1 -1 -1 -1 8 0
404 IN 405 414 87 31.5 6 -1
405 IN 406 407 3 668.5 7 -1
406 LN -1 -1 -1 -1 8 0
407 IN 408 411 91 0.5 8 -1
408 IN 409 410 125 0.5 9 -1
409 LN -1 -1 -1 -1 10 0
410 LN -1 -1 -1 -1 10 1
411 IN 412 413 7 0.5 9 -1
412 LN -1 -1 -1 -1 10 0
413 LN -1 -1 -1 -1 10 0
414 IN 415 420 110 0.5 7 -1
415 IN 416 419 115 0.5 8 -1
416 IN 417 418 144 9.0 9 -1
417 LN -1 -1 -1 -1 10 0
418 LN -1 -1 -1 -1 10 1
419 LN -1 -1 -1 -1 9 0
420 IN 421 424 23 0.5 8 -1
421 IN 422 423 124 0.5 9 -1
422 LN -1 -1 -1 -1 10 1
423 LN -1 -1 -1 -1 10 0
424 LN -1 -1 -1 -1 9 0
425 IN 426 473 3 2217.0 3 -1
426 IN 427 472 151 5.5 4 -1
427 IN 428 457 30 0.5 5 -1
428 IN 429 444 85 0.5 6 -1
429 IN 430 437 128 0.5 7 -1
430 IN 431 434 83 0.5 8 -1
431 IN 432 433 144 10.5 9 -1
432 LN -1 -1 -1 -1 10 1
433 LN -1 -1 -1 -1 10 0
434 IN 435 436 1 0.5 9 -1
435 LN -1 -1 -1 -1 10 0
436 LN -1 -1 -1 -1 10 0
437 IN 438 441 86 25.5 8 -1
438 IN 439 440 87 21.5 9 -1
439 LN -1 -1 -1 -1 10 0
440 LN -1 -1 -1 -1 10 0
441 IN 442 443 86 31.5 9 -1
442 LN -1 -1 -1 -1 10 0
443 LN -1 -1 -1 -1 10 0
444 IN 445 452 66 0.5 7 -1
445 IN 446 449 2 0.5 8 -1
446 IN 447 448 96 0.5 9 -1
447 LN -1 -1 -1 -1 10 0
448 LN -1 -1 -1 -1 10 1
449 IN 450 451 135 0.5 9 -1
450 LN -1 -1 -1 -1 10 0
451 LN -1 -1 -1 -1 10 1
452 IN 453 456 77 0.5 8 -1
453 IN 454 455 48 0.5 9 -1
454 LN -1 -1 -1 -1 10 0
455 LN -1 -1 -1 -1 10 1
456 LN -1 -1 -1 -1 9 1
457 IN 458 463 109 0.5 6 -1
458 IN 459 460 116 0.5 7 -1
459 LN -1 -1 -1 -1 8 0
460 IN 461 462 69 0.5 8 -1
461 LN -1 -1 -1 -1 9 0
462 LN -1 -1 -1 -1 9 0
463 IN 464 471 111 172.5 7 -1
464 IN 465 468 71 0.5 8 -1
465 IN 466 467 148 0.5 9 -1
466 LN -1 -1 -1 -1 10 1
467 LN -1 -1 -1 -1 10 1
468 IN 469 470 46 0.5 9 -1
469 LN -1 -1 -1 -1 10 0
470 LN -1 -1 -1 -1 10 0
471 LN -1 -1 -1 -1 8 0
472 LN -1 -1 -1 -1 5 1
473 IN 474 485 63 0.5 4 -1
474 IN 475 482 84 0.5 5 -1
475 IN 476 481 34 0.5 6 -1
476 IN 477 478 144 6.5 7 -1
477 LN -1 -1 -1 -1 8 0
478 IN 479 480 1 0.5 8 -1
479 LN -1 -1 -1 -1 9 1
480 LN -1 -1 -1 -1 9 0
481 LN -1 -1 -1 -1 7 1
482 IN 483 484 1 0.5 6 -1
483 LN -1 -1 -1 -1 7 0
484 LN -1 -1 -1 -1 7 1
485 IN 486 487 22 0.5 5 -1
486 LN -1 -1 -1 -1 6 0
487 LN -1 -1 -1 -1 6 0
488 IN 489 772 111 167.5 1 -1
489 IN 490 635 39 0.5 2 -1
490 IN 491 598 27 0.5 3 -1
491 IN 492 541 150 0.5 4 -1
492 IN 493 524 92 0.5 5 -1
493 IN 494 509 85 0.5 6 -1
494 IN 495 502 87 16.5 7 -1
495 IN 496 499 63 0.5 8 -1
496 IN 497 498 117 0.5 9 -1
497 LN -1 -1 -1 -1 10 0
498 LN -1 -1 -1 -1 10 1
499 IN 500 501 90 0.5 9 -1
500 LN -1 -1 -1 -1 10 0
501 LN -1 -1 -1 -1 10 0
502 IN 503 506 142 0.5 8 -1
503 IN 504 505 54 0.5 9 -1
504 LN -1 -1 -1 -1 10 0
505 LN -1 -1 -1 -1 10 0
506 IN 507 508 15 0.5 9 -1
507 LN -1 -1 -1 -1 10 0
508 LN -1 -1 -1 -1 10 0
509 IN 510 517 86 28.5 7 -1
510 IN 511 514 72 0.5 8 -1
511 IN 512 513 147 0.5 9 -1
512 LN -1 -1 -1 -1 10 0
513 LN -1 -1 -1 -1 10 0
514 IN 515 516 97 0.5 9 -1
515 LN -1 -1 -1 -1 10 1
516 LN -1 -1 -1 -1 10 1
517 IN 518 521 102 0.5 8 -1
518 IN 519 520 143 0.5 9 -1
519 LN -1 -1 -1 -1 10 1
520 LN -1 -1 -1 -1 10 1
521 IN 522 523 3 580.0 9 -1
522 LN -1 -1 -1 -1 10 0
523 LN -1 -1 -1 -1 10 0
524 IN 525 540 81 0.5 6 -1
525 IN 526 533 57 0.5 7 -1
526 IN 527 530 101 0.5 8 -1
527 IN 528 529 111 150.5 9 -1
528 LN -1 -1 -1 -1 10 1
529 LN -1 -1 -1 -1 10 0
530 IN 531 532 18 9.5 9 -1
531 LN -1 -1 -1 -1 10 0
532 LN -1 -1 -1 -1 10 1
533 IN 534 537 97 0.5 8 -1
534 IN 535 536 3 3043.5 9 -1
535 LN -1 -1 -1 -1 10 0
536 LN -1 -1 -1 -1 10 1
537 IN 538 539 101 0.5 9 -1
538 LN -1 -1 -1 -1 10 0
539 LN -1 -1 -1 -1 10 0
540 LN -1 -1 -1 -1 7 0
541 IN 542 573 96 0.5 5 -1
542 IN 543 558 137 0.5 6 -1
543 IN 544 551 29 0.5 7 -1
544 IN 545 548 117 0.5 8 -1
545 IN 546 547 18 8.5 9 -1
546 LN -1 -1 -1 -1 10 0
547 LN -1 -1 -1 -1 10 0
548 IN 549 550 1 0.5 9 -1
549 LN -1 -1 -1 -1 10 0
550 LN -1 -1 -1 -1 10 1
551 IN 552 555 85 0.5 8 -1
552 IN 553 554 130 0.5 9 -1
553 LN -1 -1 -1 -1 10 0
554 LN -1 -1 -1 -1 10 0
555 IN 556 557 51 0.5 9 -1
556 LN -1 -1 -1 -1 10 0
557 LN -1 -1 -1 -1 10 1
558 IN 559 566 143 0.5 7 -1
559 IN 560 563 16 0.5 8 -1
560 IN 561 562 93 0.5 9 -1
561 LN -1 -1 -1 -1 10 0
562 LN -1 -1 -1 -1 10 0
563 IN 564 565 57 0.5 9 -1
564 LN -1 -1 -1 -1 10 0
565 LN -1 -1 -1 -1 10 1
566 IN 567 570 54 0.5 8 -1
567 IN 568 569 17 0.5 9 -1
568 LN -1 -1 -1 -1 10 0
569 LN -1 -1 -1 -1 10 1
570 IN 571 572 9 0.5 9 -1
571 LN -1 -1 -1 -1 10 0
572 LN -1 -1 -1 -1 10 0
573 IN 574 589 78 0.5 6 -1
574 IN 575 582 100 0.5 7 -1
575 IN 576 579 125 0.5 8 -1
576 IN 577 578 40 0.5 9 -1
577 LN -1 -1 -1 -1 10 0
578 LN -1 -1 -1 -1 10 0
579 IN 580 581 30 0.5 9 -1
580 LN -1 -1 -1 -1 10 1
581 LN -1 -1 -1 -1 10 0
582 IN 583 586 6 0.5 8 -1
583 IN 584 585 144 7.0 9 -1
584 LN -1 -1 -1 -1 10 0
585 LN -1 -1 -1 -1 10 1
586 IN 587 588 76 0.5 9 -1
587 LN -1 -1 -1 -1 10 0
588 LN -1 -1 -1 -1 10 0
589 IN 590 593 17 0.5 7 -1
590 IN 591 592 115 0.5 8 -1
591 LN -1 -1 -1 -1 9 1
592 LN -1 -1 -1 -1 9 1
593 IN 594 597 34 0.5 8 -1
594 IN 595 596 42 0.5 9 -1
595 LN -1 -1 -1 -1 10 1
596 LN -1 -1 -1 -1 10 0
597 LN -1 -1 -1 -1 9 0
598 IN 599 616 87 24.5 4 -1
599 IN 600 601 144 3.5 5 -1
600 LN -1 -1 -1 -1 6 0
601 IN 602 609 69 0.5 6 -1
602 IN 603 608 111 166.0 7 -1
603 IN 604 607 87 23.5 8 -1
604 IN 605 606 130 0.5 9 -1
605 LN -1 -1 -1 -1 10 1
606 LN -1 -1 -1 -1 10 0
607 LN -1 -1 -1 -1 9 1
608 LN -1 -1 -1 -1 8 0
609 IN 610 615 85 0.5 7 -1
610 IN 611 614 0 69.5 8 -1
611 IN 612 613 138 0.5 9 -1
612 LN -1 -1 -1 -1 10 1
613 LN -1 -1 -1 -1 10 0
614 LN -1 -1 -1 -1 9 1
615 LN -1 -1 -1 -1 8 0
616 IN 617 628 33 0.5 5 -1
617 IN 618 625 59 0.5 6 -1
618 IN 619 620 87 28.5 7 -1
619 LN -1 -1 -1 -1 8 0
620 IN 621 624 57 0.5 8 -1
621 IN 622 623 21 0.5 9 -1
622 LN -1 -1 -1 -1 10 1
623 LN -1 -1 -1 -1 10 0
624 LN -1 -1 -1 -1 9 0
625 IN 626 627 15 0.5 7 -1
626 LN -1 -1 -1 -1 8 1
627 LN -1 -1 -1 -1 8 1
628 IN 629 634 58 0.5 6 -1
629 IN 630 631 116 0.5 7 -1
630 LN -1 -1 -1 -1 8 1
631 IN 632 633 83 0.5 8 -1
632 LN -1 -1 -1 -1 9 1
633 LN -1 -1 -1 -1 9 0
634 LN -1 -1 -1 -1 7 1
635 IN 636 727 21 0.5 3 -1
636 IN 637 684 51 0.5 4 -1
637 IN 638 665 143 0.5 5 -1
638 IN 639 654 22 0.5 6 -1
639 IN 640 647 84 0.5 7 -1
640 IN 641 644 82 0.5 8 -1
641 IN 642 643 100 0.5 9 -1
642 LN -1 -1 -1 -1 10 0
643 LN -1 -1 -1 -1 10 0
644 IN 645 646 151 2.5 9 -1
645 LN -1 -1 -1 -1 10 0
646 LN -1 -1 -1 -1 10 0
647 IN 648 651 8 0.5 8 -1
648 IN 649 650 137 0.5 9 -1
649 LN -1 -1 -1 -1 10 0
650 LN -1 -1 -1 -1 10 0
651 IN 652 653 124 0.5 9 -1
652 LN -1 -1 -1 -1 10 1
653 LN -1 -1 -1 -1 10 1
654 IN 655 662 33 0.5 7 -1
655 IN 656 659 89 0.5 8 -1
656 IN 657 658 111 164.5 9 -1
657 LN -1 -1 -1 -1 10 0
658 LN -1 -1 -1 -1 10 0
659 IN 660 661 16 0.5 9 -1
660 LN -1 -1 -1 -1 10 0
661 LN -1 -1 -1 -1 10 1
662 IN 663 664 123 0.5 8 -1
663 LN -1 -1 -1 -1 9 1
664 LN -1 -1 -1 -1 9 0
665 IN 666 677 24 0.5 6 -1
666 IN 667 672 47 0.5 7 -1
667 IN 668 671 90 0.5 8 -1
668 IN 669 670 86 12.5 9 -1
669 LN -1 -1 -1 -1 10 1
670 LN -1 -1 -1 -1 10 0
671 LN -1 -1 -1 -1 9 0
672 IN 673 676 1 0.5 8 -1
673 IN 674 675 53 0.5 9 -1
674 LN -1 -1 -1 -1 10 1
675 LN -1 -1 -1 -1 10 0
676 LN -1 -1 -1 -1 9 0
677 IN 678 679 0 56.5 7 -1
678 LN -1 -1 -1 -1 8 0
679 IN 680 681 3 1400.0 8 -1
680 LN -1 -1 -1 -1 9 0
681 IN 682 683 76 0.5 9 -1
682 LN -1 -1 -1 -1 10 0
683 LN -1 -1 -1 -1 10 0
684 IN 685 706 134 0.5 5 -1
685 IN 686 697 36 0.5 6 -1
686 IN 687 692 111 164.5 7 -1
687 IN 688 689 10 0.5 8 -1
688 LN -1 -1 -1 -1 9 0
689 IN 690 691 151 1.5 9 -1
690 LN -1 -1 -1 -1 10 0
691 LN -1 -1 -1 -1 10 0
692 IN 693 696 129 0.5 8 -1
693 IN 694 695 76 0.5 9 -1
694 LN -1 -1 -1 -1 10 0
695 LN -1 -1 -1 -1 10 0
696 LN -1 -1 -1 -1 9 1
697 IN 698 705 18 9.5 7 -1
698 IN 699 702 23 0.5 8 -1
699 IN 700 701 111 158.5 9 -1
700 LN -1 -1 -1 -1 10 1
701 LN -1 -1 -1 -1 10 0
702 IN 703 704 0 62.0 9 -1
703 LN -1 -1 -1 -1 10 1
704 LN -1 -1 -1 -1 10 0
705 LN -1 -1 -1 -1 8 0
706 IN 707 712 3 572.0 6 -1
707 IN 708 711 150 0.5 7 -1
708 IN 709 710 84 0.5 8 -1
709 LN -1 -1 -1 -1 9 1
710 LN -1 -1 -1 -1 9 1
711 LN -1 -1 -1 -1 8 1
712 IN 713 720 137 0.5 7 -1
713 IN 714 717 29 0.5 8 -1
714 IN 715 716 63 0.5 9 -1
715 LN -1 -1 -1 -1 10 1
716 LN -1 -1 -1 -1 10 0
717 IN 718 719 96 0.5 9 -1
718 LN -1 -1 -1 -1 10 0
719 LN -1 -1 -1 -1 10 0
720 IN 721 724 84 0.5 8 -1
721 IN 722 723 57 0.5 9 -1
722 LN -1 -1 -1 -1 10 1
723 LN -1 -1 -1 -1 10 0
724 IN 725 726 130 0.5 9 -1
725 LN -1 -1 -1 -1 10 1
726 LN -1 -1 -1 -1 10 0
727 IN 728 765 35 0.5 4 -1
728 IN 729 752 28 0.5 5 -1
729 IN 730 739 134 0.5 6 -1
730 IN 731 738 92 0.5 7 -1
731 IN 732 735 3 1399.5 8 -1
732 IN 733 734 18 9.5 9 -1
733 LN -1 -1 -1 -1 10 0
734 LN -1 -1 -1 -1 10 1
735 IN 736 737 130 0.5 9 -1
736 LN -1 -1 -1 -1 10 0
737 LN -1 -1 -1 -1 10 0
738 LN -1 -1 -1 -1 8 1
739 IN 740 747 18 8.5 7 -1
740 IN 741 744 3 708.0 8 -1
741 IN 742 743 114 0.5 9 -1
742 LN -1 -1 -1 -1 10 0
743 LN -1 -1 -1 -1 10 0
744 IN 745 746 0 65.5 9 -1
745 LN -1 -1 -1 -1 10 0
746 LN -1 -1 -1 -1 10 1
747 IN 748 751 65 0.5 8 -1
748 IN 749 750 138 0.5 9 -1
749 LN -1 -1 -1 -1 10 1
750 LN -1 -1 -1 -1 10 0
751 LN -1 -1 -1 -1 9 1
752 IN 753 758 105 0.5 6 -1
753 IN 754 757 36 0.5 7 -1
754 IN 755 756 69 0.5 8 -1
755 LN -1 -1 -1 -1 9 0
756 LN -1 -1 -1 -1 9 0
757 LN -1 -1 -1 -1 8 0
758 IN 759 762 137 0.5 7 -1
759 IN 760 761 58 0.5 8 -1
760 LN -1 -1 -1 -1 9 0
761 LN -1 -1 -1 -1 9 0
762 IN 763 764 0 72.0 8 -1
763 LN -1 -1 -1 -1 9 1
764 LN -1 -1 -1 -1 9 1
765 IN 766 771 116 0.5 5 -1
766 IN 767 770 147 0.5 6 -1
767 IN 768 769 111 161.5 7 -1
768 LN -1 -1 -1 -1 8 0
769 LN -1 -1 -1 -1 8 0
770 LN -1 -1 -1 -1 7 0
771 LN -1 -1 -1 -1 6 0
772 IN 773 948 2 0.5 2 -1
773 IN 774 867 36 0.5 3 -1
774 IN 775 828 63 0.5 4 -1
775 IN 776 801 134 0.5 5 -1
776 IN 777 790 114 0.5 6 -1
777 IN 778 785 100 0.5 7 -1
778 IN 779 782 86 14.0 8 -1
779 IN 780 781 27 0.5 9 -1
780 LN -1 -1 -1 -1 10 0
781 LN -1 -1 -1 -1 10 1
782 IN 783 784 9 0.5 9 -1
783 LN -1 -1 -1 -1 10 0
784 LN -1 -1 -1 -1 10 1
785 IN 786 789 58 0.5 8 -1
786 IN 787 788 69 0.5 9 -1
787 LN -1 -1 -1 -1 10 1
788 LN -1 -1 -1 -1 10 0
789 LN -1 -1 -1 -1 9 1
790 IN 791 796 6 0.5 7 -1
791 IN 792 793 109 0.5 8 -1
792 LN -1 -1 -1 -1 9 0
793 IN 794 795 8 0.5 9 -1
794 LN -1 -1 -1 -1 10 0
795 LN -1 -1 -1 -1 10 0
796 IN 797 798 64 0.5 8 -1
797 LN -1 -1 -1 -1 9 0
798 IN 799 800 76 0.5 9 -1
799 LN -1 -1 -1 -1 10 0
800 LN -1 -1 -1 -1 10 0
801 IN 802 815 150 0.5 6 -1
802 IN 803 810 85 0.5 7 -1
803 IN 804 807 23 0.5 8 -1
804 IN 805 806 109 0.5 9 -1
805 LN -1 -1 -1 -1 10 0
806 LN -1 -1 -1 -1 10 0
807 IN 808 809 102 0.5 9 -1
808 LN -1 -1 -1 -1 10 0
809 LN -1 -1 -1 -1 10 0
810 IN 811 812 3 844.5 8 -1
811 LN -1 -1 -1 -1 9 0
812 IN 813 814 64 0.5 9 -1
813 LN -1 -1 -1 -1 10 1
814 LN -1 -1 -1 -1 10 0
815 IN 816 821 151 0.5 7 -1
816 IN 817 820 109 0.5 8 -1
817 IN 818 819 118 0.5 9 -1
818 LN -1 -1 -1 -1 10 0
819 LN -1 -1 -1 -1 10 1
820 LN -1 -1 -1 -1 9 1
821 IN 822 825 17 0.5 8 -1
822 IN 823 824 42 0.5 9 -1
823 LN -1 -1 -1 -1 10 0
824 LN -1 -1 -1 -1 10 1
825 IN 826 827 30 0.5 9 -1
826 LN -1 -1 -1 -1 10 0
827 LN -1 -1 -1 -1 10 0
828 IN 829 844 142 0.5 5 -1
829 IN 830 843 86 31.0 6 -1
830 IN 831 836 144 3.5 7 -1
831 IN 832 835 101 0.5 8 -1
832 IN 833 834 70 0.5 9 -1
833 LN -1 -1 -1 -1 10 0
834 LN -1 -1 -1 -1 10 1
835 LN -1 -1 -1 -1 9 0
836 IN 837 840 3 924.0 8 -1
837 IN 838 839 115 0.5 9 -1
838 LN -1 -1 -1 -1 10 0
839 LN -1 -1 -1 -1 10 1
840 IN 841 842 77 0.5 9 -1
841 LN -1 -1 -1 -1 10 0
842 LN -1 -1 -1 -1 10 1
843 LN -1 -1 -1 -1 7 1
844 IN 845 858 121 0.5 6 -1
845 IN 846 851 35 0.5 7 -1
846 IN 847 848 151 0.5 8 -1
847 LN -1 -1 -1 -1 9 1
848 IN 849 850 148 0.5 9 -1
849 LN -1 -1 -1 -1 10 0
850 LN -1 -1 -1 -1 10 0
851 IN 852 855 3 2015.5 8 -1
852 IN 853 854 151 5.5 9 -1
853 LN -1 -1 -1 -1 10 0
854 LN -1 -1 -1 -1 10 1
855 IN 856 857 111 176.5 9 -1
856 LN -1 -1 -1 -1 10 0
857 LN -1 -1 -1 -1 10 0
858 IN 859 860 3 1472.5 7 -1
859 LN -1 -1 -1 -1 8 0
860 IN 861 864 109 0.5 8 -1
861 IN 862 863 101 0.5 9 -1
862 LN -1 -1 -1 -1 10 0
863 LN -1 -1 -1 -1 10 0
864 IN 865 866 148 0.5 9 -1
865 LN -1 -1 -1 -1 10 0
866 LN -1 -1 -1 -1 10 0
867 IN 868 921 51 0.5 4 -1
868 IN 869 896 138 0.5 5 -1
869 IN 870 885 3 3493.0 6 -1
870 IN 871 878 82 0.5 7 -1
871 IN 872 875 46 0.5 8 -1
872 IN 873 874 21 0.5 9 -1
873 LN -1 -1 -1 -1 10 0
874 LN -1 -1 -1 -1 10 0
875 IN 876 877 144 10.0 9 -1
876 LN -1 -1 -1 -1 10 0
877 LN -1 -1 -1 -1 10 1
878 IN 879 882 22 0.5 8 -1
879 IN 880 881 60 0.5 9 -1
880 LN -1 -1 -1 -1 10 0
881 LN -1 -1 -1 -1 10 0
882 IN 883 884 63 0.5 9 -1
883 LN -1 -1 -1 -1 10 0
884 LN -1 -1 -1 -1 10 0
885 IN 886 891 17 0.5 7 -1
886 IN 887 888 6 0.5 8 -1
887 LN -1 -1 -1 -1 9 0
888 IN 889 890 111 174.5 9 -1
889 LN -1 -1 -1 -1 10 0
890 LN -1 -1 -1 -1 10 0
891 IN 892 895 109 0.5 8 -1
892 IN 893 894 64 0.5 9 -1
893 LN -1 -1 -1 -1 10 0
894 LN -1 -1 -1 -1 10 0
895 LN -1 -1 -1 -1 9 0
896 IN 897 912 39 0.5 6 -1
897 IN 898 905 21 0.5 7 -1
898 IN 899 902 111 171.5 8 -1
899 IN 900 901 109 0.5 9 -1
900 LN -1 -1 -1 -1 10 0
901 LN -1 -1 -1 -1 10 0
902 IN 903 904 52 0.5 9 -1
903 LN -1 -1 -1 -1 10 0
904 LN -1 -1 -1 -1 10 0
905 IN 906 909 64 0.5 8 -1
906 IN 907 908 3 1327.5 9 -1
907 LN -1 -1 -1 -1 10 0
908 LN -1 -1 -1 -1 10 0
909 IN 910 911 110 0.5 9 -1
910 LN -1 -1 -1 -1 10 1
911 LN -1 -1 -1 -1 10 0
912 IN 913 920 12 0.5 7 -1
913 IN 914 917 85 0.5 8 -1
914 IN 915 916 28 0.5 9 -1
915 LN -1 -1 -1 -1 10 0
916 LN -1 -1 -1 -1 10 0
917 IN 918 919 134 0.5 9 -1
918 LN -1 -1 -1 -1 10 0
919 LN -1 -1 -1 -1 10 0
920 LN -1 -1 -1 -1 8 0
921 IN 922 939 127 0.5 5 -1
922 IN 923 932 143 0.5 6 -1
923 IN 924 925 144 0.0 7 -1
924 LN -1 -1 -1 -1 8 1
925 IN 926 929 147 0.5 8 -1
926 IN 927 928 77 0.5 9 -1
927 LN -1 -1 -1 -1 10 0
928 LN -1 -1 -1 -1 10 0
929 IN 930 931 6 0.5 9 -1
930 LN -1 -1 -1 -1 10 0
931 LN -1 -1 -1 -1 10 0
932 IN 933 938 124 0.5 7 -1
933 IN 934 937 121 0.5 8 -1
934 IN 935 936 87 22.0 9 -1
935 LN -1 -1 -1 -1 10 0
936 LN -1 -1 -1 -1 10 0
937 LN -1 -1 -1 -1 9 1
938 LN -1 -1 -1 -1 8 0
939 IN 940 941 109 0.5 6 -1
940 LN -1 -1 -1 -1 7 0
941 IN 942 947 151 2.5 7 -1
942 IN 943 946 134 0.5 8 -1
943 IN 944 945 89 0.5 9 -1
944 LN -1 -1 -1 -1 10 0
945 LN -1 -1 -1 -1 10 0
946 LN -1 -1 -1 -1 9 0
947 LN -1 -1 -1 -1 8 0
948 IN 949 1006 137 0.5 3 -1
949 IN 950 991 86 34.5 4 -1
950 IN 951 976 71 0.5 5 -1
951 IN 952 963 135 0.5 6 -1
952 IN 953 958 3 2463.5 7 -1
953 IN 954 957 87 25.5 8 -1
954 IN 955 956 110 0.5 9 -1
955 LN -1 -1 -1 -1 10 0
956 LN -1 -1 -1 -1 10 0
957 LN -1 -1 -1 -1 9 0
958 IN 959 962 144 2.5 8 -1
959 IN 960 961 90 0.5 9 -1
960 LN -1 -1 -1 -1 10 0
961 LN -1 -1 -1 -1 10 0
962 LN -1 -1 -1 -1 9 0
963 IN 964 969 63 0.5 7 -1
964 IN 965 966 0 51.5 8 -1
965 LN -1 -1 -1 -1 9 0
966 IN 967 968 86 12.5 9 -1
967 LN -1 -1 -1 -1 10 0
968 LN -1 -1 -1 -1 10 0
969 IN 970 973 3 23000.0 8 -1
970 IN 971 972 127 0.5 9 -1
971 LN -1 -1 -1 -1 10 0
972 LN -1 -1 -1 -1 10 0
973 IN 974 975 114 0.5 9 -1
974 LN -1 -1 -1 -1 10 0
975 LN -1 -1 -1 -1 10 0
976 IN 977 986 87 26.5 6 -1
977 IN 978 983 3 3064.0 7 -1
978 IN 979 980 0 56.5 8 -1
979 LN -1 -1 -1 -1 9 1
980 IN 981 982 96 0.5 9 -1
981 LN -1 -1 -1 -1 10 0
982 LN -1 -1 -1 -1 10 0
983 IN 984 985 57 0.5 8 -1
984 LN -1 -1 -1 -1 9 1
985 LN -1 -1 -1 -1 9 1
986 IN 987 990 39 0.5 7 -1
987 IN 988 989 90 0.5 8 -1
988 LN -1 -1 -1 -1 9 0
989 LN -1 -1 -1 -1 9 0
990 LN -1 -1 -1 -1 8 0
991 IN 992 1005 0 72.5 5 -1
992 IN 993 1004 100 0.5 6 -1
993 IN 994 999 22 0.5 7 -1
994 IN 995 996 135 0.5 8 -1
995 LN -1 -1 -1 -1 9 1
996 IN 997 998 76 0.5 9 -1
997 LN -1 -1 -1 -1 10 0
998 LN -1 -1 -1 -1 10 0
999 IN 1000 1003 36 0.5 8 -1
1000 IN 1001 1002 135 0.5 9 -1
1001 LN -1 -1 -1 -1 10 0
1002 LN -1 -1 -1 -1 10 1
1003 LN -1 -1 -1 -1 9 0
1004 LN -1 -1 -1 -1 7 1
1005 LN -1 -1 -1 -1 6 0
1006 IN 1007 1050 27 0.5 4 -1
1007 IN 1008 1031 144 7.5 5 -1
1008 IN 1009 1022 40 0.5 6 -1
1009 IN 1010 1015 101 0.5 7 -1
1010 IN 1011 1014 29 0.5 8 -1
1011 IN 1012 1013 76 0.5 9 -1
1012 LN -1 -1 -1 -1 10 0
1013 LN -1 -1 -1 -1 10 0
1014 LN -1 -1 -1 -1 9 0
1015 IN 1016 1019 30 0.5 8 -1
1016 IN 1017 1018 0 57.5 9 -1
1017 LN -1 -1 -1 -1 10 0
1018 LN -1 -1 -1 -1 10 0
1019 IN 1020 1021 0 62.5 9 -1
1020 LN -1 -1 -1 -1 10 0
1021 LN -1 -1 -1 -1 10 0
1022 IN 1023 1028 75 0.5 7 -1
1023 IN 1024 1027 87 19.0 8 -1
1024 IN 1025 1026 110 0.5 9 -1
1025 LN -1 -1 -1 -1 10 0
1026 LN -1 -1 -1 -1 10 1
1027 LN -1 -1 -1 -1 9 0
1028 IN 1029 1030 47 0.5 8 -1
1029 LN -1 -1 -1 -1 9 1
1030 LN -1 -1 -1 -1 9 1
1031 IN 1032 1041 100 0.5 6 -1
1032 IN 1033 1040 66 0.5 7 -1
1033 IN 1034 1037 9 0.5 8 -1
1034 IN 1035 1036 0 54.5 9 -1
1035 LN -1 -1 -1 -1 10 0
1036 LN -1 -1 -1 -1 10 0
1037 IN 1038 1039 65 0.5 9 -1
1038 LN -1 -1 -1 -1 10 0
1039 LN -1 -1 -1 -1 10 1
1040 LN -1 -1 -1 -1 8 1
1041 IN 1042 1049 135 0.5 7 -1
1042 IN 1043 1046 141 0.5 8 -1
1043 IN 1044 1045 3 1050.0 9 -1
1044 LN -1 -1 -1 -1 10 1
1045 LN -1 -1 -1 -1 10 0
1046 IN 1047 1048 15 0.5 9 -1
1047 LN -1 -1 -1 -1 10 1
1048 LN -1 -1 -1 -1 10 1
1049 LN -1 -1 -1 -1 8 0
1050 IN 1051 1062 123 0.5 5 -1
1051 IN 1052 1059 129 0.5 6 -1
1052 IN 1053 1058 86 26.5 7 -1
1053 IN 1054 1055 105 0.5 8 -1
1054 LN -1 -1 -1 -1 9 1
1055 IN 1056 1057 47 0.5 9 -1
1056 LN -1 -1 -1 -1 10 1
1057 LN -1 -1 -1 -1 10 1
1058 LN -1 -1 -1 -1 8 1
1059 IN 1060 1061 64 0.5 7 -1
1060 LN -1 -1 -1 -1 8 0
1061 LN -1 -1 -1 -1 8 1
1062 IN 1063 1064 21 0.5 6 -1
1063 LN -1 -1 -1 -1 7 0
1064 LN -1 -1 -1 -1 7 1

[TREE 10]
NB_NODES: 995
0 IN 1 534 135 0.5 0 -1
1 IN 2 279 65 0.5 1 -1
2 IN 3 128 18 6.5 2 -1
3 IN 4 95 82 0.5 3 -1
4 IN 5 56 100 0.5 4 -1
5 IN 6 31 111 161.5 5 -1
6 IN 7 16 137 0.5 6 -1
7 IN 8 15 14 0.5 7 -1
8 IN 9 12 29 0.5 8 -1
9 IN 10 11 129 0.5 9 -1
10 LN -1 -1 -1 -1 10 0
11 LN -1 -1 -1 -1 10 0
12 IN 13 14 123 0.5 9 -1
13 LN -1 -1 -1 -1 10 1
14 LN -1 -1 -1 -1 10 0
15 LN -1 -1 -1 -1 8 1
16 IN 17 24 144 4.5 7 -1
17 IN 18 21 106 0.5 8 -1
18 IN 19 20 77 0.5 9 -1
19 LN -1 -1 -1 -1 10 1
20 LN -1 -1 -1 -1 10 1
21 IN 22 23 144 2.5 9 -1
22 LN -1 -1 -1 -1 10 0
23 LN -1 -1 -1 -1 10 0
24 IN 25 28 7 0.5 8 -1
25 IN 26 27 118 0.5 9 -1
26 LN -1 -1 -1 -1 10 0
27 LN -1 -1 -1 -1 10 1
28 IN 29 30 17 0.5 9 -1
29 LN -1 -1 -1 -1 10 1
30 LN -1 -1 -1 -1 10 1
31 IN 32 47 66 0.5 6 -1
32 IN 33 40 85 0.5 7 -1
33 IN 34 37 51 0.5 8 -1
34 IN 35 36 151 2.5 9 -1
35 LN -1 -1 -1 -1 10 0
36 LN -1 -1 -1 -1 10 0
37 IN 38 39 58 0.5 9 -1
38 LN -1 -1 -1 -1 10 0
39 LN -1 -1 -1 -1 10 1
40 IN 41 44 123 0.5 8 -1
41 IN 42 43 0 58.5 9 -1
42 LN -1 -1 -1 -1 10 0
43 LN -1 -1 -1 -1 10 1
44 IN 45 46 23 0.5 9 -1
45 LN -1 -1 -1 -1 10 0
46 LN -1 -1 -1 -1 10 0
47 IN 48 51 110 0.5 7 -1
48 IN 49 50 34 0.5 8 -1
49 LN -1 -1 -1 -1 9 1
50 LN -1 -1 -1 -1 9 1
51 IN 52 55 54 0.5 8 -1
52 IN 53 54 123 0.5 9 -1
53 LN -1 -1 -1 -1 10 0
54 LN -1 -1 -1 -1 10 1
55 LN -1 -1 -1 -1 9 1
56 IN 57 74 23 0.5 5 -1
57 IN 58 59 86 11.5 6 -1
58 LN -1 -1 -1 -1 7 0
59 IN 60 67 78 0.5 7 -1
60 IN 61 64 22 0.5 8 -1
61 IN 62 63 72 0.5 9 -1
62 LN -1 -1 -1 -1 10 1
63 LN -1 -1 -1 -1 10 1
64 IN 65 66 149 0.5 9 -1
65 LN -1 -1 -1 -1 10 0
66 LN -1 -1 -1 -1 10 1
67 IN 68 71 18 4.5 8 -1
68 IN 69 70 27 0.5 9 -1
69 LN -1 -1 -1 -1 10 1
70 LN -1 -1 -1 -1 10 0
71 IN 72 73 117 0.5 9 -1
72 LN -1 -1 -1 -1 10 1
73 LN -1 -1 -1 -1 10 1
74 IN 75 86 58 0.5 6 -1
75 IN 76 81 128 0.5 7 -1
76 IN 77 78 51 0.5 8 -1
77 LN -1 -1 -1 -1 9 0
78 IN 79 80 123 0.5 9 -1
79 LN -1 -1 -1 -1 10 1
80 LN -1 -1 -1 -1 10 0
81 IN 82 83 115 0.5 8 -1
82 LN -1 -1 -1 -1 9 0
83 IN 84 85 105 0.5 9 -1
84 LN -1 -1 -1 -1 10 0
85 LN -1 -1 -1 -1 10 1
86 IN 87 94 86 31.0 7 -1
87 IN 88 91 143 0.5 8 -1
88 IN 89 90 138 0.5 9 -1
89 LN -1 -1 -1 -1 10 0
90 LN -1 -1 -1 -1 10 0
91 IN 92 93 34 0.5 9 -1
92 LN -1 -1 -1 -1 10 1
93 LN -1 -1 -1 -1 10 1
94 LN -1 -1 -1 -1 8 1
95 IN 96 113 96 0.5 4 -1
96 IN 97 108 15 0.5 5 -1
97 IN 98 107 87 23.5 6 -1
98 IN 99 106 110 0.5 7 -1
99 IN 100 103 57 0.5 8 -1
100 IN 101 102 122 0.5 9 -1
101 LN -1 -1 -1 -1 10 1
102 LN -1 -1 -1 -1 10 0
103 IN 104 105 144 6.0 9 -1
104 LN -1 -1 -1 -1 10 0
105 LN -1 -1 -1 -1 10 0
106 LN -1 -1 -1 -1 8 1
107 LN -1 -1 -1 -1 7 0
108 IN 109 112 23 0.5 6 -1
109 IN 110 111 86 15.0 7 -1
110 LN -1 -1 -1 -1 8 1
111 LN -1 -1 -1 -1 8 1
112 LN -1 -1 -1 -1 7 0
113 IN 114 127 118 0.5 5 -1
114 IN 115 126 0 68.5 6 -1
115 IN 116 121 51 0.5 7 -1
116 IN 117 120 69 0.5 8 -1
117 IN 118 119 66 0.5 9 -1
118 LN -1 -1 -1 -1 10 0
119 LN -1 -1 -1 -1 10 1
120 LN -1 -1 -1 -1 9 0
121 IN 122 125 30 0.5 8 -1
122 IN 123 124 124 0.5 9 -1
123 LN -1 -1 -1 -1 10 1
124 LN -1 -1 -1 -1 10 0
125 LN -1 -1 -1 -1 9 0
126 LN -1 -1 -1 -1 7 0
127 LN -1 -1 -1 -1 6 1
128 IN 129 204 150 0.5 3 -1
129 IN 130 165 21 0.5 4 -1
130 IN 131 158 66 0.5 5 -1
131 IN 132 147 1 0.5 6 -1
132 IN 133 140 151 0.5 7 -1
133 IN 134 137 76 0.5 8 -1
134 IN 135 136 0 65.0 9 -1
135 LN -1 -1 -1 -1 10 1
136 LN -1 -1 -1 -1 10 0
137 IN 138 139 45 0.5 9 -1
138 LN -1 -1 -1 -1 10 1
139 LN -1 -1 -1 -1 10 0
140 IN 141 144 97 0.5 8 -1
141 IN 142 143 0 79.5 9 -1
142 LN -1 -1 -1 -1 10 0
143 LN -1 -1 -1 -1 10 1
144 IN 145 146 86 17.5 9 -1
145 LN -1 -1 -1 -1 10 0
146 LN -1 -1 -1 -1 10 0
147 IN 148 153 130 0.5 7 -1
148 IN 149 152 33 0.5 8 -1
149 IN 150 151 105 0.5 9 -1
150 LN -1 -1 -1 -1 10 0
151 LN -1 -1 -1 -1 10 0
152 LN -1 -1 -1 -1 9 0
153 IN 154 157 80 0.5 8 -1
154 IN 155 156 85 0.5 9 -1
155 LN -1 -1 -1 -1 10 0
156 LN -1 -1 -1 -1 10 0
157 LN -1 -1 -1 -1 9 0
158 IN 159 162 86 23.0 6 -1
159 IN 160 161 34 0.5 7 -1
160 LN -1 -1 -1 -1 8 1
161 LN -1 -1 -1 -1 8 1
162 IN 163 164 82 0.5 7 -1
163 LN -1 -1 -1 -1 8 1
164 LN -1 -1 -1 -1 8 0
165 IN 166 179 92 0.5 5 -1
166 IN 167 176 42 0.5 6 -1
167 IN 168 175 18 9.5 7 -1
168 IN 169 172 41 0.5 8 -1
169 IN 170 171 138 0.5 9 -1
170 LN -1 -1 -1 -1 10 0
171 LN -1 -1 -1 -1 10 0
172 IN 173 174 111 153.0 9 -1
173 LN -1 -1 -1 -1 10 1
174 LN -1 -1 -1 -1 10 1
175 LN -1 -1 -1 -1 8 0
176 IN 177 178 90 0.5 7 -1
177 LN -1 -1 -1 -1 8 0
178 LN -1 -1 -1 -1 8 1
179 IN 180 193 100 0.5 6 -1
180 IN 181 188 105 0.5 7 -1
181 IN 182 185 0 71.0 8 -1
182 IN 183 184 36 0.5 9 -1
183 LN -1 -1 -1 -1 10 0
184 LN -1 -1 -1 -1 10 0
185 IN 186 187 0 82.0 9 -1
186 LN -1 -1 -1 -1 10 1
187 LN -1 -1 -1 -1 10 0
188 IN 189 192 82 0.5 8 -1
189 IN 190 191 39 0.5 9 -1
190 LN -1 -1 -1 -1 10 0
191 LN -1 -1 -1 -1 10 1
192 LN -1 -1 -1 -1 9 0
193 IN 194 199 116 0.5 7 -1
194 IN 195 198 28 0.5 8 -1
195 IN 196 197 47 0.5 9 -1
196 LN -1 -1 -1 -1 10 0
197 LN -1 -1 -1 -1 10 1
198 LN -1 -1 -1 -1 9 1
199 IN 200 203 0 63.5 8 -1
200 IN 201 202 111 167.5 9 -1
201 LN -1 -1 -1 -1 10 0
202 LN -1 -1 -1 -1 10 0
203 LN -1 -1 -1 -1 9 1
204 IN 205 256 33 0.5 4 -1
205 IN 206 235 90 0.5 5 -1
206 IN 207 222 143 0.5 6 -1
207 IN 208 215 1 0.5 7 -1
208 IN 209 212 36 0.5 8 -1
209 IN 210 211 81 0.5 9 -1
210 LN -1 -1 -1 -1 10 0
211 LN -1 -1 -1 -1 10 0
212 IN 213 214 124 0.5 9 -1
213 LN -1 -1 -1 -1 10 0
214 LN -1 -1 -1 -1 10 0
215 IN 216 219 121 0.5 8 -1
216 IN 217 218 114 0.5 9 -1
217 LN -1 -1 -1 -1 10 0
218 LN -1 -1 -1 -1 10 0
219 IN 220 221 87 14.0 9 -1
220 LN -1 -1 -1 -1 10 0
221 LN -1 -1 -1 -1 10 0
222 IN 223 228 18 7.5 7 -1
223 IN 224 225 151 0.5 8 -1
224 LN -1 -1 -1 -1 9 1
225 IN 226 227 111 165.5 9 -1
226 LN -1 -1 -1 -1 10 1
227 LN -1 -1 -1 -1 10 0
228 IN 229 232 102 0.5 8 -1
229 IN 230 231 2 0.5 9 -1
230 LN -1 -1 -1 -1 10 0
231 LN -1 -1 -1 -1 10 1
232 IN 233 234 47 0.5 9 -1
233 LN -1 -1 -1 -1 10 0
234 LN -1 -1 -1 -1 10 0
235 IN 236 247 151 4.5 6 -1
236 IN 237 244 15 0.5 7 -1
237 IN 238 241 86 17.5 8 -1
238 IN 239 240 86 15.5 9 -1
239 LN -1 -1 -1 -1 10 0
240 LN -1 -1 -1 -1 10 1
241 IN 242 243 27 0.5 9 -1
242 LN -1 -1 -1 -1 10 0
243 LN -1 -1 -1 -1 10 0
244 IN 245 246 122 0.5 8 -1
245 LN -1 -1 -1 -1 9 0
246 LN -1 -1 -1 -1 9 0
247 IN 248 255 46 0.5 7 -1
248 IN 249 252 0 59.5 8 -1
249 IN 250 251 57 0.5 9 -1
250 LN -1 -1 -1 -1 10 1
251 LN -1 -1 -1 -1 10 0
252 IN 253 254 87 22.5 9 -1
253 LN -1 -1 -1 -1 10 0
254 LN -1 -1 -1 -1 10 0
255 LN -1 -1 -1 -1 8 0
256 IN 257 270 2 0.5 5 -1
257 IN 258 269 59 0.5 6 -1
258 IN 259 264 100 0.5 7 -1
259 IN 260 263 51 0.5 8 -1
260 IN 261 262 151 2.0 9 -1
261 LN -1 -1 -1 -1 10 0
262 LN -1 -1 -1 -1 10 0
263 LN -1 -1 -1 -1 9 0
264 IN 265 266 54 0.5 8 -1
265 LN -1 -1 -1 -1 9 1
266 IN 267 268 114 0.5 9 -1
267 LN -1 -1 -1 -1 10 0
268 LN -1 -1 -1 -1 10 1
269 LN -1 -1 -1 -1 7 0
270 IN 271 278 141 0.5 6 -1
271 IN 272 277 58 0.5 7 -1
272 IN 273 276 53 0.5 8 -1
273 IN 274 275 100 0.5 9 -1
274 LN -1 -1 -1 -1 10 1
275 LN -1 -1 -1 -1 10 1
276 LN -1 -1 -1 -1 9 1
277 LN -1 -1 -1 -1 8 1
278 LN -1 -1 -1 -1 7 0
279 IN 280 435 138 0.5 2 -1
280 IN 281 368 1 0.5 3 -1
281 IN 282 337 97 0.5 4 -1
282 IN 283 314 14 0.5 5 -1
283 IN 284 299 18 7.5 6 -1
284 IN 285 292 122 0.5 7 -1
285 IN 286 289 93 0.5 8 -1
286 IN 287 288 131 0.5 9 -1
287 LN -1 -1 -1 -1 10 1
288 LN -1 -1 -1 -1 10 1
289 IN 290 291 27 0.5 9 -1
290 LN -1 -1 -1 -1 10 1
291 LN -1 -1 -1 -1 10 1
292 IN 293 296 109 0.5 8 -1
293 IN 294 295 3 -4.999834e6 9 -1
294 LN -1 -1 -1 -1 10 0
295 LN -1 -1 -1 -1 10 1
296 IN 297 298 18 6.5 9 -1
297 LN -1 -1 -1 -1 10 1
298 LN -1 -1 -1 -1 10 1
299 IN 300 307 70 0.5 7 -1
300 IN 301 304 91 0.5 8 -1
301 IN 302 303 0 64.5 9 -1
302 LN -1 -1 -1 -1 10 1
303 LN -1 -1 -1 -1 10 1
304 IN 305 306 106 0.5 9 -1
305 LN -1 -1 -1 -1 10 0
306 LN -1 -1 -1 -1 10 0
307 IN 308 311 17 0.5 8 -1
308 IN 309 310 76 0.5 9 -1
309 LN -1 -1 -1 -1 10 0
310 LN -1 -1 -1 -1 10 0
311 IN 312 313 6 0.5 9 -1
312 LN -1 -1 -1 -1 10 1
313 LN -1 -1 -1 -1 10 0
314 IN 315 328 59 0.5 6 -1
315 IN 316 321 130 0.5 7 -1
316 IN 317 318 86 18.5 8 -1
317 LN -1 -1 -1 -1 9 1
318 IN 319 320 87 27.5 9 -1
319 LN -1 -1 -1 -1 10 1
320 LN -1 -1 -1 -1 10 1
321 IN 322 325 40 0.5 8 -1
322 IN 323 324 109 0.5 9 -1
323 LN -1 -1 -1 -1 10 1
324 LN -1 -1 -1 -1 10 1
325 IN 326 327 111 156.0 9 -1
326 LN -1 -1 -1 -1 10 0
327 LN -1 -1 -1 -1 10 0
328 IN 329 336 117 0.5 7 -1
329 IN 330 333 51 0.5 8 -1
330 IN 331 332 124 0.5 9 -1
331 LN -1 -1 -1 -1 10 1
332 LN -1 -1 -1 -1 10 0
333 IN 334 335 78 0.5 9 -1
334 LN -1 -1 -1 -1 10 1
335 LN -1 -1 -1 -1 10 1
336 LN -1 -1 -1 -1 8 0
337 IN 338 357 23 0.5 5 -1
338 IN 339 352 72 0.5 6 -1
339 IN 340 347 131 0.5 7 -1
340 IN 341 344 28 0.5 8 -1
341 IN 342 343 0 49.5 9 -1
342 LN -1 -1 -1 -1 10 1
343 LN -1 -1 -1 -1 10 0
344 IN 345 346 111 161.5 9 -1
345 LN -1 -1 -1 -1 10 1
346 LN -1 -1 -1 -1 10 0
347 IN 348 349 18 7.5 8 -1
348 LN -1 -1 -1 -1 9 1
349 IN 350 351 29 0.5 9 -1
350 LN -1 -1 -1 -1 10 0
351 LN -1 -1 -1 -1 10 0
352 IN 353 356 33 0.5 7 -1
353 IN 354 355 144 9.0 8 -1
354 LN -1 -1 -1 -1 9 1
355 LN -1 -1 -1 -1 9 0
356 LN -1 -1 -1 -1 8 1
357 IN 358 365 53 0.5 6 -1
358 IN 359 360 48 0.5 7 -1
359 LN -1 -1 -1 -1 8 1
360 IN 361 364 92 0.5 8 -1
361 IN 362 363 115 0.5 9 -1
362 LN -1 -1 -1 -1 10 0
363 LN -1 -1 -1 -1 10 0
364 LN -1 -1 -1 -1 9 1
365 IN 366 367 41 0.5 7 -1
366 LN -1 -1 -1 -1 8 0
367 LN -1 -1 -1 -1 8 0
368 IN 369 422 33 0.5 4 -1
369 IN 370 399 58 0.5 5 -1
370 IN 371 386 29 0.5 6 -1
371 IN 372 379 151 3.5 7 -1
372 IN 373 376 22 0.5 8 -1
373 IN 374 375 91 0.5 9 -1
374 LN -1 -1 -1 -1 10 1
375 LN -1 -1 -1 -1 10 0
376 IN 377 378 3 747.0 9 -1
377 LN -1 -1 -1 -1 10 0
378 LN -1 -1 -1 -1 10 0
379 IN 380 383 57 0.5 8 -1
380 IN 381 382 143 0.5 9 -1
381 LN -1 -1 -1 -1 10 1
382 LN -1 -1 -1 -1 10 0
383 IN 384 385 0 77.5 9 -1
384 LN -1 -1 -1 -1 10 1
385 LN -1 -1 -1 -1 10 1
386 IN 387 394 142 0.5 7 -1
387 IN 388 391 93 0.5 8 -1
388 IN 389 390 70 0.5 9 -1
389 LN -1 -1 -1 -1 10 1
390 LN -1 -1 -1 -1 10 1
391 IN 392 393 141 0.5 9 -1
392 LN -1 -1 -1 -1 10 1
393 LN -1 -1 -1 -1 10 0
394 IN 395 396 6 0.5 8 -1
395 LN -1 -1 -1 -1 9 0
396 IN 397 398 130 0.5 9 -1
397 LN -1 -1 -1 -1 10 0
398 LN -1 -1 -1 -1 10 1
399 IN 400 413 47 0.5 6 -1
400 IN 401 406 87 15.5 7 -1
401 IN 402 405 9 0.5 8 -1
402 IN 403 404 114 0.5 9 -1
403 LN -1 -1 -1 -1 10 0
404 LN -1 -1 -1 -1 10 0
405 LN -1 -1 -1 -1 9 0
406 IN 407 410 141 0.5 8 -1
407 IN 408 409 48 0.5 9 -1
408 LN -1 -1 -1 -1 10 0
409 LN -1 -1 -1 -1 10 0
410 IN 411 412 51 0.5 9 -1
411 LN -1 -1 -1 -1 10 1
412 LN -1 -1 -1 -1 10 1
413 IN 414 415 96 0.5 7 -1
414 LN -1 -1 -1 -1 8 0
415 IN 416 419 3 1176.5 8 -1
416 IN 417 418 111 171.5 9 -1
417 LN -1 -1 -1 -1 10 0
418 LN -1 -1 -1 -1 10 0
419 IN 420 421 15 0.5 9 -1
420 LN -1 -1 -1 -1 10 1
421 LN -1 -1 -1 -1 10 1
422 IN 423 430 92 0.5 5 -1
423 IN 424 427 51 0.5 6 -1
424 IN 425 426 117 0.5 7 -1
425 LN -1 -1 -1 -1 8 0
426 LN -1 -1 -1 -1 8 0
427 IN 428 429 117 0.5 7 -1
428 LN -1 -1 -1 -1 8 1
429 LN -1 -1 -1 -1 8 1
430 IN 431 434 21 0.5 6 -1
431 IN 432 433 87 16.5 7 -1
432 LN -1 -1 -1 -1 8 1
433 LN -1 -1 -1 -1 8 1
434 LN -1 -1 -1 -1 7 1
435 IN 436 511 24 0.5 3 -1
436 IN 437 480 51 0.5 4 -1
437 IN 438 461 40 0.5 5 -1
438 IN 439 446 111 155.5 6 -1
439 IN 440 445 52 0.5 7 -1
440 IN 441 442 17 0.5 8 -1
441 LN -1 -1 -1 -1 9 0
442 IN 443 444 102 0.5 9 -1
443 LN -1 -1 -1 -1 10 0
444 LN -1 -1 -1 -1 10 0
445 LN -1 -1 -1 -1 8 0
446 IN 447 454 111 171.5 7 -1
447 IN 448 451 144 8.5 8 -1
448 IN 449 450 82 0.5 9 -1
449 LN -1 -1 -1 -1 10 1
450 LN -1 -1 -1 -1 10 0
451 IN 452 453 33 0.5 9 -1
452 LN -1 -1 -1 -1 10 0
453 LN -1 -1 -1 -1 10 0
454 IN 455 458 151 4.5 8 -1
455 IN 456 457 1 0.5 9 -1
456 LN -1 -1 -1 -1 10 0
457 LN -1 -1 -1 -1 10 0
458 IN 459 460 102 0.5 9 -1
459 LN -1 -1 -1 -1 10 1
460 LN -1 -1 -1 -1 10 0
461 IN 462 467 87 11.5 6 -1
462 IN 463 466 91 0.5 7 -1
463 IN 464 465 100 0.5 8 -1
464 LN -1 -1 -1 -1 9 1
465 LN -1 -1 -1 -1 9 1
466 LN -1 -1 -1 -1 8 0
467 IN 468 475 28 0.5 7 -1
468 IN 469 472 86 19.5 8 -1
469 IN 470 471 34 0.5 9 -1
470 LN -1 -1 -1 -1 10 0
471 LN -1 -1 -1 -1 10 0
472 IN 473 474 18 8.5 9 -1
473 LN -1 -1 -1 -1 10 0
474 LN -1 -1 -1 -1 10 0
475 IN 476 479 14 0.5 8 -1
476 IN 477 478 77 0.5 9 -1
477 LN -1 -1 -1 -1 10 1
478 LN -1 -1 -1 -1 10 0
479 LN -1 -1 -1 -1 9 1
480 IN 481 502 130 0.5 5 -1
481 IN 482 497 78 0.5 6 -1
482 IN 483 490 123 0.5 7 -1
483 IN 484 487 86 11.5 8 -1
484 IN 485 486 92 0.5 9 -1
485 LN -1 -1 -1 -1 10 1
486 LN -1 -1 -1 -1 10 1
487 IN 488 489 59 0.5 9 -1
488 LN -1 -1 -1 -1 10 0
489 LN -1 -1 -1 -1 10 1
490 IN 491 494 129 0.5 8 -1
491 IN 492 493 149 0.5 9 -1
492 LN -1 -1 -1 -1 10 1
493 LN -1 -1 -1 -1 10 0
494 IN 495 496 40 0.5 9 -1
495 LN -1 -1 -1 -1 10 1
496 LN -1 -1 -1 -1 10 0
497 IN 498 499 2 0.5 7 -1
498 LN -1 -1 -1 -1 8 1
499 IN 500 501 17 0.5 8 -1
500 LN -1 -1 -1 -1 9 1
501 LN -1 -1 -1 -1 9 1
502 IN 503 510 111 172.5 6 -1
503 IN 504 509 16 0.5 7 -1
504 IN 505 508 46 0.5 8 -1
505 IN 506 507 48 0.5 9 -1
506 LN -1 -1 -1 -1 10 1
507 LN -1 -1 -1 -1 10 1
508 LN -1 -1 -1 -1 9 0
509 LN -1 -1 -1 -1 8 1
510 LN -1 -1 -1 -1 7 0
511 IN 512 525 1 0.5 4 -1
512 IN 513 524 42 0.5 5 -1
513 IN 514 521 77 0.5 6 -1
514 IN 515 520 3 1850.0 7 -1
515 IN 516 519 76 0.5 8 -1
516 IN 517 518 0 62.0 9 -1
517 LN -1 -1 -1 -1 10 1
518 LN -1 -1 -1 -1 10 1
519 LN -1 -1 -1 -1 9 0
520 LN -1 -1 -1 -1 8 0
521 IN 522 523 17 0.5 7 -1
522 LN -1 -1 -1 -1 8 1
523 LN -1 -1 -1 -1 8 1
524 LN -1 -1 -1 -1 6 1
525 IN 526 531 93 0.5 5 -1
526 IN 527 528 70 0.5 6 -1
527 LN -1 -1 -1 -1 7 0
528 IN 529 530 102 0.5 7 -1
529 LN -1 -1 -1 -1 8 0
530 LN -1 -1 -1 -1 8 1
531 IN 532 533 58 0.5 6 -1
532 LN -1 -1 -1 -1 7 1
533 LN -1 -1 -1 -1 7 1
534 IN 535 820 137 0.5 1 -1
535 IN 536 717 130 0.5 2 -1
536 IN 537 638 77 0.5 3 -1
537 IN 538 589 2 0.5 4 -1
538 IN 539 560 105 0.5 5 -1
539 IN 540 553 65 0.5 6 -1
540 IN 541 548 51 0.5 7 -1
541 IN 542 545 22 0.5 8 -1
542 IN 543 544 30 0.5 9 -1
543 LN -1 -1 -1 -1 10 0
544 LN -1 -1 -1 -1 10 0
545 IN 546 547 15 0.5 9 -1
546 LN -1 -1 -1 -1 10 0
547 LN -1 -1 -1 -1 10 0
548 IN 549 550 0 55.5 8 -1
549 LN -1 -1 -1 -1 9 0
550 IN 551 552 151 2.5 9 -1
551 LN -1 -1 -1 -1 10 0
552 LN -1 -1 -1 -1 10 0
553 IN 554 559 0 74.5 7 -1
554 IN 555 558 148 0.5 8 -1
555 IN 556 557 92 0.5 9 -1
556 LN -1 -1 -1 -1 10 0
557 LN -1 -1 -1 -1 10 1
558 LN -1 -1 -1 -1 9 0
559 LN -1 -1 -1 -1 8 0
560 IN 561 576 7 0.5 6 -1
561 IN 562 569 40 0.5 7 -1
562 IN 563 566 131 0.5 8 -1
563 IN 564 565 18 6.5 9 -1
564 LN -1 -1 -1 -1 10 0
565 LN -1 -1 -1 -1 10 0
566 IN 567 568 76 0.5 9 -1
567 LN -1 -1 -1 -1 10 0
568 LN -1 -1 -1 -1 10 0
569 IN 570 573 110 0.5 8 -1
570 IN 571 572 64 0.5 9 -1
571 LN -1 -1 -1 -1 10 0
572 LN -1 -1 -1 -1 10 0
573 IN 574 575 22 0.5 9 -1
574 LN -1 -1 -1 -1 10 0
575 LN -1 -1 -1 -1 10 0
576 IN 577 584 3 77583.5 7 -1
577 IN 578 581 84 0.5 8 -1
578 IN 579 580 0 50.5 9 -1
579 LN -1 -1 -1 -1 10 0
580 LN -1 -1 -1 -1 10 0
581 IN 582 583 111 161.5 9 -1
582 LN -1 -1 -1 -1 10 0
583 LN -1 -1 -1 -1 10 0
584 IN 585 588 70 0.5 8 -1
585 IN 586 587 111 173.0 9 -1
586 LN -1 -1 -1 -1 10 1
587 LN -1 -1 -1 -1 10 0
588 LN -1 -1 -1 -1 9 0
589 IN 590 621 65 0.5 5 -1
590 IN 591 606 64 0.5 6 -1
591 IN 592 599 28 0.5 7 -1
592 IN 593 596 75 0.5 8 -1
593 IN 594 595 92 0.5 9 -1
594 LN -1 -1 -1 -1 10 0
595 LN -1 -1 -1 -1 10 0
596 IN 597 598 81 0.5 9 -1
597 LN -1 -1 -1 -1 10 0
598 LN -1 -1 -1 -1 10 0
599 IN 600 603 57 0.5 8 -1
600 IN 601 602 3 720.0 9 -1
601 LN -1 -1 -1 -1 10 0
602 LN -1 -1 -1 -1 10 0
603 IN 604 605 121 0.5 9 -1
604 LN -1 -1 -1 -1 10 0
605 LN -1 -1 -1 -1 10 0
606 IN 607 614 46 0.5 7 -1
607 IN 608 611 18 7.5 8 -1
608 IN 609 610 42 0.5 9 -1
609 LN -1 -1 -1 -1 10 0
610 LN -1 -1 -1 -1 10 0
611 IN 612 613 124 0.5 9 -1
612 LN -1 -1 -1 -1 10 0
613 LN -1 -1 -1 -1 10 0
614 IN 615 618 0 47.5 8 -1
615 IN 616 617 83 0.5 9 -1
616 LN -1 -1 -1 -1 10 1
617 LN -1 -1 -1 -1 10 1
618 IN 619 620 18 7.5 9 -1
619 LN -1 -1 -1 -1 10 0
620 LN -1 -1 -1 -1 10 0
621 IN 622 633 114 0.5 6 -1
622 IN 623 630 72 0.5 7 -1
623 IN 624 627 70 0.5 8 -1
624 IN 625 626 23 0.5 9 -1
625 LN -1 -1 -1 -1 10 0
626 LN -1 -1 -1 -1 10 0
627 IN 628 629 109 0.5 9 -1
628 LN -1 -1 -1 -1 10 0
629 LN -1 -1 -1 -1 10 1
630 IN 631 632 78 0.5 8 -1
631 LN -1 -1 -1 -1 9 0
632 LN -1 -1 -1 -1 9 1
633 IN 634 637 82 0.5 7 -1
634 IN 635 636 127 0.5 8 -1
635 LN -1 -1 -1 -1 9 1
636 LN -1 -1 -1 -1 9 1
637 LN -1 -1 -1 -1 8 1
638 IN 639 686 52 0.5 4 -1
639 IN 640 665 54 0.5 5 -1
640 IN 641 652 28 0.5 6 -1
641 IN 642 647 3 2072.5 7 -1
642 IN 643 646 60 0.5 8 -1
643 IN 644 645 48 0.5 9 -1
644 LN -1 -1 -1 -1 10 0
645 LN -1 -1 -1 -1 10 0
646 LN -1 -1 -1 -1 9 0
647 IN 648 651 53 0.5 8 -1
648 IN 649 650 83 0.5 9 -1
649 LN -1 -1 -1 -1 10 0
650 LN -1 -1 -1 -1 10 0
651 LN -1 -1 -1 -1 9 0
652 IN 653 660 59 0.5 7 -1
653 IN 654 657 0 61.5 8 -1
654 IN 655 656 3 627.0 9 -1
655 LN -1 -1 -1 -1 10 0
656 LN -1 -1 -1 -1 10 0
657 IN 658 659 18 6.5 9 -1
658 LN -1 -1 -1 -1 10 1
659 LN -1 -1 -1 -1 10 0
660 IN 661 664 8 0.5 8 -1
661 IN 662 663 150 0.5 9 -1
662 LN -1 -1 -1 -1 10 1
663 LN -1 -1 -1 -1 10 1
664 LN -1 -1 -1 -1 9 1
665 IN 666 677 82 0.5 6 -1
666 IN 667 674 23 0.5 7 -1
667 IN 668 671 64 0.5 8 -1
668 IN 669 670 87 35.0 9 -1
669 LN -1 -1 -1 -1 10 0
670 LN -1 -1 -1 -1 10 1
671 IN 672 673 36 0.5 9 -1
672 LN -1 -1 -1 -1 10 0
673 LN -1 -1 -1 -1 10 0
674 IN 675 676 46 0.5 8 -1
675 LN -1 -1 -1 -1 9 0
676 LN -1 -1 -1 -1 9 1
677 IN 678 683 89 0.5 7 -1
678 IN 679 682 147 0.5 8 -1
679 IN 680 681 87 23.0 9 -1
680 LN -1 -1 -1 -1 10 0
681 LN -1 -1 -1 -1 10 0
682 LN -1 -1 -1 -1 9 0
683 IN 684 685 111 179.5 8 -1
684 LN -1 -1 -1 -1 9 0
685 LN -1 -1 -1 -1 9 0
686 IN 687 708 16 0.5 5 -1
687 IN 688 699 101 0.5 6 -1
688 IN 689 694 109 0.5 7 -1
689 IN 690 693 8 0.5 8 -1
690 IN 691 692 22 0.5 9 -1
691 LN -1 -1 -1 -1 10 0
692 LN -1 -1 -1 -1 10 0
693 LN -1 -1 -1 -1 9 0
694 IN 695 698 27 0.5 8 -1
695 IN 696 697 82 0.5 9 -1
696 LN -1 -1 -1 -1 10 0
697 LN -1 -1 -1 -1 10 0
698 LN -1 -1 -1 -1 9 0
699 IN 700 705 97 0.5 7 -1
700 IN 701 704 122 0.5 8 -1
701 IN 702 703 151 2.0 9 -1
702 LN -1 -1 -1 -1 10 0
703 LN -1 -1 -1 -1 10 1
704 LN -1 -1 -1 -1 9 0
705 IN 706 707 0 68.5 8 -1
706 LN -1 -1 -1 -1 9 1
707 LN -1 -1 -1 -1 9 1
708 IN 709 710 40 0.5 6 -1
709 LN -1 -1 -1 -1 7 0
710 IN 711 716 150 0.5 7 -1
711 IN 712 715 121 0.5 8 -1
712 IN 713 714 28 0.5 9 -1
713 LN -1 -1 -1 -1 10 0
714 LN -1 -1 -1 -1 10 1
715 LN -1 -1 -1 -1 9 0
716 LN -1 -1 -1 -1 8 0
717 IN 718 741 18 7.5 3 -1
718 IN 719 738 66 0.5 4 -1
719 IN 720 735 118 0.5 5 -1
720 IN 721 734 81 0.5 6 -1
721 IN 722 729 77 0.5 7 -1
722 IN 723 726 0 52.5 8 -1
723 IN 724 725 3 -4.999246e6 9 -1
724 LN -1 -1 -1 -1 10 1
725 LN -1 -1 -1 -1 10 1
726 IN 727 728 2 0.5 9 -1
727 LN -1 -1 -1 -1 10 0
728 LN -1 -1 -1 -1 10 0
729 IN 730 731 144 3.5 8 -1
730 LN -1 -1 -1 -1 9 0
731 IN 732 733 70 0.5 9 -1
732 LN -1 -1 -1 -1 10 0
733 LN -1 -1 -1 -1 10 0
734 LN -1 -1 -1 -1 7 0
735 IN 736 737 151 4.0 6 -1
736 LN -1 -1 -1 -1 7 0
737 LN -1 -1 -1 -1 7 1
738 IN 739 740 71 0.5 5 -1
739 LN -1 -1 -1 -1 6 1
740 LN -1 -1 -1 -1 6 1
741 IN 742 795 92 0.5 4 -1
742 IN 743 770 106 0.5 5 -1
743 IN 744 755 0 60.5 6 -1
744 IN 745 750 51 0.5 7 -1
745 IN 746 747 151 1.5 8 -1
746 LN -1 -1 -1 -1 9 0
747 IN 748 749 102 0.5 9 -1
748 LN -1 -1 -1 -1 10 0
749 LN -1 -1 -1 -1 10 0
750 IN 751 752 69 0.5 8 -1
751 LN -1 -1 -1 -1 9 1
752 IN 753 754 86 13.5 9 -1
753 LN -1 -1 -1 -1 10 1
754 LN -1 -1 -1 -1 10 0
755 IN 756 763 150 0.5 7 -1
756 IN 757 760 63 0.5 8 -1
757 IN 758 759 115 0.5 9 -1
758 LN -1 -1 -1 -1 10 0
759 LN -1 -1 -1 -1 10 0
760 IN 761 762 76 0.5 9 -1
761 LN -1 -1 -1 -1 10 0
762 LN -1 -1 -1 -1 10 0
763 IN 764 767 18 8.5 8 -1
764 IN 765 766 3 4273.0 9 -1
765 LN -1 -1 -1 -1 10 0
766 LN -1 -1 -1 -1 10 0
767 IN 768 769 144 7.0 9 -1
768 LN -1 -1 -1 -1 10 0
769 LN -1 -1 -1 -1 10 0
770 IN 771 784 144 20.5 6 -1
771 IN 772 777 64 0.5 7 -1
772 IN 773 774 97 0.5 8 -1
773 LN -1 -1 -1 -1 9 0
774 IN 775 776 6 0.5 9 -1
775 LN -1 -1 -1 -1 10 0
776 LN -1 -1 -1 -1 10 0
777 IN 778 781 85 0.5 8 -1
778 IN 779 780 151 4.5 9 -1
779 LN -1 -1 -1 -1 10 0
780 LN -1 -1 -1 -1 10 0
781 IN 782 783 124 0.5 9 -1
782 LN -1 -1 -1 -1 10 0
783 LN -1 -1 -1 -1 10 1
784 IN 785 792 90 0.5 7 -1
785 IN 786 789 0 67.0 8 -1
786 IN 787 788 39 0.5 9 -1
787 LN -1 -1 -1 -1 10 1
788 LN -1 -1 -1 -1 10 1
789 IN 790 791 64 0.5 9 -1
790 LN -1 -1 -1 -1 10 0
791 LN -1 -1 -1 -1 10 0
792 IN 793 794 63 0.5 8 -1
793 LN -1 -1 -1 -1 9 0
794 LN -1 -1 -1 -1 9 0
795 IN 796 805 6 0.5 5 -1
796 IN 797 802 54 0.5 6 -1
797 IN 798 801 22 0.5 7 -1
798 IN 799 800 30 0.5 8 -1
799 LN -1 -1 -1 -1 9 0
800 LN -1 -1 -1 -1 9 1
801 LN -1 -1 -1 -1 8 0
802 IN 803 804 0 60.0 7 -1
803 LN -1 -1 -1 -1 8 1
804 LN -1 -1 -1 -1 8 1
805 IN 806 815 48 0.5 6 -1
806 IN 807 812 52 0.5 7 -1
807 IN 808 811 71 0.5 8 -1
808 IN 809 810 0 71.5 9 -1
809 LN -1 -1 -1 -1 10 0
810 LN -1 -1 -1 -1 10 1
811 LN -1 -1 -1 -1 9 0
812 IN 813 814 39 0.5 8 -1
813 LN -1 -1 -1 -1 9 1
814 LN -1 -1 -1 -1 9 1
815 IN 816 819 1 0.5 7 -1
816 IN 817 818 111 166.0 8 -1
817 LN -1 -1 -1 -1 9 0
818 LN -1 -1 -1 -1 9 0
819 LN -1 -1 -1 -1 8 0
820 IN 821 906 71 0.5 2 -1
821 IN 822 829 18 4.5 3 -1
822 IN 823 828 150 0.5 4 -1
823 IN 824 827 91 0.5 5 -1
824 IN 825 826 86 15.5 6 -1
825 LN -1 -1 -1 -1 7 1
826 LN -1 -1 -1 -1 7 0
827 LN -1 -1 -1 -1 6 1
828 LN -1 -1 -1 -1 5 1
829 IN 830 867 18 6.5 4 -1
830 IN 831 856 24 0.5 5 -1
831 IN 832 845 45 0.5 6 -1
832 IN 833 840 106 0.5 7 -1
833 IN 834 837 85 0.5 8 -1
834 IN 835 836 52 0.5 9 -1
835 LN -1 -1 -1 -1 10 0
836 LN -1 -1 -1 -1 10 1
837 IN 838 839 33 0.5 9 -1
838 LN -1 -1 -1 -1 10 0
839 LN -1 -1 -1 -1 10 0
840 IN 841 844 121 0.5 8 -1
841 IN 842 843 0 54.5 9 -1
842 LN -1 -1 -1 -1 10 0
843 LN -1 -1 -1 -1 10 0
844 LN -1 -1 -1 -1 9 0
845 IN 846 853 7 0.5 7 -1
846 IN 847 850 64 0.5 8 -1
847 IN 848 849 51 0.5 9 -1
848 LN -1 -1 -1 -1 10 1
849 LN -1 -1 -1 -1 10 0
850 IN 851 852 87 28.5 9 -1
851 LN -1 -1 -1 -1 10 0
852 LN -1 -1 -1 -1 10 0
853 IN 854 855 141 0.5 8 -1
854 LN -1 -1 -1 -1 9 1
855 LN -1 -1 -1 -1 9 1
856 IN 857 866 130 0.5 6 -1
857 IN 858 863 100 0.5 7 -1
858 IN 859 860 111 153.5 8 -1
859 LN -1 -1 -1 -1 9 1
860 IN 861 862 149 0.5 9 -1
861 LN -1 -1 -1 -1 10 0
862 LN -1 -1 -1 -1 10 1
863 IN 864 865 0 57.5 8 -1
864 LN -1 -1 -1 -1 9 1
865 LN -1 -1 -1 -1 9 1
866 LN -1 -1 -1 -1 7 1
867 IN 868 893 78 0.5 5 -1
868 IN 869 878 2 0.5 6 -1
869 IN 870 877 9 0.5 7 -1
870 IN 871 874 23 0.5 8 -1
871 IN 872 873 3 1615.0 9 -1
872 LN -1 -1 -1 -1 10 0
873 LN -1 -1 -1 -1 10 0
874 IN 875 876 30 0.5 9 -1
875 LN -1 -1 -1 -1 10 0
876 LN -1 -1 -1 -1 10 0
877 LN -1 -1 -1 -1 8 0
878 IN 879 886 65 0.5 7 -1
879 IN 880 883 86 14.0 8 -1
880 IN 881 882 16 0.5 9 -1
881 LN -1 -1 -1 -1 10 0
882 LN -1 -1 -1 -1 10 0
883 IN 884 885 143 0.5 9 -1
884 LN -1 -1 -1 -1 10 0
885 LN -1 -1 -1 -1 10 0
886 IN 887 890 17 0.5 8 -1
887 IN 888 889 75 0.5 9 -1
888 LN -1 -1 -1 -1 10 1
889 LN -1 -1 -1 -1 10 0
890 IN 891 892 114 0.5 9 -1
891 LN -1 -1 -1 -1 10 0
892 LN -1 -1 -1 -1 10 1
893 IN 894 905 87 35.0 6 -1
894 IN 895 900 117 0.5 7 -1
895 IN 896 899 141 0.5 8 -1
896 IN 897 898 17 0.5 9 -1
897 LN -1 -1 -1 -1 10 0
898 LN -1 -1 -1 -1 10 1
899 LN -1 -1 -1 -1 9 0
900 IN 901 904 18 7.5 8 -1
901 IN 902 903 2 0.5 9 -1
902 LN -1 -1 -1 -1 10 0
903 LN -1 -1 -1 -1 10 1
904 LN -1 -1 -1 -1 9 1
905 LN -1 -1 -1 -1 7 1
906 IN 907 936 86 15.5 3 -1
907 IN 908 925 1 0.5 4 -1
908 IN 909 918 77 0.5 5 -1
909 IN 910 913 106 0.5 6 -1
910 IN 911 912 86 14.0 7 -1
911 LN -1 -1 -1 -1 8 0
912 LN -1 -1 -1 -1 8 0
913 IN 914 917 121 0.5 7 -1
914 IN 915 916 3 950.0 8 -1
915 LN -1 -1 -1 -1 9 1
916 LN -1 -1 -1 -1 9 0
917 LN -1 -1 -1 -1 8 1
918 IN 919 924 29 0.5 6 -1
919 IN 920 921 111 156.0 7 -1
920 LN -1 -1 -1 -1 8 0
921 IN 922 923 83 0.5 8 -1
922 LN -1 -1 -1 -1 9 1
923 LN -1 -1 -1 -1 9 1
924 LN -1 -1 -1 -1 7 0
925 IN 926 935 29 0.5 5 -1
926 IN 927 934 15 0.5 6 -1
927 IN 928 933 121 0.5 7 -1
928 IN 929 930 77 0.5 8 -1
929 LN -1 -1 -1 -1 9 0
930 IN 931 932 58 0.5 9 -1
931 LN -1 -1 -1 -1 10 0
932 LN -1 -1 -1 -1 10 0
933 LN -1 -1 -1 -1 8 1
934 LN -1 -1 -1 -1 7 0
935 LN -1 -1 -1 -1 6 0
936 IN 937 966 97 0.5 4 -1
937 IN 938 965 81 0.5 5 -1
938 IN 939 952 86 24.0 6 -1
939 IN 940 947 76 0.5 7 -1
940 IN 941 944 0 52.5 8 -1
941 IN 942 943 52 0.5 9 -1
942 LN -1 -1 -1 -1 10 1
943 LN -1 -1 -1 -1 10 1
944 IN 945 946 151 3.5 9 -1
945 LN -1 -1 -1 -1 10 1
946 LN -1 -1 -1 -1 10 1
947 IN 948 951 114 0.5 8 -1
948 IN 949 950 151 4.0 9 -1
949 LN -1 -1 -1 -1 10 0
950 LN -1 -1 -1 -1 10 0
951 LN -1 -1 -1 -1 9 0
952 IN 953 960 15 0.5 7 -1
953 IN 954 957 34 0.5 8 -1
954 IN 955 956 18 5.5 9 -1
955 LN -1 -1 -1 -1 10 1
956 LN -1 -1 -1 -1 10 0
957 IN 958 959 14 0.5 9 -1
958 LN -1 -1 -1 -1 10 0
959 LN -1 -1 -1 -1 10 0
960 IN 961 964 36 0.5 8 -1
961 IN 962 963 7 0.5 9 -1
962 LN -1 -1 -1 -1 10 0
963 LN -1 -1 -1 -1 10 1
964 LN -1 -1 -1 -1 9 0
965 LN -1 -1 -1 -1 6 0
966 IN 967 980 57 0.5 5 -1
967 IN 968 979 21 0.5 6 -1
968 IN 969 974 15 0.5 7 -1
969 IN 970 971 3 895.0 8 -1
970 LN -1 -1 -1 -1 9 0
971 IN 972 973 40 0.5 9 -1
972 LN -1 -1 -1 -1 10 0
973 LN -1 -1 -1 -1 10 0
974 IN 975 978 149 0.5 8 -1
975 IN 976 977 118 0.5 9 -1
976 LN -1 -1 -1 -1 10 0
977 LN -1 -1 -1 -1 10 1
978 LN -1 -1 -1 -1 9 0
979 LN -1 -1 -1 -1 7 0
980 IN 981 992 28 0.5 6 -1
981 IN 982 985 105 0.5 7 -1
982 IN 983 984 36 0.5 8 -1
983 LN -1 -1 -1 -1 9 0
984 LN -1 -1 -1 -1 9 1
985 IN 986 989 24 0.5 8 -1
986 IN 987 988 64 0.5 9 -1
987 LN -1 -1 -1 -1 10 0
988 LN -1 -1 -1 -1 10 1
989 IN 990 991 90 0.5 9 -1
990 LN -1 -1 -1 -1 10 0
991 LN -1 -1 -1 -1 10 1
992 IN 993 994 0 66.5 7 -1
993 LN -1 -1 -1 -1 8 0
994 LN -1 -1 -1 -1 8 1
